
2026-07-21 07:21:00.478  DEBUG  --- [  XNIO-1 task-2] c.k.o.s.OkapiAuthenticationFilter        : Set SecurityContextHolder to OkapiAuthenticationToken [Principal=com.k_int.okapi.springsecurity.OkapiAuthenticationToken$OkapiUserDetails@43a338c8, Credentials=[PROTECTED], Authenticated=true, Details=null, Granted Authorities=[]]
2026-07-21 07:21:00.481   INFO  --- [  XNIO-1 task-2] c.k.o.s.OkapiAuthenticationFilter        : OKAPI User added to security context OkapiAuthenticationToken [Principal=com.k_int.okapi.springsecurity.OkapiAuthenticationToken$OkapiUserDetails@43a338c8, Credentials=[PROTECTED], Authenticated=true, Details=null, Granted Authorities=[]]
2026-07-21 07:21:00.523  DEBUG  --- [  XNIO-1 task-2] com.k_int.okapi.OkapiTenantAdminService  : See if we already have a datastore for r13a_mod_service_interaction
2026-07-21 07:21:00.523  DEBUG  --- [  XNIO-1 task-2] com.k_int.okapi.OkapiTenantAdminService  : New tenant create schema (r13a/r13a_mod_service_interaction)
2026-07-21 07:21:00.529  DEBUG  --- [  XNIO-1 task-2] com.k_int.okapi.OkapiTenantAdminService  : Execute -- create schema (if not exists) r13a_mod_service_interaction
2026-07-21 07:21:00.532  DEBUG  --- [  XNIO-1 task-2] com.k_int.okapi.OkapiTenantAdminService  : Run migrations against schema
2026-07-21 07:21:00.535  DEBUG  --- [  XNIO-1 task-2] com.k_int.okapi.OkapiTenantAdminService  : updateTenantSchema(r13a_mod_service_interaction,r13a)
Running Changeset: setup-refdata.groovy::202012101256-001::efreestone (manual)
Running Changeset: setup-refdata.groovy::202012101256-002::efreestone (manual)
Running Changeset: setup-refdata.groovy::202012101256-003::efreestone (manual)
Running Changeset: setup-refdata.groovy::202012101256-004::efreestone (manual)
Running Changeset: setup-refdata.groovy::202012101256-005::efreestone (manual)
Running Changeset: setup-refdata.groovy::202012101256-006::efreestone (manual)
Running Changeset: setup-refdata.groovy::202012101256-007::efreestone (manual)
Running Changeset: setup-refdata.groovy::202106021259-001::ianibbo (manual)
Running Changeset: setup-custom-properties.groovy::202012101335-001::efreestone (manual)
Running Changeset: setup-custom-properties.groovy::202012101335-002::efreestone (manual)
Running Changeset: setup-custom-properties.groovy::202012101335-003::efreestone (manual)
Running Changeset: setup-custom-properties.groovy::202012101335-004::efreestone (manual)
Running Changeset: setup-custom-properties.groovy::202012101335-005::efreestone (manual)
Running Changeset: setup-custom-properties.groovy::202012101335-006::efreestone (manual)
Running Changeset: setup-custom-properties.groovy::202012101335-007::efreestone (manual)
Running Changeset: setup-custom-properties.groovy::202012101335-008::efreestone (manual)
Running Changeset: setup-custom-properties.groovy::202012101335-009::efreestone (manual)
Running Changeset: setup-custom-properties.groovy::202012101335-010::efreestone (manual)
Running Changeset: setup-custom-properties.groovy::202012101335-011::efreestone (manual)
Running Changeset: setup-custom-properties.groovy::202012101335-012::efreestone (manual)
Running Changeset: setup-custom-properties.groovy::202012101335-013::efreestone (manual)
Running Changeset: setup-custom-properties.groovy::202012101335-014::efreestone (manual)
Running Changeset: setup-custom-properties.groovy::202012101335-015::efreestone (manual)
Running Changeset: setup-custom-properties.groovy::202012101335-016::efreestone (manual)
Running Changeset: setup-custom-properties.groovy::202012101335-017::efreestone (manual)
Running Changeset: setup-custom-properties.groovy::202012101335-018::efreestone (manual)
Running Changeset: setup-custom-properties.groovy::202012101335-019::efreestone (manual)
Running Changeset: setup-custom-properties.groovy::202012101335-020::efreestone (manual)
Running Changeset: setup-custom-properties.groovy::202012101335-021::efreestone (manual)
Running Changeset: setup-custom-properties.groovy::202012101335-022::efreestone (manual)
Running Changeset: setup-custom-properties.groovy::202012101335-023::efreestone (manual)
Running Changeset: setup-custom-properties.groovy::202012101335-024::efreestone (manual)
Running Changeset: setup-custom-properties.groovy::202012101341-1::efreestone (manual)
Running Changeset: setup-custom-properties.groovy::202012101341-2::efreestone (manual)
Running Changeset: setup-custom-properties.groovy::202012101341-3::efreestone (manual)
Running Changeset: setup-custom-properties.groovy::202012101341-4::efreestone (manual)
Running Changeset: setup-custom-properties.groovy::202012101341-5::efreestone (manual)
Running Changeset: setup-custom-properties.groovy::202012101341-6::efreestone (manual)
Running Changeset: setup-custom-properties.groovy::202012101341-7::efreestone (manual)
Running Changeset: setup-custom-properties.groovy::202012101341-8::efreestone (manual)
Running Changeset: setup-custom-properties.groovy::202012101341-9::efreestone (manual)
Running Changeset: setup-custom-properties.groovy::202012101341-10::efreestone (manual)
Running Changeset: setup-custom-properties.groovy::202012101341-11::efreestone (manual)
Running Changeset: setup-app-settings.groovy::202012101426-1::efreestone (manual)
Running Changeset: create-mod-service-interaction.groovy::051220201808-001::ianibbo (manual)
Running Changeset: initial-model.groovy::2021-02-01-1350-001::efreestone (manual)
Running Changeset: initial-model.groovy::2021-02-01-1350-002::efreestone (manual)
Running Changeset: initial-model.groovy::2021-02-01-1350-003::efreestone (manual)
Running Changeset: initial-model.groovy::2021-02-01-1350-004::efreestone (manual)
Running Changeset: initial-model.groovy::2021-02-01-1350-005::efreestone (manual)
Running Changeset: initial-model.groovy::2021-02-02-1611-001::efreestone (manual)
Running Changeset: initial-model.groovy::2021-02-02-1611-002::efreestone (manual)
Running Changeset: initial-model.groovy::2021-02-02-1611-003::efreestone (manual)
Running Changeset: initial-model.groovy::2021-02-02-1611-004::efreestone (manual)
Running Changeset: initial-model.groovy::2021-02-08-1131-001::efreestone (manual)
Running Changeset: initial-model.groovy::2021-02-08-1131-002::efreestone (manual)
Running Changeset: initial-model.groovy::2021-02-08-1131-004::efreestone (manual)
Running Changeset: initial-model.groovy::2021-03-08-1243-001::efreestone (manual)
Running Changeset: initial-model.groovy::2021-04-14-1228-001::efreestone (manual)
Running Changeset: number-generator-model.groovy::2022-05-02-1007-001::ianibbo (manual)
Running Changeset: number-generator-model.groovy::2022-06-15-0811-001::ianibbo (manual)
Running Changeset: number-generator-model.groovy::2022-06-29-0843-001::ianibbo (manual)
Running Changeset: number-generator-model.groovy::2022-07-21-0758-001::ianibbo (manual)
Running Changeset: number-generator-model.groovy::2022-10-13-1355-001::efreestone (manual)
Running Changeset: number-generator-model.groovy::2024-09-26-1816-001::efreestone (manual)
Running Changeset: service-interaction-1-3.groovy::2022-08-10-1238-001::efreestone (manual)
Running Changeset: service-interaction-1-3.groovy::2022-08-22-1638-001::efreestone (manual)
Running Changeset: service-interaction-1-3.groovy::2022-08-11-1021-001::efreestone (manual)
Running Changeset: service-interaction-1-3.groovy::2022-08-11-1021-002::efreestone (manual)
Running Changeset: service-interaction-1-3.groovy::2022-08-11-1021-003::efreestone (manual)
Running Changeset: service-interaction-1-3.groovy::2022-08-11-1021-004::ethanfreestone (manual)
Running Changeset: service-interaction-1-3.groovy::2022-08-11-1021-005::ethanfreestone (manual)
Running Changeset: service-interaction-1-3.groovy::2022-08-11-1021-006::efreestone (manual)
Running Changeset: service-interaction-1-3.groovy::2022-08-11-1021-007::sosguthorpe (generated)
Running Changeset: service-interaction-1-3.groovy::2022-09-07-1553-001::efreestone (manual)
Running Changeset: wtk/multi-value-custprops.feat.groovy::1654077379849-21::sosguthorpe
Running Changeset: wtk/multi-value-custprops.feat.groovy::1654077379849-22::sosguthorpe
Running Changeset: wtk/multi-value-custprops.feat.groovy::1654077379849-24::sosguthorpe
Running Changeset: wtk/multi-value-custprops.feat.groovy::1654077379849-26::sosguthorpe
Running Changeset: wtk/multi-value-custprops.feat.groovy::1654077379849-28::sosguthorpe
Running Changeset: wtk/multi-value-custprops.feat.groovy::1654077379849-30::sosguthorpe
Running Changeset: wtk/hidden-appsetting.feat.groovy::20220915120000-001::chas
Running Changeset: service-interaction-2-2.groovy::2023-02-16-1519-001::efreestone (manual)
Running Changeset: service-interaction-2-2.groovy::2023-02-16-1519-002::efreestone (manual)
Running Changeset: service-interaction-2-2.groovy::2023-02-16-1519-003::efreestone (manual)
Running Changeset: service-interaction-2-2.groovy::2023-02-16-1448-001::efreestone (manual)
Running Changeset: service-interaction-2-2.groovy::2023-02-16-1448-002::efreestone (manual)
Running Changeset: service-interaction-2-2.groovy::2023-02-16-1448-003::efreestone (manual)
Running Changeset: service-interaction-2-2.groovy::2023-02-16-1448-004::efreestone (manual)
Running Changeset: service-interaction-3-0.groovy::2023-08-17-1207-001::efreestone (manual)
Running Changeset: service-interaction-3-0.groovy::2023-08-17-1207-002::efreestone (manual)
Running Changeset: service-interaction-3-1.groovy::2023-12-08-1010-001::efreestone (manual)
Running Changeset: service-interaction-3-1.groovy::2023-12-08-1010-002::efreestone (manual)
Running Changeset: service-interaction-3-1.groovy::2023-12-08-1010-003::efreestone (manual)
Running Changeset: service-interaction-3-1.groovy::2023-12-08-1010-004::efreestone (manual)
Running Changeset: service-interaction-3-1.groovy::2023-12-08-1010-005::efreestone (manual)
Running Changeset: service-interaction-3-1.groovy::2023-12-08-1010-006::efreestone (manual)
Running Changeset: service-interaction-4-3.groovy::2025-11-15-0903-001::ian (manual)
Running Changeset: number-generator-year-reset.groovy::2026-06-22-0940-001::laemmer (manual)
2026-07-21 07:21:02.168  DEBUG  --- [  XNIO-1 task-2] com.k_int.okapi.OkapiTenantAdminService  : Tagging schema with 4.4.0
2026-07-21 07:21:02.306  DEBUG  --- [  XNIO-1 task-2] com.k_int.okapi.OkapiTenantAdminService  : Database migration completed
2026-07-21 07:21:02.306  DEBUG  --- [  XNIO-1 task-2] com.k_int.okapi.OkapiTenantAdminService  : added schema
2026-07-21 07:21:02.329  DEBUG  --- [  XNIO-1 task-2] com.k_int.okapi.OkapiTenantAdminService  : ensureDatasource for r13a_mod_service_interaction
2026-07-21 07:21:03.696  DEBUG  --- [  XNIO-1 task-2] c.k.w.t.r.GrailsDomainRefdataHelpers     : Testing class com.k_int.web.toolkit.settings.AppSetting for refData defaults
2026-07-21 07:21:03.697  DEBUG  --- [  XNIO-1 task-2] c.k.w.t.r.GrailsDomainRefdataHelpers     : Testing class com.k_int.web.toolkit.files.S3FileObject for refData defaults
2026-07-21 07:21:03.702  DEBUG  --- [  XNIO-1 task-2] c.k.w.t.r.GrailsDomainRefdataHelpers     : Testing class com.k_int.web.toolkit.files.LOBFileObject for refData defaults
2026-07-21 07:21:03.702  DEBUG  --- [  XNIO-1 task-2] c.k.w.t.r.GrailsDomainRefdataHelpers     : Testing class com.k_int.web.toolkit.custprops.types.CustomPropertyText for refData defaults
2026-07-21 07:21:03.705  DEBUG  --- [  XNIO-1 task-2] c.k.w.t.r.GrailsDomainRefdataHelpers     : Testing class com.k_int.web.toolkit.custprops.types.CustomPropertyRefdataDefinition for refData defaults
2026-07-21 07:21:03.705  DEBUG  --- [  XNIO-1 task-2] c.k.w.t.r.GrailsDomainRefdataHelpers     : Testing class com.k_int.web.toolkit.custprops.types.CustomPropertyRefdata for refData defaults
2026-07-21 07:21:03.709  DEBUG  --- [  XNIO-1 task-2] c.k.w.t.r.GrailsDomainRefdataHelpers     : Testing class com.k_int.web.toolkit.custprops.types.CustomPropertyMultiText for refData defaults
2026-07-21 07:21:03.709  DEBUG  --- [  XNIO-1 task-2] c.k.w.t.r.GrailsDomainRefdataHelpers     : Testing class com.k_int.web.toolkit.custprops.types.CustomPropertyMultiRefdata for refData defaults
2026-07-21 07:21:03.711  DEBUG  --- [  XNIO-1 task-2] c.k.w.t.r.GrailsDomainRefdataHelpers     :   Found property value that has compatible type
2026-07-21 07:21:03.711  DEBUG  --- [  XNIO-1 task-2] c.k.w.t.r.GrailsDomainRefdataHelpers     :   Category: CustomPropertyMultiRefdata.Value (none-internal if not present)
2026-07-21 07:21:03.712  DEBUG  --- [  XNIO-1 task-2] c.k.w.t.r.GrailsDomainRefdataHelpers     : Testing class com.k_int.web.toolkit.custprops.types.CustomPropertyMultiLocalDate for refData defaults
2026-07-21 07:21:03.712  DEBUG  --- [  XNIO-1 task-2] c.k.w.t.r.GrailsDomainRefdataHelpers     : Testing class com.k_int.web.toolkit.custprops.types.CustomPropertyMultiInteger for refData defaults
2026-07-21 07:21:03.712  DEBUG  --- [  XNIO-1 task-2] c.k.w.t.r.GrailsDomainRefdataHelpers     : Testing class com.k_int.web.toolkit.custprops.types.CustomPropertyMultiDecimal for refData defaults
2026-07-21 07:21:03.712  DEBUG  --- [  XNIO-1 task-2] c.k.w.t.r.GrailsDomainRefdataHelpers     : Testing class com.k_int.web.toolkit.custprops.types.CustomPropertyMultiBlob for refData defaults
2026-07-21 07:21:03.712  DEBUG  --- [  XNIO-1 task-2] c.k.w.t.r.GrailsDomainRefdataHelpers     : Testing class com.k_int.web.toolkit.custprops.types.CustomPropertyLocalDate for refData defaults
2026-07-21 07:21:03.712  DEBUG  --- [  XNIO-1 task-2] c.k.w.t.r.GrailsDomainRefdataHelpers     : Testing class com.k_int.web.toolkit.custprops.types.CustomPropertyInteger for refData defaults
2026-07-21 07:21:03.712  DEBUG  --- [  XNIO-1 task-2] c.k.w.t.r.GrailsDomainRefdataHelpers     : Testing class com.k_int.web.toolkit.custprops.types.CustomPropertyDecimal for refData defaults
2026-07-21 07:21:03.712  DEBUG  --- [  XNIO-1 task-2] c.k.w.t.r.GrailsDomainRefdataHelpers     : Testing class com.k_int.web.toolkit.custprops.types.CustomPropertyContainer for refData defaults
2026-07-21 07:21:03.712  DEBUG  --- [  XNIO-1 task-2] c.k.w.t.r.GrailsDomainRefdataHelpers     : Testing class com.k_int.web.toolkit.custprops.types.CustomPropertyBoolean for refData defaults
2026-07-21 07:21:03.712  DEBUG  --- [  XNIO-1 task-2] c.k.w.t.r.GrailsDomainRefdataHelpers     : Testing class com.k_int.web.toolkit.custprops.types.CustomPropertyBlob for refData defaults
2026-07-21 07:21:03.713  DEBUG  --- [  XNIO-1 task-2] c.k.w.t.r.GrailsDomainRefdataHelpers     : Testing class services.k_int.core.KnownTenant for refData defaults
2026-07-21 07:21:03.713  DEBUG  --- [  XNIO-1 task-2] c.k.w.t.r.GrailsDomainRefdataHelpers     : Testing class services.k_int.core.FederationLock for refData defaults
2026-07-21 07:21:03.713  DEBUG  --- [  XNIO-1 task-2] c.k.w.t.r.GrailsDomainRefdataHelpers     : Testing class services.k_int.core.AppInstance for refData defaults
2026-07-21 07:21:03.713  DEBUG  --- [  XNIO-1 task-2] c.k.w.t.r.GrailsDomainRefdataHelpers     : Testing class org.olf.numgen.NumberGeneratorSequence for refData defaults
2026-07-21 07:21:03.713  DEBUG  --- [  XNIO-1 task-2] c.k.w.t.r.GrailsDomainRefdataHelpers     :   Found property maximumCheck that has compatible type
2026-07-21 07:21:03.713  DEBUG  --- [  XNIO-1 task-2] c.k.w.t.r.GrailsDomainRefdataHelpers     :   Category: NumberGeneratorSequence.MaximumCheck (internal if not present)
2026-07-21 07:21:03.716  DEBUG  --- [  XNIO-1 task-2] c.k.w.t.r.GrailsDomainRefdataHelpers     :   Declared defaults :
2026-07-21 07:21:03.718  DEBUG  --- [  XNIO-1 task-2] c.k.w.t.r.GrailsDomainRefdataHelpers     :     Below threshold
2026-07-21 07:21:03.758  DEBUG  --- [  XNIO-1 task-2] c.k.w.t.r.GrailsDomainRefdataHelpers     :     Over threshold
2026-07-21 07:21:03.786  DEBUG  --- [  XNIO-1 task-2] c.k.w.t.r.GrailsDomainRefdataHelpers     :     At maximum
2026-07-21 07:21:03.800  DEBUG  --- [  XNIO-1 task-2] c.k.w.t.r.GrailsDomainRefdataHelpers     :   Found property checkDigitAlgo that has compatible type
2026-07-21 07:21:03.800  DEBUG  --- [  XNIO-1 task-2] c.k.w.t.r.GrailsDomainRefdataHelpers     :   Category: NumberGeneratorSequence.CheckDigitAlgo (internal if not present)
2026-07-21 07:21:03.800  DEBUG  --- [  XNIO-1 task-2] c.k.w.t.r.GrailsDomainRefdataHelpers     : Testing class org.olf.ExternalUser for refData defaults
2026-07-21 07:21:03.801  DEBUG  --- [  XNIO-1 task-2] c.k.w.t.r.GrailsDomainRefdataHelpers     : Testing class org.olf.Dashboard for refData defaults
2026-07-21 07:21:03.801  DEBUG  --- [  XNIO-1 task-2] c.k.w.t.r.GrailsDomainRefdataHelpers     : Testing class org.olf.DashboardDisplayData for refData defaults
2026-07-21 07:21:03.801  DEBUG  --- [  XNIO-1 task-2] c.k.w.t.r.GrailsDomainRefdataHelpers     : Testing class org.olf.DashboardAccess for refData defaults
2026-07-21 07:21:03.801  DEBUG  --- [  XNIO-1 task-2] c.k.w.t.r.GrailsDomainRefdataHelpers     :   Found property access that has compatible type
2026-07-21 07:21:03.801  DEBUG  --- [  XNIO-1 task-2] c.k.w.t.r.GrailsDomainRefdataHelpers     :   Category: DashboardAccess.Access (internal if not present)
2026-07-21 07:21:03.801  DEBUG  --- [  XNIO-1 task-2] c.k.w.t.r.GrailsDomainRefdataHelpers     :   Declared defaults :
2026-07-21 07:21:03.801  DEBUG  --- [  XNIO-1 task-2] c.k.w.t.r.GrailsDomainRefdataHelpers     :     Manage
2026-07-21 07:21:03.808  DEBUG  --- [  XNIO-1 task-2] c.k.w.t.r.GrailsDomainRefdataHelpers     :     Edit
2026-07-21 07:21:03.819  DEBUG  --- [  XNIO-1 task-2] c.k.w.t.r.GrailsDomainRefdataHelpers     :     View
2026-07-21 07:21:03.833  DEBUG  --- [  XNIO-1 task-2] c.k.w.t.r.GrailsDomainRefdataHelpers     : Testing class org.olf.rfc8693.DBKeyPair for refData defaults
2026-07-21 07:21:03.834  DEBUG  --- [  XNIO-1 task-2] c.k.w.t.r.GrailsDomainRefdataHelpers     : Testing class org.olf.WidgetDefinition for refData defaults
2026-07-21 07:21:03.834  DEBUG  --- [  XNIO-1 task-2] c.k.w.t.r.GrailsDomainRefdataHelpers     : Testing class org.olf.numgen.NumberGenerator for refData defaults
2026-07-21 07:21:03.834  DEBUG  --- [  XNIO-1 task-2] c.k.w.t.r.GrailsDomainRefdataHelpers     : Testing class org.olf.WidgetInstance for refData defaults
2026-07-21 07:21:03.834  DEBUG  --- [  XNIO-1 task-2] c.k.w.t.r.GrailsDomainRefdataHelpers     : Testing class org.olf.WidgetType for refData defaults
2026-07-21 07:21:03.842  DEBUG  --- [  XNIO-1 task-2] com.k_int.okapi.OkapiTenantAdminService  : enableTenant exit cleanly
2026-07-21 07:21:03.853  DEBUG  --- [pool-1-thread-4] org.olf.HousekeepingService              : ServintHousekeepingService::onLoadReference(r13a,true,false,false,4.4.0,null)
2026-07-21 07:21:03.854  TRACE  --- [pool-1-thread-3] c.k.w.t.t.DefaultTelemetryPublisher      : Posting [{"params":{"configuredTenants":1,"module":"mod-service-interaction","version":"4.4.0"},"event":"UsageUpdate"}] to [https://console-api.hosting.k-int.com/telemetry]
2026-07-21 07:21:03.952  TRACE  --- [pool-1-thread-3] c.k.w.t.t.DefaultTelemetryPublisher      : Response [status: [503], content: [no available server
]]


***Completed tenant setup***
2026-07-21 07:21:08.881  DEBUG  --- [  XNIO-1 task-2] c.k.o.s.OkapiAuthenticationFilter        : Set SecurityContextHolder to OkapiAuthenticationToken [Principal=com.k_int.okapi.springsecurity.OkapiAuthenticationToken$OkapiUserDetails@655902ae, Credentials=[PROTECTED], Authenticated=true, Details=null, Granted Authorities=[]]
2026-07-21 07:21:08.881   INFO  --- [  XNIO-1 task-2] c.k.o.s.OkapiAuthenticationFilter        : OKAPI User added to security context OkapiAuthenticationToken [Principal=com.k_int.okapi.springsecurity.OkapiAuthenticationToken$OkapiUserDetails@655902ae, Credentials=[PROTECTED], Authenticated=true, Details=null, Granted Authorities=[]]
2026-07-21 07:21:08.885  DEBUG  --- [  XNIO-1 task-2] com.k_int.okapi.OkapiTenantAdminService  : checkTenantAndEnsureDatasource
2026-07-21 07:21:08.891  DEBUG  --- [  XNIO-1 task-2] com.k_int.okapi.OkapiTenantAdminService  : Checking to see if r13a is already active
2026-07-21 07:21:08.895  DEBUG  --- [  XNIO-1 task-2] com.k_int.okapi.OkapiTenantAdminService  : ensureDatasource for r13a_mod_service_interaction
2026-07-21 07:21:09.042  DEBUG  --- [  XNIO-1 task-2] org.olf.DashboardController              : DashboardController::getUserSpecificDashboards called for patron (11111111-1111-1111-1111-111111111111) 
2026-07-21 07:21:09.783  DEBUG  --- [  XNIO-1 task-2] c.k.o.s.OkapiAuthenticationFilter        : Set SecurityContextHolder to OkapiAuthenticationToken [Principal=com.k_int.okapi.springsecurity.OkapiAuthenticationToken$OkapiUserDetails@3224e252, Credentials=[PROTECTED], Authenticated=true, Details=null, Granted Authorities=[]]
2026-07-21 07:21:09.783   INFO  --- [  XNIO-1 task-2] c.k.o.s.OkapiAuthenticationFilter        : OKAPI User added to security context OkapiAuthenticationToken [Principal=com.k_int.okapi.springsecurity.OkapiAuthenticationToken$OkapiUserDetails@3224e252, Credentials=[PROTECTED], Authenticated=true, Details=null, Granted Authorities=[]]
2026-07-21 07:21:09.785  DEBUG  --- [  XNIO-1 task-2] com.k_int.okapi.OkapiTenantAdminService  : checkTenantAndEnsureDatasource
2026-07-21 07:21:09.787  DEBUG  --- [  XNIO-1 task-2] com.k_int.okapi.OkapiTenantAdminService  : Checking to see if r13a is already active
2026-07-21 07:21:09.792  DEBUG  --- [  XNIO-1 task-2] com.k_int.okapi.OkapiTenantAdminService  : ensureDatasource for r13a_mod_service_interaction
2026-07-21 07:21:09.793  DEBUG  --- [  XNIO-1 task-2] org.olf.DashboardController              : DashboardController::getUserSpecificDashboards called for patron (22222222-2222-2222-2222-222222222222) 
2026-07-21 07:21:09.857  DEBUG  --- [  XNIO-1 task-2] c.k.o.s.OkapiAuthenticationFilter        : Set SecurityContextHolder to OkapiAuthenticationToken [Principal=com.k_int.okapi.springsecurity.OkapiAuthenticationToken$OkapiUserDetails@50ed56d5, Credentials=[PROTECTED], Authenticated=true, Details=null, Granted Authorities=[]]
2026-07-21 07:21:09.857   INFO  --- [  XNIO-1 task-2] c.k.o.s.OkapiAuthenticationFilter        : OKAPI User added to security context OkapiAuthenticationToken [Principal=com.k_int.okapi.springsecurity.OkapiAuthenticationToken$OkapiUserDetails@50ed56d5, Credentials=[PROTECTED], Authenticated=true, Details=null, Granted Authorities=[]]
2026-07-21 07:21:09.859  DEBUG  --- [  XNIO-1 task-2] com.k_int.okapi.OkapiTenantAdminService  : checkTenantAndEnsureDatasource
2026-07-21 07:21:09.862  DEBUG  --- [  XNIO-1 task-2] com.k_int.okapi.OkapiTenantAdminService  : Checking to see if r13a is already active
2026-07-21 07:21:09.864  DEBUG  --- [  XNIO-1 task-2] com.k_int.okapi.OkapiTenantAdminService  : ensureDatasource for r13a_mod_service_interaction
2026-07-21 07:21:10.085  DEBUG  --- [  XNIO-1 task-2] c.k.o.s.OkapiAuthenticationFilter        : Set SecurityContextHolder to OkapiAuthenticationToken [Principal=com.k_int.okapi.springsecurity.OkapiAuthenticationToken$OkapiUserDetails@4e16705, Credentials=[PROTECTED], Authenticated=true, Details=null, Granted Authorities=[]]
2026-07-21 07:21:10.086   INFO  --- [  XNIO-1 task-2] c.k.o.s.OkapiAuthenticationFilter        : OKAPI User added to security context OkapiAuthenticationToken [Principal=com.k_int.okapi.springsecurity.OkapiAuthenticationToken$OkapiUserDetails@4e16705, Credentials=[PROTECTED], Authenticated=true, Details=null, Granted Authorities=[]]
2026-07-21 07:21:10.087  DEBUG  --- [  XNIO-1 task-2] com.k_int.okapi.OkapiTenantAdminService  : checkTenantAndEnsureDatasource
2026-07-21 07:21:10.089  DEBUG  --- [  XNIO-1 task-2] com.k_int.okapi.OkapiTenantAdminService  : Checking to see if r13a is already active
2026-07-21 07:21:10.091  DEBUG  --- [  XNIO-1 task-2] com.k_int.okapi.OkapiTenantAdminService  : ensureDatasource for r13a_mod_service_interaction
2026-07-21 07:21:10.113  DEBUG  --- [  XNIO-1 task-2] org.olf.DashboardService                 : DashboardService::updateAccessToDashboard called for (65988d4e-2190-4ba4-9b7e-bae52f701884) with access [[access:manage, user:[id:11111111-1111-1111-1111-111111111111]], [access:view, user:[id:22222222-2222-2222-2222-222222222222]]]
2026-07-21 07:21:10.128   WARN  --- [  XNIO-1 task-2] org.olf.DashboardService                 : DashboardAccess can not currently be changed for the currently logged in user
2026-07-21 07:21:10.131   WARN  --- [  XNIO-1 task-2] org.olf.DashboardService                 : Ignoring DashboardAccess creation request since a DashboardAccess object already exists for this user (11111111-1111-1111-1111-111111111111)
2026-07-21 07:21:10.207  DEBUG  --- [  XNIO-1 task-2] c.k.o.s.OkapiAuthenticationFilter        : Set SecurityContextHolder to OkapiAuthenticationToken [Principal=com.k_int.okapi.springsecurity.OkapiAuthenticationToken$OkapiUserDetails@2ca2253e, Credentials=[PROTECTED], Authenticated=true, Details=null, Granted Authorities=[]]
2026-07-21 07:21:10.208   INFO  --- [  XNIO-1 task-2] c.k.o.s.OkapiAuthenticationFilter        : OKAPI User added to security context OkapiAuthenticationToken [Principal=com.k_int.okapi.springsecurity.OkapiAuthenticationToken$OkapiUserDetails@2ca2253e, Credentials=[PROTECTED], Authenticated=true, Details=null, Granted Authorities=[]]
2026-07-21 07:21:10.211  DEBUG  --- [  XNIO-1 task-2] com.k_int.okapi.OkapiTenantAdminService  : checkTenantAndEnsureDatasource
2026-07-21 07:21:10.213  DEBUG  --- [  XNIO-1 task-2] com.k_int.okapi.OkapiTenantAdminService  : Checking to see if r13a is already active
2026-07-21 07:21:10.215  DEBUG  --- [  XNIO-1 task-2] com.k_int.okapi.OkapiTenantAdminService  : ensureDatasource for r13a_mod_service_interaction
2026-07-21 07:21:10.235  DEBUG  --- [  XNIO-1 task-2] org.olf.AdminController                  : AdminController::triggerTypeImport
2026-07-21 07:21:10.235   INFO  --- [  XNIO-1 task-2] org.olf.UtilityService                   : UtilityService::TriggerTypeImport
2026-07-21 07:21:10.235   INFO  --- [  XNIO-1 task-2] org.olf.UtilityService                   : Importing widget types
2026-07-21 07:21:10.263  DEBUG  --- [  XNIO-1 task-2] c.k.o.s.OkapiAuthenticationFilter        : Set SecurityContextHolder to OkapiAuthenticationToken [Principal=com.k_int.okapi.springsecurity.OkapiAuthenticationToken$OkapiUserDetails@3b6e0105, Credentials=[PROTECTED], Authenticated=true, Details=null, Granted Authorities=[]]
2026-07-21 07:21:10.263   INFO  --- [  XNIO-1 task-2] c.k.o.s.OkapiAuthenticationFilter        : OKAPI User added to security context OkapiAuthenticationToken [Principal=com.k_int.okapi.springsecurity.OkapiAuthenticationToken$OkapiUserDetails@3b6e0105, Credentials=[PROTECTED], Authenticated=true, Details=null, Granted Authorities=[]]
2026-07-21 07:21:10.265  DEBUG  --- [  XNIO-1 task-2] com.k_int.okapi.OkapiTenantAdminService  : checkTenantAndEnsureDatasource
2026-07-21 07:21:10.267  DEBUG  --- [  XNIO-1 task-2] com.k_int.okapi.OkapiTenantAdminService  : Checking to see if r13a is already active
2026-07-21 07:21:10.269  DEBUG  --- [  XNIO-1 task-2] com.k_int.okapi.OkapiTenantAdminService  : ensureDatasource for r13a_mod_service_interaction
2026-07-21 07:21:10.355  DEBUG  --- [  XNIO-1 task-2] c.k_int.web.toolkit.SimpleLookupService  : Looking for property name
2026-07-21 07:21:10.393  DEBUG  --- [  XNIO-1 task-2] c.k_int.web.toolkit.SimpleLookupService  : Sort on name asc.
2026-07-21 07:21:10.583  DEBUG  --- [  XNIO-1 task-2] c.k.o.s.OkapiAuthenticationFilter        : Set SecurityContextHolder to OkapiAuthenticationToken [Principal=com.k_int.okapi.springsecurity.OkapiAuthenticationToken$OkapiUserDetails@24275f86, Credentials=[PROTECTED], Authenticated=true, Details=null, Granted Authorities=[]]
2026-07-21 07:21:10.583   INFO  --- [  XNIO-1 task-2] c.k.o.s.OkapiAuthenticationFilter        : OKAPI User added to security context OkapiAuthenticationToken [Principal=com.k_int.okapi.springsecurity.OkapiAuthenticationToken$OkapiUserDetails@24275f86, Credentials=[PROTECTED], Authenticated=true, Details=null, Granted Authorities=[]]
2026-07-21 07:21:10.584  DEBUG  --- [  XNIO-1 task-2] com.k_int.okapi.OkapiTenantAdminService  : checkTenantAndEnsureDatasource
2026-07-21 07:21:10.586  DEBUG  --- [  XNIO-1 task-2] com.k_int.okapi.OkapiTenantAdminService  : Checking to see if r13a is already active
2026-07-21 07:21:10.588  DEBUG  --- [  XNIO-1 task-2] com.k_int.okapi.OkapiTenantAdminService  : ensureDatasource for r13a_mod_service_interaction
2026-07-21 07:21:10.809  DEBUG  --- [  XNIO-1 task-2] c.k.o.s.OkapiAuthenticationFilter        : Set SecurityContextHolder to OkapiAuthenticationToken [Principal=com.k_int.okapi.springsecurity.OkapiAuthenticationToken$OkapiUserDetails@1b10dedf, Credentials=[PROTECTED], Authenticated=true, Details=null, Granted Authorities=[]]
2026-07-21 07:21:10.810   INFO  --- [  XNIO-1 task-2] c.k.o.s.OkapiAuthenticationFilter        : OKAPI User added to security context OkapiAuthenticationToken [Principal=com.k_int.okapi.springsecurity.OkapiAuthenticationToken$OkapiUserDetails@1b10dedf, Credentials=[PROTECTED], Authenticated=true, Details=null, Granted Authorities=[]]
2026-07-21 07:21:10.811  DEBUG  --- [  XNIO-1 task-2] com.k_int.okapi.OkapiTenantAdminService  : checkTenantAndEnsureDatasource
2026-07-21 07:21:10.813  DEBUG  --- [  XNIO-1 task-2] com.k_int.okapi.OkapiTenantAdminService  : Checking to see if r13a is already active
2026-07-21 07:21:10.815  DEBUG  --- [  XNIO-1 task-2] com.k_int.okapi.OkapiTenantAdminService  : ensureDatasource for r13a_mod_service_interaction
2026-07-21 07:21:10.984   INFO  --- [  XNIO-1 task-2] c.k_int.web.toolkit.SimpleLookupService  : Parse tree: (filters (filter_expr (standard_expr name (operator ==) (value_exp m4 - def))) <EOF>)
2026-07-21 07:21:11.002   INFO  --- [  XNIO-1 task-2] c.k_int.web.toolkit.SimpleLookupService  : Begin parsing filters
2026-07-21 07:21:11.007  DEBUG  --- [  XNIO-1 task-2] com.k_int.web.toolkit.utils.DomainUtils  : Returning org.olf.WidgetDefinition:name from cache.
2026-07-21 07:21:11.008  DEBUG  --- [  XNIO-1 task-2] c.k_int.web.toolkit.SimpleLookupService  : Looking for property name
2026-07-21 07:21:11.008  DEBUG  --- [  XNIO-1 task-2] c.k_int.web.toolkit.SimpleLookupService  : equality filter
2026-07-21 07:21:11.008   INFO  --- [  XNIO-1 task-2] c.k_int.web.toolkit.SimpleLookupService  : Finished parsing filters
2026-07-21 07:21:11.069  DEBUG  --- [  XNIO-1 task-2] c.k.o.s.OkapiAuthenticationFilter        : Set SecurityContextHolder to OkapiAuthenticationToken [Principal=com.k_int.okapi.springsecurity.OkapiAuthenticationToken$OkapiUserDetails@33d19439, Credentials=[PROTECTED], Authenticated=true, Details=null, Granted Authorities=[]]
2026-07-21 07:21:11.069   INFO  --- [  XNIO-1 task-2] c.k.o.s.OkapiAuthenticationFilter        : OKAPI User added to security context OkapiAuthenticationToken [Principal=com.k_int.okapi.springsecurity.OkapiAuthenticationToken$OkapiUserDetails@33d19439, Credentials=[PROTECTED], Authenticated=true, Details=null, Granted Authorities=[]]
2026-07-21 07:21:11.070  DEBUG  --- [  XNIO-1 task-2] com.k_int.okapi.OkapiTenantAdminService  : checkTenantAndEnsureDatasource
2026-07-21 07:21:11.072  DEBUG  --- [  XNIO-1 task-2] com.k_int.okapi.OkapiTenantAdminService  : Checking to see if r13a is already active
2026-07-21 07:21:11.074  DEBUG  --- [  XNIO-1 task-2] com.k_int.okapi.OkapiTenantAdminService  : ensureDatasource for r13a_mod_service_interaction
2026-07-21 07:21:11.178  ERROR  --- [  XNIO-1 task-2] StackTrace                               : Full Stack Trace:

grails.views.ViewException: Error rendering view: No message found under code 'unique' for locale 'en_US'.
	at grails.views.AbstractWritableScript.writeTo(AbstractWritableScript.groovy:46)
	at grails.views.mvc.GenericGroovyTemplateView.renderMergedOutputModel(GenericGroovyTemplateView.groovy:73)
	at org.springframework.web.servlet.view.AbstractView.render(AbstractView.java:316)
	at grails.plugin.json.renderer.AbstractJsonViewContainerRenderer.render(AbstractJsonViewContainerRenderer.groovy:51)
	at grails.artefact.controller.RestResponder$Trait$Helper.internalRespond(RestResponder.groovy:215)
	at grails.artefact.controller.RestResponder$Trait$Helper.respond(RestResponder.groovy:82)
	at grails.artefact.controller.RestResponder$Trait$Helper$respond$3.call(Unknown Source)
	at org.codehaus.groovy.runtime.callsite.CallSiteArray.defaultCall(CallSiteArray.java:47)
	at org.codehaus.groovy.runtime.callsite.AbstractCallSite.call(AbstractCallSite.java:125)
	at org.codehaus.groovy.runtime.callsite.AbstractCallSite.call(AbstractCallSite.java:157)
	at org.olf.WidgetDefinitionController.respond(WidgetDefinitionController.groovy)
	at com.k_int.okapi.OkapiTenantAwareController$respond$2.callCurrent(Unknown Source)
	at org.codehaus.groovy.runtime.callsite.CallSiteArray.defaultCallCurrent(CallSiteArray.java:51)
	at org.codehaus.groovy.runtime.callsite.AbstractCallSite.callCurrent(AbstractCallSite.java:171)
	at org.codehaus.groovy.runtime.callsite.AbstractCallSite.callCurrent(AbstractCallSite.java:194)
	at grails.rest.RestfulController.$tt__save(RestfulController.groovy:98)
	at java.base/jdk.internal.reflect.NativeMethodAccessorImpl.invoke0(Native Method)
	at java.base/jdk.internal.reflect.NativeMethodAccessorImpl.invoke(NativeMethodAccessorImpl.java:77)
	at java.base/jdk.internal.reflect.DelegatingMethodAccessorImpl.invoke(DelegatingMethodAccessorImpl.java:43)
	at java.base/java.lang.reflect.Method.invoke(Method.java:569)
	at org.codehaus.groovy.reflection.CachedMethod.invoke(CachedMethod.java:107)
	at groovy.lang.MetaMethod.doMethodInvoke(MetaMethod.java:323)
	at groovy.lang.MetaClassImpl.invokeMethod(MetaClassImpl.java:1254)
	at groovy.lang.MetaClassImpl.invokeMethod(MetaClassImpl.java:1030)
	at org.codehaus.groovy.runtime.InvokerHelper.invokePogoMethod(InvokerHelper.java:1059)
	at org.codehaus.groovy.runtime.InvokerHelper.invokeMethod(InvokerHelper.java:1042)
	at org.codehaus.groovy.runtime.InvokerHelper.invokeMethodSafe(InvokerHelper.java:97)
	at grails.rest.RestfulController$_save_closure3.doCall(RestfulController.groovy)
	at java.base/jdk.internal.reflect.NativeMethodAccessorImpl.invoke0(Native Method)
	at java.base/jdk.internal.reflect.NativeMethodAccessorImpl.invoke(NativeMethodAccessorImpl.java:77)
	at java.base/jdk.internal.reflect.DelegatingMethodAccessorImpl.invoke(DelegatingMethodAccessorImpl.java:43)
	at java.base/java.lang.reflect.Method.invoke(Method.java:569)
	at org.codehaus.groovy.reflection.CachedMethod.invoke(CachedMethod.java:107)
	at groovy.lang.MetaMethod.doMethodInvoke(MetaMethod.java:323)
	at org.codehaus.groovy.runtime.metaclass.ClosureMetaClass.invokeMethod(ClosureMetaClass.java:274)
	at groovy.lang.MetaClassImpl.invokeMethod(MetaClassImpl.java:1030)
	at groovy.lang.Closure.call(Closure.java:427)
	at groovy.lang.Closure.call(Closure.java:416)
	at grails.gorm.transactions.GrailsTransactionTemplate$2.doInTransaction(GrailsTransactionTemplate.groovy:94)
	at org.springframework.transaction.support.TransactionTemplate.execute(TransactionTemplate.java:140)
	at grails.gorm.transactions.GrailsTransactionTemplate.execute(GrailsTransactionTemplate.groovy:91)
	at grails.rest.RestfulController.save(RestfulController.groovy)
	at com.k_int.web.toolkit.rest.TenantAwareRestfulController.super$2$save(TenantAwareRestfulController.groovy)
	at java.base/jdk.internal.reflect.NativeMethodAccessorImpl.invoke0(Native Method)
	at java.base/jdk.internal.reflect.NativeMethodAccessorImpl.invoke(NativeMethodAccessorImpl.java:77)
	at java.base/jdk.internal.reflect.DelegatingMethodAccessorImpl.invoke(DelegatingMethodAccessorImpl.java:43)
	at java.base/java.lang.reflect.Method.invoke(Method.java:569)
	at org.codehaus.groovy.reflection.CachedMethod.invoke(CachedMethod.java:107)
	at groovy.lang.MetaMethod.doMethodInvoke(MetaMethod.java:323)
	at groovy.lang.MetaClassImpl.invokeMethod(MetaClassImpl.java:1254)
	at org.codehaus.groovy.runtime.ScriptBytecodeAdapter.invokeMethodOnSuperN(ScriptBytecodeAdapter.java:144)
	at org.codehaus.groovy.runtime.ScriptBytecodeAdapter.invokeMethodOnSuper0(ScriptBytecodeAdapter.java:164)
	at com.k_int.web.toolkit.rest.TenantAwareRestfulController.$tt__tenantAwareRestfulController_save(TenantAwareRestfulController.groovy:42)
	at com.k_int.web.toolkit.rest.TenantAwareRestfulController$__mt__tenantAwareRestfulController_save_closure13.doCall(TenantAwareRestfulController.groovy)
	at java.base/jdk.internal.reflect.NativeMethodAccessorImpl.invoke0(Native Method)
	at java.base/jdk.internal.reflect.NativeMethodAccessorImpl.invoke(NativeMethodAccessorImpl.java:77)
	at java.base/jdk.internal.reflect.DelegatingMethodAccessorImpl.invoke(DelegatingMethodAccessorImpl.java:43)
	at java.base/java.lang.reflect.Method.invoke(Method.java:569)
	at org.codehaus.groovy.reflection.CachedMethod.invoke(CachedMethod.java:107)
	at groovy.lang.MetaMethod.doMethodInvoke(MetaMethod.java:323)
	at org.codehaus.groovy.runtime.metaclass.ClosureMetaClass.invokeMethod(ClosureMetaClass.java:274)
	at groovy.lang.MetaClassImpl.invokeMethod(MetaClassImpl.java:1030)
	at groovy.lang.Closure.call(Closure.java:427)
	at groovy.lang.Closure.call(Closure.java:416)
	at grails.gorm.transactions.GrailsTransactionTemplate$2.doInTransaction(GrailsTransactionTemplate.groovy:94)
	at org.springframework.transaction.support.TransactionTemplate.execute(TransactionTemplate.java:140)
	at grails.gorm.transactions.GrailsTransactionTemplate.execute(GrailsTransactionTemplate.groovy:91)
	at com.k_int.web.toolkit.rest.TenantAwareRestfulController.$mt__tenantAwareRestfulController_save(TenantAwareRestfulController.groovy)
	at java.base/jdk.internal.reflect.NativeMethodAccessorImpl.invoke0(Native Method)
	at java.base/jdk.internal.reflect.NativeMethodAccessorImpl.invoke(NativeMethodAccessorImpl.java:77)
	at java.base/jdk.internal.reflect.DelegatingMethodAccessorImpl.invoke(DelegatingMethodAccessorImpl.java:43)
	at java.base/java.lang.reflect.Method.invoke(Method.java:569)
	at org.codehaus.groovy.reflection.CachedMethod.invoke(CachedMethod.java:107)
	at groovy.lang.MetaMethod.doMethodInvoke(MetaMethod.java:323)
	at groovy.lang.MetaClassImpl.invokeMethod(MetaClassImpl.java:1254)
	at groovy.lang.MetaClassImpl.invokeMethod(MetaClassImpl.java:1030)
	at org.codehaus.groovy.runtime.InvokerHelper.invokePogoMethod(InvokerHelper.java:1059)
	at org.codehaus.groovy.runtime.InvokerHelper.invokeMethod(InvokerHelper.java:1042)
	at org.codehaus.groovy.runtime.InvokerHelper.invokeMethodSafe(InvokerHelper.java:97)
	at com.k_int.web.toolkit.rest.TenantAwareRestfulController$_save_closure4.doCall(TenantAwareRestfulController.groovy)
	at java.base/jdk.internal.reflect.NativeMethodAccessorImpl.invoke0(Native Method)
	at java.base/jdk.internal.reflect.NativeMethodAccessorImpl.invoke(NativeMethodAccessorImpl.java:77)
	at java.base/jdk.internal.reflect.DelegatingMethodAccessorImpl.invoke(DelegatingMethodAccessorImpl.java:43)
	at java.base/java.lang.reflect.Method.invoke(Method.java:569)
	at org.codehaus.groovy.reflection.CachedMethod.invoke(CachedMethod.java:107)
	at groovy.lang.MetaMethod.doMethodInvoke(MetaMethod.java:323)
	at org.codehaus.groovy.runtime.metaclass.ClosureMetaClass.invokeMethod(ClosureMetaClass.java:274)
	at groovy.lang.MetaClassImpl.invokeMethod(MetaClassImpl.java:1030)
	at groovy.lang.Closure.call(Closure.java:427)
	at groovy.lang.Closure.call(Closure.java:416)
	at grails.gorm.multitenancy.Tenants$_withId_closure2$_closure6.doCall(Tenants.groovy:265)
	at grails.gorm.multitenancy.Tenants$_withId_closure2$_closure6.call(Tenants.groovy)
	at org.grails.orm.hibernate.GrailsHibernateTemplate.doExecute(GrailsHibernateTemplate.java:297)
	at org.grails.orm.hibernate.GrailsHibernateTemplate.execute(GrailsHibernateTemplate.java:241)
	at org.grails.orm.hibernate.GrailsHibernateTemplate.executeWithNewSession(GrailsHibernateTemplate.java:153)
	at org.grails.orm.hibernate.GrailsHibernateTemplate.executeWithExistingOrCreateNewSession(GrailsHibernateTemplate.java:207)
	at org.grails.orm.hibernate.AbstractHibernateDatastore.withNewSession(AbstractHibernateDatastore.java:369)
	at grails.gorm.multitenancy.Tenants$_withId_closure2.doCall(Tenants.groovy:258)
	at grails.gorm.multitenancy.Tenants$_withId_closure2.call(Tenants.groovy)
	at grails.gorm.multitenancy.Tenants$CurrentTenant.withTenant(Tenants.groovy:358)
	at grails.gorm.multitenancy.Tenants.withId(Tenants.groovy:236)
	at org.grails.datastore.gorm.services.DefaultTenantService.withCurrent(DefaultTenantService.groovy:71)
	at com.k_int.web.toolkit.rest.TenantAwareRestfulController.save(TenantAwareRestfulController.groovy)
	at org.grails.core.DefaultGrailsControllerClass$MethodHandleInvoker.invoke(DefaultGrailsControllerClass.java:223)
	at org.grails.core.DefaultGrailsControllerClass.invoke(DefaultGrailsControllerClass.java:188)
	at org.grails.web.mapping.mvc.UrlMappingsInfoHandlerAdapter.handle(UrlMappingsInfoHandlerAdapter.groovy:90)
	at org.springframework.web.servlet.DispatcherServlet.doDispatch(DispatcherServlet.java:1072)
	at org.springframework.web.servlet.DispatcherServlet.doService(DispatcherServlet.java:965)
	at org.springframework.web.servlet.FrameworkServlet.processRequest(FrameworkServlet.java:1006)
	at org.springframework.web.servlet.FrameworkServlet.doPost(FrameworkServlet.java:909)
	at javax.servlet.http.HttpServlet.service(HttpServlet.java:665)
	at org.springframework.web.servlet.FrameworkServlet.service(FrameworkServlet.java:883)
	at javax.servlet.http.HttpServlet.service(HttpServlet.java:750)
	at io.undertow.servlet.handlers.ServletHandler.handleRequest(ServletHandler.java:74)
	at io.undertow.servlet.handlers.FilterHandler$FilterChainImpl.doFilter(FilterHandler.java:129)
	at org.springframework.security.web.FilterChainProxy$VirtualFilterChain.doFilter(FilterChainProxy.java:352)
	at org.springframework.security.web.access.intercept.FilterSecurityInterceptor.invoke(FilterSecurityInterceptor.java:117)
	at org.springframework.security.web.access.intercept.FilterSecurityInterceptor.doFilter(FilterSecurityInterceptor.java:83)
	at org.springframework.security.web.FilterChainProxy$VirtualFilterChain.doFilter(FilterChainProxy.java:361)
	at org.springframework.security.web.access.ExceptionTranslationFilter.doFilter(ExceptionTranslationFilter.java:126)
	at org.springframework.security.web.access.ExceptionTranslationFilter.doFilter(ExceptionTranslationFilter.java:120)
	at grails.plugin.springsecurity.web.UpdateRequestContextHolderExceptionTranslationFilter.doFilter(UpdateRequestContextHolderExceptionTranslationFilter.groovy:64)
	at org.springframework.security.web.FilterChainProxy$VirtualFilterChain.doFilter(FilterChainProxy.java:361)
	at org.springframework.web.filter.FormContentFilter.doFilterInternal(FormContentFilter.java:93)
	at org.springframework.web.filter.OncePerRequestFilter.doFilter(OncePerRequestFilter.java:117)
	at org.springframework.security.web.FilterChainProxy$VirtualFilterChain.doFilter(FilterChainProxy.java:361)
	at grails.plugin.springsecurity.web.filter.GrailsAnonymousAuthenticationFilter.doFilter(GrailsAnonymousAuthenticationFilter.groovy:52)
	at org.springframework.security.web.FilterChainProxy$VirtualFilterChain.doFilter(FilterChainProxy.java:361)
	at org.springframework.security.web.servletapi.SecurityContextHolderAwareRequestFilter.doFilter(SecurityContextHolderAwareRequestFilter.java:164)
	at org.springframework.security.web.FilterChainProxy$VirtualFilterChain.doFilter(FilterChainProxy.java:361)
	at org.springframework.security.web.authentication.AbstractAuthenticationProcessingFilter.doFilter(AbstractAuthenticationProcessingFilter.java:227)
	at org.springframework.security.web.authentication.AbstractAuthenticationProcessingFilter.doFilter(AbstractAuthenticationProcessingFilter.java:221)
	at org.springframework.security.web.FilterChainProxy$VirtualFilterChain.doFilter(FilterChainProxy.java:361)
	at grails.plugin.springsecurity.web.authentication.logout.MutableLogoutFilter.doFilter(MutableLogoutFilter.groovy:62)
	at org.springframework.security.web.FilterChainProxy$VirtualFilterChain.doFilter(FilterChainProxy.java:361)
	at grails.plugin.springsecurity.web.SecurityRequestHolderFilter.doFilter(SecurityRequestHolderFilter.groovy:58)
	at org.springframework.security.web.FilterChainProxy$VirtualFilterChain.doFilter(FilterChainProxy.java:361)
	at javax.servlet.FilterChain$doFilter.call(Unknown Source)
	at com.k_int.okapi.springsecurity.OkapiAuthenticationFilter.successfulAuthentication(OkapiAuthenticationFilter.groovy:127)
	at org.springframework.security.web.authentication.AbstractAuthenticationProcessingFilter.doFilter(AbstractAuthenticationProcessingFilter.java:241)
	at org.springframework.security.web.authentication.AbstractAuthenticationProcessingFilter.doFilter(AbstractAuthenticationProcessingFilter.java:221)
	at org.springframework.security.web.FilterChainProxy$VirtualFilterChain.doFilter(FilterChainProxy.java:361)
	at org.springframework.security.web.FilterChainProxy.doFilterInternal(FilterChainProxy.java:225)
	at org.springframework.security.web.FilterChainProxy.doFilter(FilterChainProxy.java:190)
	at io.undertow.servlet.core.ManagedFilter.doFilter(ManagedFilter.java:67)
	at io.undertow.servlet.handlers.FilterHandler$FilterChainImpl.doFilter(FilterHandler.java:131)
	at org.grails.web.servlet.mvc.GrailsWebRequestFilter.doFilterInternal(GrailsWebRequestFilter.java:77)
	at org.springframework.web.filter.OncePerRequestFilter.doFilter(OncePerRequestFilter.java:117)
	at io.undertow.servlet.core.ManagedFilter.doFilter(ManagedFilter.java:67)
	at io.undertow.servlet.handlers.FilterHandler$FilterChainImpl.doFilter(FilterHandler.java:131)
	at org.grails.web.filters.HiddenHttpMethodFilter.doFilterInternal(HiddenHttpMethodFilter.java:67)
	at org.springframework.web.filter.OncePerRequestFilter.doFilter(OncePerRequestFilter.java:117)
	at io.undertow.servlet.core.ManagedFilter.doFilter(ManagedFilter.java:67)
	at io.undertow.servlet.handlers.FilterHandler$FilterChainImpl.doFilter(FilterHandler.java:131)
	at org.springframework.web.filter.CharacterEncodingFilter.doFilterInternal(CharacterEncodingFilter.java:201)
	at org.springframework.web.filter.OncePerRequestFilter.doFilter(OncePerRequestFilter.java:117)
	at io.undertow.servlet.core.ManagedFilter.doFilter(ManagedFilter.java:67)
	at io.undertow.servlet.handlers.FilterHandler$FilterChainImpl.doFilter(FilterHandler.java:131)
	at org.springframework.boot.actuate.metrics.web.servlet.WebMvcMetricsFilter.doFilterInternal(WebMvcMetricsFilter.java:96)
	at org.springframework.web.filter.OncePerRequestFilter.doFilter(OncePerRequestFilter.java:117)
	at io.undertow.servlet.core.ManagedFilter.doFilter(ManagedFilter.java:67)
	at io.undertow.servlet.handlers.FilterHandler$FilterChainImpl.doFilter(FilterHandler.java:131)
	at org.springframework.web.filter.CorsFilter.doFilterInternal(CorsFilter.java:91)
	at org.springframework.web.filter.OncePerRequestFilter.doFilter(OncePerRequestFilter.java:117)
	at io.undertow.servlet.core.ManagedFilter.doFilter(ManagedFilter.java:67)
	at io.undertow.servlet.handlers.FilterHandler$FilterChainImpl.doFilter(FilterHandler.java:131)
	at io.undertow.servlet.handlers.FilterHandler.handleRequest(FilterHandler.java:84)
	at io.undertow.servlet.handlers.security.ServletSecurityRoleHandler.handleRequest(ServletSecurityRoleHandler.java:62)
	at io.undertow.servlet.handlers.ServletChain$1.handleRequest(ServletChain.java:68)
	at io.undertow.servlet.handlers.ServletDispatchingHandler.handleRequest(ServletDispatchingHandler.java:36)
	at io.undertow.servlet.handlers.RedirectDirHandler.handleRequest(RedirectDirHandler.java:68)
	at io.undertow.servlet.handlers.security.SSLInformationAssociationHandler.handleRequest(SSLInformationAssociationHandler.java:117)
	at io.undertow.servlet.handlers.security.ServletAuthenticationCallHandler.handleRequest(ServletAuthenticationCallHandler.java:57)
	at io.undertow.server.handlers.PredicateHandler.handleRequest(PredicateHandler.java:43)
	at io.undertow.security.handlers.AbstractConfidentialityHandler.handleRequest(AbstractConfidentialityHandler.java:46)
	at io.undertow.servlet.handlers.security.ServletConfidentialityConstraintHandler.handleRequest(ServletConfidentialityConstraintHandler.java:64)
	at io.undertow.security.handlers.AuthenticationMechanismsHandler.handleRequest(AuthenticationMechanismsHandler.java:60)
	at io.undertow.servlet.handlers.security.CachedAuthenticatedSessionHandler.handleRequest(CachedAuthenticatedSessionHandler.java:75)
	at io.undertow.security.handlers.AbstractSecurityContextAssociationHandler.handleRequest(AbstractSecurityContextAssociationHandler.java:43)
	at io.undertow.server.handlers.PredicateHandler.handleRequest(PredicateHandler.java:43)
	at io.undertow.servlet.handlers.SendErrorPageHandler.handleRequest(SendErrorPageHandler.java:52)
	at io.undertow.server.handlers.PredicateHandler.handleRequest(PredicateHandler.java:43)
	at io.undertow.servlet.handlers.ServletInitialHandler.handleFirstRequest(ServletInitialHandler.java:270)
	at io.undertow.servlet.handlers.ServletInitialHandler.access$000(ServletInitialHandler.java:78)
	at io.undertow.servlet.handlers.ServletInitialHandler$1.call(ServletInitialHandler.java:129)
	at io.undertow.servlet.handlers.ServletInitialHandler$1.call(ServletInitialHandler.java:126)
	at io.undertow.servlet.core.ServletRequestContextThreadSetupAction$1.call(ServletRequestContextThreadSetupAction.java:48)
	at io.undertow.servlet.core.ContextClassLoaderSetupAction$1.call(ContextClassLoaderSetupAction.java:43)
	at io.undertow.servlet.handlers.ServletInitialHandler.dispatchRequest(ServletInitialHandler.java:250)
	at io.undertow.servlet.handlers.ServletInitialHandler.lambda$new$1(ServletInitialHandler.java:98)
	at io.undertow.server.Connectors.executeRootHandler(Connectors.java:395)
	at io.undertow.server.HttpServerExchange$1.run(HttpServerExchange.java:931)
	at org.jboss.threads.ContextHandler$1.runWith(ContextHandler.java:18)
	at org.jboss.threads.EnhancedQueueExecutor$Task.run(EnhancedQueueExecutor.java:2513)
	at org.jboss.threads.EnhancedQueueExecutor$ThreadBody.run(EnhancedQueueExecutor.java:1538)
	at org.xnio.XnioWorker$WorkerThreadFactory$1$1.run(XnioWorker.java:1282)
	at java.base/java.lang.Thread.run(Thread.java:840)
Caused by: org.springframework.context.NoSuchMessageException: No message found under code 'unique' for locale 'en_US'.
	at org.springframework.context.support.AbstractMessageSource.getMessage(AbstractMessageSource.java:179)
	at mod_service_interaction_errors__errors_gson$_run_closure1.doCall(mod_service_interaction_errors__errors_gson:20)
	at mod_service_interaction_errors__errors_gson$_run_closure1.call(mod_service_interaction_errors__errors_gson)
	at grails.plugin.json.builder.StreamingJsonBuilder$StreamingJsonDelegate.cloneDelegateAndGetContent(StreamingJsonBuilder.java:836)
	at grails.plugin.json.builder.StreamingJsonBuilder.call(StreamingJsonBuilder.java:255)
	at grails.plugin.json.view.JsonViewWritableScript.json(JsonViewWritableScript.groovy:81)
	at mod_service_interaction_errors__errors_gson.run(mod_service_interaction_errors__errors_gson:12)
	at grails.plugin.json.view.JsonViewWritableScript.doWrite(JsonViewWritableScript.groovy:29)
	at grails.views.AbstractWritableScript.writeTo(AbstractWritableScript.groovy:40)
	... 196 common frames omitted

2026-07-21 07:21:11.178  ERROR  --- [  XNIO-1 task-2] StackTrace                               : Full Stack Trace:

org.springframework.context.NoSuchMessageException: No message found under code 'unique' for locale 'en_US'.
	at org.springframework.context.support.AbstractMessageSource.getMessage(AbstractMessageSource.java:179)
	at mod_service_interaction_errors__errors_gson$_run_closure1.doCall(mod_service_interaction_errors__errors_gson:20)
	at mod_service_interaction_errors__errors_gson$_run_closure1.call(mod_service_interaction_errors__errors_gson)
	at grails.plugin.json.builder.StreamingJsonBuilder$StreamingJsonDelegate.cloneDelegateAndGetContent(StreamingJsonBuilder.java:836)
	at grails.plugin.json.builder.StreamingJsonBuilder.call(StreamingJsonBuilder.java:255)
	at grails.plugin.json.view.JsonViewWritableScript.json(JsonViewWritableScript.groovy:81)
	at mod_service_interaction_errors__errors_gson.run(mod_service_interaction_errors__errors_gson:12)
	at grails.plugin.json.view.JsonViewWritableScript.doWrite(JsonViewWritableScript.groovy:29)
	at grails.views.AbstractWritableScript.writeTo(AbstractWritableScript.groovy:40)
	at grails.views.mvc.GenericGroovyTemplateView.renderMergedOutputModel(GenericGroovyTemplateView.groovy:73)
	at org.springframework.web.servlet.view.AbstractView.render(AbstractView.java:316)
	at grails.plugin.json.renderer.AbstractJsonViewContainerRenderer.render(AbstractJsonViewContainerRenderer.groovy:51)
	at grails.artefact.controller.RestResponder$Trait$Helper.internalRespond(RestResponder.groovy:215)
	at grails.artefact.controller.RestResponder$Trait$Helper.respond(RestResponder.groovy:82)
	at grails.artefact.controller.RestResponder$Trait$Helper$respond$3.call(Unknown Source)
	at org.codehaus.groovy.runtime.callsite.CallSiteArray.defaultCall(CallSiteArray.java:47)
	at org.codehaus.groovy.runtime.callsite.AbstractCallSite.call(AbstractCallSite.java:125)
	at org.codehaus.groovy.runtime.callsite.AbstractCallSite.call(AbstractCallSite.java:157)
	at org.olf.WidgetDefinitionController.respond(WidgetDefinitionController.groovy)
	at com.k_int.okapi.OkapiTenantAwareController$respond$2.callCurrent(Unknown Source)
	at org.codehaus.groovy.runtime.callsite.CallSiteArray.defaultCallCurrent(CallSiteArray.java:51)
	at org.codehaus.groovy.runtime.callsite.AbstractCallSite.callCurrent(AbstractCallSite.java:171)
	at org.codehaus.groovy.runtime.callsite.AbstractCallSite.callCurrent(AbstractCallSite.java:194)
	at grails.rest.RestfulController.$tt__save(RestfulController.groovy:98)
	at java.base/jdk.internal.reflect.NativeMethodAccessorImpl.invoke0(Native Method)
	at java.base/jdk.internal.reflect.NativeMethodAccessorImpl.invoke(NativeMethodAccessorImpl.java:77)
	at java.base/jdk.internal.reflect.DelegatingMethodAccessorImpl.invoke(DelegatingMethodAccessorImpl.java:43)
	at java.base/java.lang.reflect.Method.invoke(Method.java:569)
	at org.codehaus.groovy.reflection.CachedMethod.invoke(CachedMethod.java:107)
	at groovy.lang.MetaMethod.doMethodInvoke(MetaMethod.java:323)
	at groovy.lang.MetaClassImpl.invokeMethod(MetaClassImpl.java:1254)
	at groovy.lang.MetaClassImpl.invokeMethod(MetaClassImpl.java:1030)
	at org.codehaus.groovy.runtime.InvokerHelper.invokePogoMethod(InvokerHelper.java:1059)
	at org.codehaus.groovy.runtime.InvokerHelper.invokeMethod(InvokerHelper.java:1042)
	at org.codehaus.groovy.runtime.InvokerHelper.invokeMethodSafe(InvokerHelper.java:97)
	at grails.rest.RestfulController$_save_closure3.doCall(RestfulController.groovy)
	at java.base/jdk.internal.reflect.NativeMethodAccessorImpl.invoke0(Native Method)
	at java.base/jdk.internal.reflect.NativeMethodAccessorImpl.invoke(NativeMethodAccessorImpl.java:77)
	at java.base/jdk.internal.reflect.DelegatingMethodAccessorImpl.invoke(DelegatingMethodAccessorImpl.java:43)
	at java.base/java.lang.reflect.Method.invoke(Method.java:569)
	at org.codehaus.groovy.reflection.CachedMethod.invoke(CachedMethod.java:107)
	at groovy.lang.MetaMethod.doMethodInvoke(MetaMethod.java:323)
	at org.codehaus.groovy.runtime.metaclass.ClosureMetaClass.invokeMethod(ClosureMetaClass.java:274)
	at groovy.lang.MetaClassImpl.invokeMethod(MetaClassImpl.java:1030)
	at groovy.lang.Closure.call(Closure.java:427)
	at groovy.lang.Closure.call(Closure.java:416)
	at grails.gorm.transactions.GrailsTransactionTemplate$2.doInTransaction(GrailsTransactionTemplate.groovy:94)
	at org.springframework.transaction.support.TransactionTemplate.execute(TransactionTemplate.java:140)
	at grails.gorm.transactions.GrailsTransactionTemplate.execute(GrailsTransactionTemplate.groovy:91)
	at grails.rest.RestfulController.save(RestfulController.groovy)
	at com.k_int.web.toolkit.rest.TenantAwareRestfulController.super$2$save(TenantAwareRestfulController.groovy)
	at java.base/jdk.internal.reflect.NativeMethodAccessorImpl.invoke0(Native Method)
	at java.base/jdk.internal.reflect.NativeMethodAccessorImpl.invoke(NativeMethodAccessorImpl.java:77)
	at java.base/jdk.internal.reflect.DelegatingMethodAccessorImpl.invoke(DelegatingMethodAccessorImpl.java:43)
	at java.base/java.lang.reflect.Method.invoke(Method.java:569)
	at org.codehaus.groovy.reflection.CachedMethod.invoke(CachedMethod.java:107)
	at groovy.lang.MetaMethod.doMethodInvoke(MetaMethod.java:323)
	at groovy.lang.MetaClassImpl.invokeMethod(MetaClassImpl.java:1254)
	at org.codehaus.groovy.runtime.ScriptBytecodeAdapter.invokeMethodOnSuperN(ScriptBytecodeAdapter.java:144)
	at org.codehaus.groovy.runtime.ScriptBytecodeAdapter.invokeMethodOnSuper0(ScriptBytecodeAdapter.java:164)
	at com.k_int.web.toolkit.rest.TenantAwareRestfulController.$tt__tenantAwareRestfulController_save(TenantAwareRestfulController.groovy:42)
	at com.k_int.web.toolkit.rest.TenantAwareRestfulController$__mt__tenantAwareRestfulController_save_closure13.doCall(TenantAwareRestfulController.groovy)
	at java.base/jdk.internal.reflect.NativeMethodAccessorImpl.invoke0(Native Method)
	at java.base/jdk.internal.reflect.NativeMethodAccessorImpl.invoke(NativeMethodAccessorImpl.java:77)
	at java.base/jdk.internal.reflect.DelegatingMethodAccessorImpl.invoke(DelegatingMethodAccessorImpl.java:43)
	at java.base/java.lang.reflect.Method.invoke(Method.java:569)
	at org.codehaus.groovy.reflection.CachedMethod.invoke(CachedMethod.java:107)
	at groovy.lang.MetaMethod.doMethodInvoke(MetaMethod.java:323)
	at org.codehaus.groovy.runtime.metaclass.ClosureMetaClass.invokeMethod(ClosureMetaClass.java:274)
	at groovy.lang.MetaClassImpl.invokeMethod(MetaClassImpl.java:1030)
	at groovy.lang.Closure.call(Closure.java:427)
	at groovy.lang.Closure.call(Closure.java:416)
	at grails.gorm.transactions.GrailsTransactionTemplate$2.doInTransaction(GrailsTransactionTemplate.groovy:94)
	at org.springframework.transaction.support.TransactionTemplate.execute(TransactionTemplate.java:140)
	at grails.gorm.transactions.GrailsTransactionTemplate.execute(GrailsTransactionTemplate.groovy:91)
	at com.k_int.web.toolkit.rest.TenantAwareRestfulController.$mt__tenantAwareRestfulController_save(TenantAwareRestfulController.groovy)
	at java.base/jdk.internal.reflect.NativeMethodAccessorImpl.invoke0(Native Method)
	at java.base/jdk.internal.reflect.NativeMethodAccessorImpl.invoke(NativeMethodAccessorImpl.java:77)
	at java.base/jdk.internal.reflect.DelegatingMethodAccessorImpl.invoke(DelegatingMethodAccessorImpl.java:43)
	at java.base/java.lang.reflect.Method.invoke(Method.java:569)
	at org.codehaus.groovy.reflection.CachedMethod.invoke(CachedMethod.java:107)
	at groovy.lang.MetaMethod.doMethodInvoke(MetaMethod.java:323)
	at groovy.lang.MetaClassImpl.invokeMethod(MetaClassImpl.java:1254)
	at groovy.lang.MetaClassImpl.invokeMethod(MetaClassImpl.java:1030)
	at org.codehaus.groovy.runtime.InvokerHelper.invokePogoMethod(InvokerHelper.java:1059)
	at org.codehaus.groovy.runtime.InvokerHelper.invokeMethod(InvokerHelper.java:1042)
	at org.codehaus.groovy.runtime.InvokerHelper.invokeMethodSafe(InvokerHelper.java:97)
	at com.k_int.web.toolkit.rest.TenantAwareRestfulController$_save_closure4.doCall(TenantAwareRestfulController.groovy)
	at java.base/jdk.internal.reflect.NativeMethodAccessorImpl.invoke0(Native Method)
	at java.base/jdk.internal.reflect.NativeMethodAccessorImpl.invoke(NativeMethodAccessorImpl.java:77)
	at java.base/jdk.internal.reflect.DelegatingMethodAccessorImpl.invoke(DelegatingMethodAccessorImpl.java:43)
	at java.base/java.lang.reflect.Method.invoke(Method.java:569)
	at org.codehaus.groovy.reflection.CachedMethod.invoke(CachedMethod.java:107)
	at groovy.lang.MetaMethod.doMethodInvoke(MetaMethod.java:323)
	at org.codehaus.groovy.runtime.metaclass.ClosureMetaClass.invokeMethod(ClosureMetaClass.java:274)
	at groovy.lang.MetaClassImpl.invokeMethod(MetaClassImpl.java:1030)
	at groovy.lang.Closure.call(Closure.java:427)
	at groovy.lang.Closure.call(Closure.java:416)
	at grails.gorm.multitenancy.Tenants$_withId_closure2$_closure6.doCall(Tenants.groovy:265)
	at grails.gorm.multitenancy.Tenants$_withId_closure2$_closure6.call(Tenants.groovy)
	at org.grails.orm.hibernate.GrailsHibernateTemplate.doExecute(GrailsHibernateTemplate.java:297)
	at org.grails.orm.hibernate.GrailsHibernateTemplate.execute(GrailsHibernateTemplate.java:241)
	at org.grails.orm.hibernate.GrailsHibernateTemplate.executeWithNewSession(GrailsHibernateTemplate.java:153)
	at org.grails.orm.hibernate.GrailsHibernateTemplate.executeWithExistingOrCreateNewSession(GrailsHibernateTemplate.java:207)
	at org.grails.orm.hibernate.AbstractHibernateDatastore.withNewSession(AbstractHibernateDatastore.java:369)
	at grails.gorm.multitenancy.Tenants$_withId_closure2.doCall(Tenants.groovy:258)
	at grails.gorm.multitenancy.Tenants$_withId_closure2.call(Tenants.groovy)
	at grails.gorm.multitenancy.Tenants$CurrentTenant.withTenant(Tenants.groovy:358)
	at grails.gorm.multitenancy.Tenants.withId(Tenants.groovy:236)
	at org.grails.datastore.gorm.services.DefaultTenantService.withCurrent(DefaultTenantService.groovy:71)
	at com.k_int.web.toolkit.rest.TenantAwareRestfulController.save(TenantAwareRestfulController.groovy)
	at org.grails.core.DefaultGrailsControllerClass$MethodHandleInvoker.invoke(DefaultGrailsControllerClass.java:223)
	at org.grails.core.DefaultGrailsControllerClass.invoke(DefaultGrailsControllerClass.java:188)
	at org.grails.web.mapping.mvc.UrlMappingsInfoHandlerAdapter.handle(UrlMappingsInfoHandlerAdapter.groovy:90)
	at org.springframework.web.servlet.DispatcherServlet.doDispatch(DispatcherServlet.java:1072)
	at org.springframework.web.servlet.DispatcherServlet.doService(DispatcherServlet.java:965)
	at org.springframework.web.servlet.FrameworkServlet.processRequest(FrameworkServlet.java:1006)
	at org.springframework.web.servlet.FrameworkServlet.doPost(FrameworkServlet.java:909)
	at javax.servlet.http.HttpServlet.service(HttpServlet.java:665)
	at org.springframework.web.servlet.FrameworkServlet.service(FrameworkServlet.java:883)
	at javax.servlet.http.HttpServlet.service(HttpServlet.java:750)
	at io.undertow.servlet.handlers.ServletHandler.handleRequest(ServletHandler.java:74)
	at io.undertow.servlet.handlers.FilterHandler$FilterChainImpl.doFilter(FilterHandler.java:129)
	at org.springframework.security.web.FilterChainProxy$VirtualFilterChain.doFilter(FilterChainProxy.java:352)
	at org.springframework.security.web.access.intercept.FilterSecurityInterceptor.invoke(FilterSecurityInterceptor.java:117)
	at org.springframework.security.web.access.intercept.FilterSecurityInterceptor.doFilter(FilterSecurityInterceptor.java:83)
	at org.springframework.security.web.FilterChainProxy$VirtualFilterChain.doFilter(FilterChainProxy.java:361)
	at org.springframework.security.web.access.ExceptionTranslationFilter.doFilter(ExceptionTranslationFilter.java:126)
	at org.springframework.security.web.access.ExceptionTranslationFilter.doFilter(ExceptionTranslationFilter.java:120)
	at grails.plugin.springsecurity.web.UpdateRequestContextHolderExceptionTranslationFilter.doFilter(UpdateRequestContextHolderExceptionTranslationFilter.groovy:64)
	at org.springframework.security.web.FilterChainProxy$VirtualFilterChain.doFilter(FilterChainProxy.java:361)
	at org.springframework.web.filter.FormContentFilter.doFilterInternal(FormContentFilter.java:93)
	at org.springframework.web.filter.OncePerRequestFilter.doFilter(OncePerRequestFilter.java:117)
	at org.springframework.security.web.FilterChainProxy$VirtualFilterChain.doFilter(FilterChainProxy.java:361)
	at grails.plugin.springsecurity.web.filter.GrailsAnonymousAuthenticationFilter.doFilter(GrailsAnonymousAuthenticationFilter.groovy:52)
	at org.springframework.security.web.FilterChainProxy$VirtualFilterChain.doFilter(FilterChainProxy.java:361)
	at org.springframework.security.web.servletapi.SecurityContextHolderAwareRequestFilter.doFilter(SecurityContextHolderAwareRequestFilter.java:164)
	at org.springframework.security.web.FilterChainProxy$VirtualFilterChain.doFilter(FilterChainProxy.java:361)
	at org.springframework.security.web.authentication.AbstractAuthenticationProcessingFilter.doFilter(AbstractAuthenticationProcessingFilter.java:227)
	at org.springframework.security.web.authentication.AbstractAuthenticationProcessingFilter.doFilter(AbstractAuthenticationProcessingFilter.java:221)
	at org.springframework.security.web.FilterChainProxy$VirtualFilterChain.doFilter(FilterChainProxy.java:361)
	at grails.plugin.springsecurity.web.authentication.logout.MutableLogoutFilter.doFilter(MutableLogoutFilter.groovy:62)
	at org.springframework.security.web.FilterChainProxy$VirtualFilterChain.doFilter(FilterChainProxy.java:361)
	at grails.plugin.springsecurity.web.SecurityRequestHolderFilter.doFilter(SecurityRequestHolderFilter.groovy:58)
	at org.springframework.security.web.FilterChainProxy$VirtualFilterChain.doFilter(FilterChainProxy.java:361)
	at javax.servlet.FilterChain$doFilter.call(Unknown Source)
	at com.k_int.okapi.springsecurity.OkapiAuthenticationFilter.successfulAuthentication(OkapiAuthenticationFilter.groovy:127)
	at org.springframework.security.web.authentication.AbstractAuthenticationProcessingFilter.doFilter(AbstractAuthenticationProcessingFilter.java:241)
	at org.springframework.security.web.authentication.AbstractAuthenticationProcessingFilter.doFilter(AbstractAuthenticationProcessingFilter.java:221)
	at org.springframework.security.web.FilterChainProxy$VirtualFilterChain.doFilter(FilterChainProxy.java:361)
	at org.springframework.security.web.FilterChainProxy.doFilterInternal(FilterChainProxy.java:225)
	at org.springframework.security.web.FilterChainProxy.doFilter(FilterChainProxy.java:190)
	at io.undertow.servlet.core.ManagedFilter.doFilter(ManagedFilter.java:67)
	at io.undertow.servlet.handlers.FilterHandler$FilterChainImpl.doFilter(FilterHandler.java:131)
	at org.grails.web.servlet.mvc.GrailsWebRequestFilter.doFilterInternal(GrailsWebRequestFilter.java:77)
	at org.springframework.web.filter.OncePerRequestFilter.doFilter(OncePerRequestFilter.java:117)
	at io.undertow.servlet.core.ManagedFilter.doFilter(ManagedFilter.java:67)
	at io.undertow.servlet.handlers.FilterHandler$FilterChainImpl.doFilter(FilterHandler.java:131)
	at org.grails.web.filters.HiddenHttpMethodFilter.doFilterInternal(HiddenHttpMethodFilter.java:67)
	at org.springframework.web.filter.OncePerRequestFilter.doFilter(OncePerRequestFilter.java:117)
	at io.undertow.servlet.core.ManagedFilter.doFilter(ManagedFilter.java:67)
	at io.undertow.servlet.handlers.FilterHandler$FilterChainImpl.doFilter(FilterHandler.java:131)
	at org.springframework.web.filter.CharacterEncodingFilter.doFilterInternal(CharacterEncodingFilter.java:201)
	at org.springframework.web.filter.OncePerRequestFilter.doFilter(OncePerRequestFilter.java:117)
	at io.undertow.servlet.core.ManagedFilter.doFilter(ManagedFilter.java:67)
	at io.undertow.servlet.handlers.FilterHandler$FilterChainImpl.doFilter(FilterHandler.java:131)
	at org.springframework.boot.actuate.metrics.web.servlet.WebMvcMetricsFilter.doFilterInternal(WebMvcMetricsFilter.java:96)
	at org.springframework.web.filter.OncePerRequestFilter.doFilter(OncePerRequestFilter.java:117)
	at io.undertow.servlet.core.ManagedFilter.doFilter(ManagedFilter.java:67)
	at io.undertow.servlet.handlers.FilterHandler$FilterChainImpl.doFilter(FilterHandler.java:131)
	at org.springframework.web.filter.CorsFilter.doFilterInternal(CorsFilter.java:91)
	at org.springframework.web.filter.OncePerRequestFilter.doFilter(OncePerRequestFilter.java:117)
	at io.undertow.servlet.core.ManagedFilter.doFilter(ManagedFilter.java:67)
	at io.undertow.servlet.handlers.FilterHandler$FilterChainImpl.doFilter(FilterHandler.java:131)
	at io.undertow.servlet.handlers.FilterHandler.handleRequest(FilterHandler.java:84)
	at io.undertow.servlet.handlers.security.ServletSecurityRoleHandler.handleRequest(ServletSecurityRoleHandler.java:62)
	at io.undertow.servlet.handlers.ServletChain$1.handleRequest(ServletChain.java:68)
	at io.undertow.servlet.handlers.ServletDispatchingHandler.handleRequest(ServletDispatchingHandler.java:36)
	at io.undertow.servlet.handlers.RedirectDirHandler.handleRequest(RedirectDirHandler.java:68)
	at io.undertow.servlet.handlers.security.SSLInformationAssociationHandler.handleRequest(SSLInformationAssociationHandler.java:117)
	at io.undertow.servlet.handlers.security.ServletAuthenticationCallHandler.handleRequest(ServletAuthenticationCallHandler.java:57)
	at io.undertow.server.handlers.PredicateHandler.handleRequest(PredicateHandler.java:43)
	at io.undertow.security.handlers.AbstractConfidentialityHandler.handleRequest(AbstractConfidentialityHandler.java:46)
	at io.undertow.servlet.handlers.security.ServletConfidentialityConstraintHandler.handleRequest(ServletConfidentialityConstraintHandler.java:64)
	at io.undertow.security.handlers.AuthenticationMechanismsHandler.handleRequest(AuthenticationMechanismsHandler.java:60)
	at io.undertow.servlet.handlers.security.CachedAuthenticatedSessionHandler.handleRequest(CachedAuthenticatedSessionHandler.java:75)
	at io.undertow.security.handlers.AbstractSecurityContextAssociationHandler.handleRequest(AbstractSecurityContextAssociationHandler.java:43)
	at io.undertow.server.handlers.PredicateHandler.handleRequest(PredicateHandler.java:43)
	at io.undertow.servlet.handlers.SendErrorPageHandler.handleRequest(SendErrorPageHandler.java:52)
	at io.undertow.server.handlers.PredicateHandler.handleRequest(PredicateHandler.java:43)
	at io.undertow.servlet.handlers.ServletInitialHandler.handleFirstRequest(ServletInitialHandler.java:270)
	at io.undertow.servlet.handlers.ServletInitialHandler.access$000(ServletInitialHandler.java:78)
	at io.undertow.servlet.handlers.ServletInitialHandler$1.call(ServletInitialHandler.java:129)
	at io.undertow.servlet.handlers.ServletInitialHandler$1.call(ServletInitialHandler.java:126)
	at io.undertow.servlet.core.ServletRequestContextThreadSetupAction$1.call(ServletRequestContextThreadSetupAction.java:48)
	at io.undertow.servlet.core.ContextClassLoaderSetupAction$1.call(ContextClassLoaderSetupAction.java:43)
	at io.undertow.servlet.handlers.ServletInitialHandler.dispatchRequest(ServletInitialHandler.java:250)
	at io.undertow.servlet.handlers.ServletInitialHandler.lambda$new$1(ServletInitialHandler.java:98)
	at io.undertow.server.Connectors.executeRootHandler(Connectors.java:395)
	at io.undertow.server.HttpServerExchange$1.run(HttpServerExchange.java:931)
	at org.jboss.threads.ContextHandler$1.runWith(ContextHandler.java:18)
	at org.jboss.threads.EnhancedQueueExecutor$Task.run(EnhancedQueueExecutor.java:2513)
	at org.jboss.threads.EnhancedQueueExecutor$ThreadBody.run(EnhancedQueueExecutor.java:1538)
	at org.xnio.XnioWorker$WorkerThreadFactory$1$1.run(XnioWorker.java:1282)
	at java.base/java.lang.Thread.run(Thread.java:840)

2026-07-21 07:21:11.178  ERROR  --- [  XNIO-1 task-2] StackTrace                               : Full Stack Trace:

grails.views.ViewException: Error rendering view: No message found under code 'unique' for locale 'en_US'.
	at grails.views.AbstractWritableScript.writeTo(AbstractWritableScript.groovy:46)
	at grails.views.mvc.GenericGroovyTemplateView.renderMergedOutputModel(GenericGroovyTemplateView.groovy:73)
	at org.springframework.web.servlet.view.AbstractView.render(AbstractView.java:316)
	at grails.plugin.json.renderer.AbstractJsonViewContainerRenderer.render(AbstractJsonViewContainerRenderer.groovy:51)
	at grails.artefact.controller.RestResponder$Trait$Helper.internalRespond(RestResponder.groovy:215)
	at grails.artefact.controller.RestResponder$Trait$Helper.respond(RestResponder.groovy:82)
	at grails.rest.RestfulController.$tt__save(RestfulController.groovy:98)
	at java.base/jdk.internal.reflect.NativeMethodAccessorImpl.invoke(NativeMethodAccessorImpl.java:77)
	at java.base/jdk.internal.reflect.DelegatingMethodAccessorImpl.invoke(DelegatingMethodAccessorImpl.java:43)
	at java.base/jdk.internal.reflect.NativeMethodAccessorImpl.invoke(NativeMethodAccessorImpl.java:77)
	at java.base/jdk.internal.reflect.DelegatingMethodAccessorImpl.invoke(DelegatingMethodAccessorImpl.java:43)
	at grails.gorm.transactions.GrailsTransactionTemplate$2.doInTransaction(GrailsTransactionTemplate.groovy:94)
	at org.springframework.transaction.support.TransactionTemplate.execute(TransactionTemplate.java:140)
	at grails.gorm.transactions.GrailsTransactionTemplate.execute(GrailsTransactionTemplate.groovy:91)
	at java.base/jdk.internal.reflect.NativeMethodAccessorImpl.invoke(NativeMethodAccessorImpl.java:77)
	at java.base/jdk.internal.reflect.DelegatingMethodAccessorImpl.invoke(DelegatingMethodAccessorImpl.java:43)
	at com.k_int.web.toolkit.rest.TenantAwareRestfulController.$tt__tenantAwareRestfulController_save(TenantAwareRestfulController.groovy:42)
	at java.base/jdk.internal.reflect.NativeMethodAccessorImpl.invoke(NativeMethodAccessorImpl.java:77)
	at java.base/jdk.internal.reflect.DelegatingMethodAccessorImpl.invoke(DelegatingMethodAccessorImpl.java:43)
	at grails.gorm.transactions.GrailsTransactionTemplate$2.doInTransaction(GrailsTransactionTemplate.groovy:94)
	at org.springframework.transaction.support.TransactionTemplate.execute(TransactionTemplate.java:140)
	at grails.gorm.transactions.GrailsTransactionTemplate.execute(GrailsTransactionTemplate.groovy:91)
	at java.base/jdk.internal.reflect.NativeMethodAccessorImpl.invoke(NativeMethodAccessorImpl.java:77)
	at java.base/jdk.internal.reflect.DelegatingMethodAccessorImpl.invoke(DelegatingMethodAccessorImpl.java:43)
	at java.base/jdk.internal.reflect.NativeMethodAccessorImpl.invoke(NativeMethodAccessorImpl.java:77)
	at java.base/jdk.internal.reflect.DelegatingMethodAccessorImpl.invoke(DelegatingMethodAccessorImpl.java:43)
	at grails.gorm.multitenancy.Tenants$_withId_closure2$_closure6.doCall(Tenants.groovy:265)
	at org.grails.orm.hibernate.GrailsHibernateTemplate.doExecute(GrailsHibernateTemplate.java:297)
	at org.grails.orm.hibernate.GrailsHibernateTemplate.execute(GrailsHibernateTemplate.java:241)
	at org.grails.orm.hibernate.GrailsHibernateTemplate.executeWithNewSession(GrailsHibernateTemplate.java:153)
	at org.grails.orm.hibernate.GrailsHibernateTemplate.executeWithExistingOrCreateNewSession(GrailsHibernateTemplate.java:207)
	at org.grails.orm.hibernate.AbstractHibernateDatastore.withNewSession(AbstractHibernateDatastore.java:369)
	at grails.gorm.multitenancy.Tenants$_withId_closure2.doCall(Tenants.groovy:258)
	at grails.gorm.multitenancy.Tenants$CurrentTenant.withTenant(Tenants.groovy:358)
	at grails.gorm.multitenancy.Tenants.withId(Tenants.groovy:236)
	at org.grails.datastore.gorm.services.DefaultTenantService.withCurrent(DefaultTenantService.groovy:71)
	at org.grails.core.DefaultGrailsControllerClass$MethodHandleInvoker.invoke(DefaultGrailsControllerClass.java:223)
	at org.grails.core.DefaultGrailsControllerClass.invoke(DefaultGrailsControllerClass.java:188)
	at org.grails.web.mapping.mvc.UrlMappingsInfoHandlerAdapter.handle(UrlMappingsInfoHandlerAdapter.groovy:90)
	at org.springframework.web.servlet.DispatcherServlet.doDispatch(DispatcherServlet.java:1072)
	at org.springframework.web.servlet.DispatcherServlet.doService(DispatcherServlet.java:965)
	at org.springframework.web.servlet.FrameworkServlet.processRequest(FrameworkServlet.java:1006)
	at org.springframework.web.servlet.FrameworkServlet.doPost(FrameworkServlet.java:909)
	at org.springframework.web.servlet.FrameworkServlet.service(FrameworkServlet.java:883)
	at io.undertow.servlet.handlers.ServletHandler.handleRequest(ServletHandler.java:74)
	at io.undertow.servlet.handlers.FilterHandler$FilterChainImpl.doFilter(FilterHandler.java:129)
	at org.springframework.security.web.FilterChainProxy$VirtualFilterChain.doFilter(FilterChainProxy.java:352)
	at org.springframework.security.web.access.intercept.FilterSecurityInterceptor.invoke(FilterSecurityInterceptor.java:117)
	at org.springframework.security.web.access.intercept.FilterSecurityInterceptor.doFilter(FilterSecurityInterceptor.java:83)
	at org.springframework.security.web.FilterChainProxy$VirtualFilterChain.doFilter(FilterChainProxy.java:361)
	at org.springframework.security.web.access.ExceptionTranslationFilter.doFilter(ExceptionTranslationFilter.java:126)
	at org.springframework.security.web.access.ExceptionTranslationFilter.doFilter(ExceptionTranslationFilter.java:120)
	at grails.plugin.springsecurity.web.UpdateRequestContextHolderExceptionTranslationFilter.doFilter(UpdateRequestContextHolderExceptionTranslationFilter.groovy:64)
	at org.springframework.security.web.FilterChainProxy$VirtualFilterChain.doFilter(FilterChainProxy.java:361)
	at org.springframework.security.web.FilterChainProxy$VirtualFilterChain.doFilter(FilterChainProxy.java:361)
	at grails.plugin.springsecurity.web.filter.GrailsAnonymousAuthenticationFilter.doFilter(GrailsAnonymousAuthenticationFilter.groovy:52)
	at org.springframework.security.web.FilterChainProxy$VirtualFilterChain.doFilter(FilterChainProxy.java:361)
	at org.springframework.security.web.servletapi.SecurityContextHolderAwareRequestFilter.doFilter(SecurityContextHolderAwareRequestFilter.java:164)
	at org.springframework.security.web.FilterChainProxy$VirtualFilterChain.doFilter(FilterChainProxy.java:361)
	at org.springframework.security.web.authentication.AbstractAuthenticationProcessingFilter.doFilter(AbstractAuthenticationProcessingFilter.java:227)
	at org.springframework.security.web.authentication.AbstractAuthenticationProcessingFilter.doFilter(AbstractAuthenticationProcessingFilter.java:221)
	at org.springframework.security.web.FilterChainProxy$VirtualFilterChain.doFilter(FilterChainProxy.java:361)
	at grails.plugin.springsecurity.web.authentication.logout.MutableLogoutFilter.doFilter(MutableLogoutFilter.groovy:62)
	at org.springframework.security.web.FilterChainProxy$VirtualFilterChain.doFilter(FilterChainProxy.java:361)
	at grails.plugin.springsecurity.web.SecurityRequestHolderFilter.doFilter(SecurityRequestHolderFilter.groovy:58)
	at org.springframework.security.web.FilterChainProxy$VirtualFilterChain.doFilter(FilterChainProxy.java:361)
	at com.k_int.okapi.springsecurity.OkapiAuthenticationFilter.successfulAuthentication(OkapiAuthenticationFilter.groovy:127)
	at org.springframework.security.web.authentication.AbstractAuthenticationProcessingFilter.doFilter(AbstractAuthenticationProcessingFilter.java:241)
	at org.springframework.security.web.authentication.AbstractAuthenticationProcessingFilter.doFilter(AbstractAuthenticationProcessingFilter.java:221)
	at org.springframework.security.web.FilterChainProxy$VirtualFilterChain.doFilter(FilterChainProxy.java:361)
	at org.springframework.security.web.FilterChainProxy.doFilterInternal(FilterChainProxy.java:225)
	at org.springframework.security.web.FilterChainProxy.doFilter(FilterChainProxy.java:190)
	at io.undertow.servlet.core.ManagedFilter.doFilter(ManagedFilter.java:67)
	at io.undertow.servlet.handlers.FilterHandler$FilterChainImpl.doFilter(FilterHandler.java:131)
	at org.grails.web.servlet.mvc.GrailsWebRequestFilter.doFilterInternal(GrailsWebRequestFilter.java:77)
	at io.undertow.servlet.core.ManagedFilter.doFilter(ManagedFilter.java:67)
	at io.undertow.servlet.handlers.FilterHandler$FilterChainImpl.doFilter(FilterHandler.java:131)
	at org.grails.web.filters.HiddenHttpMethodFilter.doFilterInternal(HiddenHttpMethodFilter.java:67)
	at io.undertow.servlet.core.ManagedFilter.doFilter(ManagedFilter.java:67)
	at io.undertow.servlet.handlers.FilterHandler$FilterChainImpl.doFilter(FilterHandler.java:131)
	at io.undertow.servlet.core.ManagedFilter.doFilter(ManagedFilter.java:67)
	at io.undertow.servlet.handlers.FilterHandler$FilterChainImpl.doFilter(FilterHandler.java:131)
	at io.undertow.servlet.core.ManagedFilter.doFilter(ManagedFilter.java:67)
	at io.undertow.servlet.handlers.FilterHandler$FilterChainImpl.doFilter(FilterHandler.java:131)
	at io.undertow.servlet.core.ManagedFilter.doFilter(ManagedFilter.java:67)
	at io.undertow.servlet.handlers.FilterHandler$FilterChainImpl.doFilter(FilterHandler.java:131)
	at io.undertow.servlet.handlers.FilterHandler.handleRequest(FilterHandler.java:84)
	at io.undertow.servlet.handlers.security.ServletSecurityRoleHandler.handleRequest(ServletSecurityRoleHandler.java:62)
	at io.undertow.servlet.handlers.ServletChain$1.handleRequest(ServletChain.java:68)
	at io.undertow.servlet.handlers.ServletDispatchingHandler.handleRequest(ServletDispatchingHandler.java:36)
	at io.undertow.servlet.handlers.RedirectDirHandler.handleRequest(RedirectDirHandler.java:68)
	at io.undertow.servlet.handlers.security.SSLInformationAssociationHandler.handleRequest(SSLInformationAssociationHandler.java:117)
	at io.undertow.servlet.handlers.security.ServletAuthenticationCallHandler.handleRequest(ServletAuthenticationCallHandler.java:57)
	at io.undertow.server.handlers.PredicateHandler.handleRequest(PredicateHandler.java:43)
	at io.undertow.security.handlers.AbstractConfidentialityHandler.handleRequest(AbstractConfidentialityHandler.java:46)
	at io.undertow.servlet.handlers.security.ServletConfidentialityConstraintHandler.handleRequest(ServletConfidentialityConstraintHandler.java:64)
	at io.undertow.security.handlers.AuthenticationMechanismsHandler.handleRequest(AuthenticationMechanismsHandler.java:60)
	at io.undertow.servlet.handlers.security.CachedAuthenticatedSessionHandler.handleRequest(CachedAuthenticatedSessionHandler.java:75)
	at io.undertow.security.handlers.AbstractSecurityContextAssociationHandler.handleRequest(AbstractSecurityContextAssociationHandler.java:43)
	at io.undertow.server.handlers.PredicateHandler.handleRequest(PredicateHandler.java:43)
	at io.undertow.servlet.handlers.SendErrorPageHandler.handleRequest(SendErrorPageHandler.java:52)
	at io.undertow.server.handlers.PredicateHandler.handleRequest(PredicateHandler.java:43)
	at io.undertow.servlet.handlers.ServletInitialHandler.handleFirstRequest(ServletInitialHandler.java:270)
	at io.undertow.servlet.handlers.ServletInitialHandler.access$000(ServletInitialHandler.java:78)
	at io.undertow.servlet.handlers.ServletInitialHandler$1.call(ServletInitialHandler.java:129)
	at io.undertow.servlet.handlers.ServletInitialHandler$1.call(ServletInitialHandler.java:126)
	at io.undertow.servlet.core.ServletRequestContextThreadSetupAction$1.call(ServletRequestContextThreadSetupAction.java:48)
	at io.undertow.servlet.core.ContextClassLoaderSetupAction$1.call(ContextClassLoaderSetupAction.java:43)
	at io.undertow.servlet.handlers.ServletInitialHandler.dispatchRequest(ServletInitialHandler.java:250)
	at io.undertow.servlet.handlers.ServletInitialHandler.lambda$new$1(ServletInitialHandler.java:98)
	at io.undertow.server.Connectors.executeRootHandler(Connectors.java:395)
	at io.undertow.server.HttpServerExchange$1.run(HttpServerExchange.java:931)
	at org.jboss.threads.ContextHandler$1.runWith(ContextHandler.java:18)
	at org.jboss.threads.EnhancedQueueExecutor$Task.run(EnhancedQueueExecutor.java:2513)
	at org.jboss.threads.EnhancedQueueExecutor$ThreadBody.run(EnhancedQueueExecutor.java:1538)
	at org.xnio.XnioWorker$WorkerThreadFactory$1$1.run(XnioWorker.java:1282)
	at java.base/java.lang.Thread.run(Thread.java:840)
Caused by: org.springframework.context.NoSuchMessageException: No message found under code 'unique' for locale 'en_US'.
	at org.springframework.context.support.AbstractMessageSource.getMessage(AbstractMessageSource.java:179)
	at mod_service_interaction_errors__errors_gson$_run_closure1.doCall(mod_service_interaction_errors__errors_gson:20)
	at grails.plugin.json.builder.StreamingJsonBuilder$StreamingJsonDelegate.cloneDelegateAndGetContent(StreamingJsonBuilder.java:836)
	at grails.plugin.json.builder.StreamingJsonBuilder.call(StreamingJsonBuilder.java:255)
	at grails.plugin.json.view.JsonViewWritableScript.json(JsonViewWritableScript.groovy:81)
	at mod_service_interaction_errors__errors_gson.run(mod_service_interaction_errors__errors_gson:12)
	at grails.plugin.json.view.JsonViewWritableScript.doWrite(JsonViewWritableScript.groovy:29)
	at grails.views.AbstractWritableScript.writeTo(AbstractWritableScript.groovy:40)
	... 116 common frames omitted

2026-07-21 07:21:11.214  ERROR  --- [  XNIO-1 task-2] o.g.web.errors.GrailsExceptionResolver   : NoSuchMessageException occurred when processing request: [POST] /servint/widgets/definitions
No message found under code 'unique' for locale 'en_US'.. Stacktrace follows:

grails.views.ViewException: Error rendering view: No message found under code 'unique' for locale 'en_US'.
	at grails.views.AbstractWritableScript.writeTo(AbstractWritableScript.groovy:46)
	at grails.views.mvc.GenericGroovyTemplateView.renderMergedOutputModel(GenericGroovyTemplateView.groovy:73)
	at org.springframework.web.servlet.view.AbstractView.render(AbstractView.java:316)
	at grails.plugin.json.renderer.AbstractJsonViewContainerRenderer.render(AbstractJsonViewContainerRenderer.groovy:51)
	at grails.artefact.controller.RestResponder$Trait$Helper.internalRespond(RestResponder.groovy:215)
	at grails.artefact.controller.RestResponder$Trait$Helper.respond(RestResponder.groovy:82)
	at grails.rest.RestfulController.$tt__save(RestfulController.groovy:98)
	at java.base/jdk.internal.reflect.NativeMethodAccessorImpl.invoke(NativeMethodAccessorImpl.java:77)
	at java.base/jdk.internal.reflect.DelegatingMethodAccessorImpl.invoke(DelegatingMethodAccessorImpl.java:43)
	at java.base/jdk.internal.reflect.NativeMethodAccessorImpl.invoke(NativeMethodAccessorImpl.java:77)
	at java.base/jdk.internal.reflect.DelegatingMethodAccessorImpl.invoke(DelegatingMethodAccessorImpl.java:43)
	at grails.gorm.transactions.GrailsTransactionTemplate$2.doInTransaction(GrailsTransactionTemplate.groovy:94)
	at org.springframework.transaction.support.TransactionTemplate.execute(TransactionTemplate.java:140)
	at grails.gorm.transactions.GrailsTransactionTemplate.execute(GrailsTransactionTemplate.groovy:91)
	at java.base/jdk.internal.reflect.NativeMethodAccessorImpl.invoke(NativeMethodAccessorImpl.java:77)
	at java.base/jdk.internal.reflect.DelegatingMethodAccessorImpl.invoke(DelegatingMethodAccessorImpl.java:43)
	at com.k_int.web.toolkit.rest.TenantAwareRestfulController.$tt__tenantAwareRestfulController_save(TenantAwareRestfulController.groovy:42)
	at java.base/jdk.internal.reflect.NativeMethodAccessorImpl.invoke(NativeMethodAccessorImpl.java:77)
	at java.base/jdk.internal.reflect.DelegatingMethodAccessorImpl.invoke(DelegatingMethodAccessorImpl.java:43)
	at grails.gorm.transactions.GrailsTransactionTemplate$2.doInTransaction(GrailsTransactionTemplate.groovy:94)
	at org.springframework.transaction.support.TransactionTemplate.execute(TransactionTemplate.java:140)
	at grails.gorm.transactions.GrailsTransactionTemplate.execute(GrailsTransactionTemplate.groovy:91)
	at java.base/jdk.internal.reflect.NativeMethodAccessorImpl.invoke(NativeMethodAccessorImpl.java:77)
	at java.base/jdk.internal.reflect.DelegatingMethodAccessorImpl.invoke(DelegatingMethodAccessorImpl.java:43)
	at java.base/jdk.internal.reflect.NativeMethodAccessorImpl.invoke(NativeMethodAccessorImpl.java:77)
	at java.base/jdk.internal.reflect.DelegatingMethodAccessorImpl.invoke(DelegatingMethodAccessorImpl.java:43)
	at grails.gorm.multitenancy.Tenants$_withId_closure2$_closure6.doCall(Tenants.groovy:265)
	at org.grails.orm.hibernate.GrailsHibernateTemplate.doExecute(GrailsHibernateTemplate.java:297)
	at org.grails.orm.hibernate.GrailsHibernateTemplate.execute(GrailsHibernateTemplate.java:241)
	at org.grails.orm.hibernate.GrailsHibernateTemplate.executeWithNewSession(GrailsHibernateTemplate.java:153)
	at org.grails.orm.hibernate.GrailsHibernateTemplate.executeWithExistingOrCreateNewSession(GrailsHibernateTemplate.java:207)
	at org.grails.orm.hibernate.AbstractHibernateDatastore.withNewSession(AbstractHibernateDatastore.java:369)
	at grails.gorm.multitenancy.Tenants$_withId_closure2.doCall(Tenants.groovy:258)
	at grails.gorm.multitenancy.Tenants$CurrentTenant.withTenant(Tenants.groovy:358)
	at grails.gorm.multitenancy.Tenants.withId(Tenants.groovy:236)
	at org.grails.datastore.gorm.services.DefaultTenantService.withCurrent(DefaultTenantService.groovy:71)
	at org.grails.core.DefaultGrailsControllerClass$MethodHandleInvoker.invoke(DefaultGrailsControllerClass.java:223)
	at org.grails.core.DefaultGrailsControllerClass.invoke(DefaultGrailsControllerClass.java:188)
	at org.grails.web.mapping.mvc.UrlMappingsInfoHandlerAdapter.handle(UrlMappingsInfoHandlerAdapter.groovy:90)
	at org.springframework.web.servlet.DispatcherServlet.doDispatch(DispatcherServlet.java:1072)
	at org.springframework.web.servlet.DispatcherServlet.doService(DispatcherServlet.java:965)
	at org.springframework.web.servlet.FrameworkServlet.processRequest(FrameworkServlet.java:1006)
	at org.springframework.web.servlet.FrameworkServlet.doPost(FrameworkServlet.java:909)
	at org.springframework.web.servlet.FrameworkServlet.service(FrameworkServlet.java:883)
	at io.undertow.servlet.handlers.ServletHandler.handleRequest(ServletHandler.java:74)
	at io.undertow.servlet.handlers.FilterHandler$FilterChainImpl.doFilter(FilterHandler.java:129)
	at org.springframework.security.web.FilterChainProxy$VirtualFilterChain.doFilter(FilterChainProxy.java:352)
	at org.springframework.security.web.access.intercept.FilterSecurityInterceptor.invoke(FilterSecurityInterceptor.java:117)
	at org.springframework.security.web.access.intercept.FilterSecurityInterceptor.doFilter(FilterSecurityInterceptor.java:83)
	at org.springframework.security.web.FilterChainProxy$VirtualFilterChain.doFilter(FilterChainProxy.java:361)
	at org.springframework.security.web.access.ExceptionTranslationFilter.doFilter(ExceptionTranslationFilter.java:126)
	at org.springframework.security.web.access.ExceptionTranslationFilter.doFilter(ExceptionTranslationFilter.java:120)
	at grails.plugin.springsecurity.web.UpdateRequestContextHolderExceptionTranslationFilter.doFilter(UpdateRequestContextHolderExceptionTranslationFilter.groovy:64)
	at org.springframework.security.web.FilterChainProxy$VirtualFilterChain.doFilter(FilterChainProxy.java:361)
	at org.springframework.security.web.FilterChainProxy$VirtualFilterChain.doFilter(FilterChainProxy.java:361)
	at grails.plugin.springsecurity.web.filter.GrailsAnonymousAuthenticationFilter.doFilter(GrailsAnonymousAuthenticationFilter.groovy:52)
	at org.springframework.security.web.FilterChainProxy$VirtualFilterChain.doFilter(FilterChainProxy.java:361)
	at org.springframework.security.web.servletapi.SecurityContextHolderAwareRequestFilter.doFilter(SecurityContextHolderAwareRequestFilter.java:164)
	at org.springframework.security.web.FilterChainProxy$VirtualFilterChain.doFilter(FilterChainProxy.java:361)
	at org.springframework.security.web.authentication.AbstractAuthenticationProcessingFilter.doFilter(AbstractAuthenticationProcessingFilter.java:227)
	at org.springframework.security.web.authentication.AbstractAuthenticationProcessingFilter.doFilter(AbstractAuthenticationProcessingFilter.java:221)
	at org.springframework.security.web.FilterChainProxy$VirtualFilterChain.doFilter(FilterChainProxy.java:361)
	at grails.plugin.springsecurity.web.authentication.logout.MutableLogoutFilter.doFilter(MutableLogoutFilter.groovy:62)
	at org.springframework.security.web.FilterChainProxy$VirtualFilterChain.doFilter(FilterChainProxy.java:361)
	at grails.plugin.springsecurity.web.SecurityRequestHolderFilter.doFilter(SecurityRequestHolderFilter.groovy:58)
	at org.springframework.security.web.FilterChainProxy$VirtualFilterChain.doFilter(FilterChainProxy.java:361)
	at com.k_int.okapi.springsecurity.OkapiAuthenticationFilter.successfulAuthentication(OkapiAuthenticationFilter.groovy:127)
	at org.springframework.security.web.authentication.AbstractAuthenticationProcessingFilter.doFilter(AbstractAuthenticationProcessingFilter.java:241)
	at org.springframework.security.web.authentication.AbstractAuthenticationProcessingFilter.doFilter(AbstractAuthenticationProcessingFilter.java:221)
	at org.springframework.security.web.FilterChainProxy$VirtualFilterChain.doFilter(FilterChainProxy.java:361)
	at org.springframework.security.web.FilterChainProxy.doFilterInternal(FilterChainProxy.java:225)
	at org.springframework.security.web.FilterChainProxy.doFilter(FilterChainProxy.java:190)
	at io.undertow.servlet.core.ManagedFilter.doFilter(ManagedFilter.java:67)
	at io.undertow.servlet.handlers.FilterHandler$FilterChainImpl.doFilter(FilterHandler.java:131)
	at org.grails.web.servlet.mvc.GrailsWebRequestFilter.doFilterInternal(GrailsWebRequestFilter.java:77)
	at io.undertow.servlet.core.ManagedFilter.doFilter(ManagedFilter.java:67)
	at io.undertow.servlet.handlers.FilterHandler$FilterChainImpl.doFilter(FilterHandler.java:131)
	at org.grails.web.filters.HiddenHttpMethodFilter.doFilterInternal(HiddenHttpMethodFilter.java:67)
	at io.undertow.servlet.core.ManagedFilter.doFilter(ManagedFilter.java:67)
	at io.undertow.servlet.handlers.FilterHandler$FilterChainImpl.doFilter(FilterHandler.java:131)
	at io.undertow.servlet.core.ManagedFilter.doFilter(ManagedFilter.java:67)
	at io.undertow.servlet.handlers.FilterHandler$FilterChainImpl.doFilter(FilterHandler.java:131)
	at io.undertow.servlet.core.ManagedFilter.doFilter(ManagedFilter.java:67)
	at io.undertow.servlet.handlers.FilterHandler$FilterChainImpl.doFilter(FilterHandler.java:131)
	at io.undertow.servlet.core.ManagedFilter.doFilter(ManagedFilter.java:67)
	at io.undertow.servlet.handlers.FilterHandler$FilterChainImpl.doFilter(FilterHandler.java:131)
	at io.undertow.servlet.handlers.FilterHandler.handleRequest(FilterHandler.java:84)
	at io.undertow.servlet.handlers.security.ServletSecurityRoleHandler.handleRequest(ServletSecurityRoleHandler.java:62)
	at io.undertow.servlet.handlers.ServletChain$1.handleRequest(ServletChain.java:68)
	at io.undertow.servlet.handlers.ServletDispatchingHandler.handleRequest(ServletDispatchingHandler.java:36)
	at io.undertow.servlet.handlers.RedirectDirHandler.handleRequest(RedirectDirHandler.java:68)
	at io.undertow.servlet.handlers.security.SSLInformationAssociationHandler.handleRequest(SSLInformationAssociationHandler.java:117)
	at io.undertow.servlet.handlers.security.ServletAuthenticationCallHandler.handleRequest(ServletAuthenticationCallHandler.java:57)
	at io.undertow.server.handlers.PredicateHandler.handleRequest(PredicateHandler.java:43)
	at io.undertow.security.handlers.AbstractConfidentialityHandler.handleRequest(AbstractConfidentialityHandler.java:46)
	at io.undertow.servlet.handlers.security.ServletConfidentialityConstraintHandler.handleRequest(ServletConfidentialityConstraintHandler.java:64)
	at io.undertow.security.handlers.AuthenticationMechanismsHandler.handleRequest(AuthenticationMechanismsHandler.java:60)
	at io.undertow.servlet.handlers.security.CachedAuthenticatedSessionHandler.handleRequest(CachedAuthenticatedSessionHandler.java:75)
	at io.undertow.security.handlers.AbstractSecurityContextAssociationHandler.handleRequest(AbstractSecurityContextAssociationHandler.java:43)
	at io.undertow.server.handlers.PredicateHandler.handleRequest(PredicateHandler.java:43)
	at io.undertow.servlet.handlers.SendErrorPageHandler.handleRequest(SendErrorPageHandler.java:52)
	at io.undertow.server.handlers.PredicateHandler.handleRequest(PredicateHandler.java:43)
	at io.undertow.servlet.handlers.ServletInitialHandler.handleFirstRequest(ServletInitialHandler.java:270)
	at io.undertow.servlet.handlers.ServletInitialHandler.access$000(ServletInitialHandler.java:78)
	at io.undertow.servlet.handlers.ServletInitialHandler$1.call(ServletInitialHandler.java:129)
	at io.undertow.servlet.handlers.ServletInitialHandler$1.call(ServletInitialHandler.java:126)
	at io.undertow.servlet.core.ServletRequestContextThreadSetupAction$1.call(ServletRequestContextThreadSetupAction.java:48)
	at io.undertow.servlet.core.ContextClassLoaderSetupAction$1.call(ContextClassLoaderSetupAction.java:43)
	at io.undertow.servlet.handlers.ServletInitialHandler.dispatchRequest(ServletInitialHandler.java:250)
	at io.undertow.servlet.handlers.ServletInitialHandler.lambda$new$1(ServletInitialHandler.java:98)
	at io.undertow.server.Connectors.executeRootHandler(Connectors.java:395)
	at io.undertow.server.HttpServerExchange$1.run(HttpServerExchange.java:931)
	at org.jboss.threads.ContextHandler$1.runWith(ContextHandler.java:18)
	at org.jboss.threads.EnhancedQueueExecutor$Task.run(EnhancedQueueExecutor.java:2513)
	at org.jboss.threads.EnhancedQueueExecutor$ThreadBody.run(EnhancedQueueExecutor.java:1538)
	at org.xnio.XnioWorker$WorkerThreadFactory$1$1.run(XnioWorker.java:1282)
	at java.base/java.lang.Thread.run(Thread.java:840)
Caused by: org.springframework.context.NoSuchMessageException: No message found under code 'unique' for locale 'en_US'.
	at org.springframework.context.support.AbstractMessageSource.getMessage(AbstractMessageSource.java:179)
	at mod_service_interaction_errors__errors_gson$_run_closure1.doCall(mod_service_interaction_errors__errors_gson:20)
	at grails.plugin.json.builder.StreamingJsonBuilder$StreamingJsonDelegate.cloneDelegateAndGetContent(StreamingJsonBuilder.java:836)
	at grails.plugin.json.builder.StreamingJsonBuilder.call(StreamingJsonBuilder.java:255)
	at grails.plugin.json.view.JsonViewWritableScript.json(JsonViewWritableScript.groovy:81)
	at mod_service_interaction_errors__errors_gson.run(mod_service_interaction_errors__errors_gson:12)
	at grails.plugin.json.view.JsonViewWritableScript.doWrite(JsonViewWritableScript.groovy:29)
	at grails.views.AbstractWritableScript.writeTo(AbstractWritableScript.groovy:40)
	... 116 common frames omitted

2026-07-21 07:21:11.308  DEBUG  --- [  XNIO-1 task-2] c.k.o.s.OkapiAuthenticationFilter        : Set SecurityContextHolder to OkapiAuthenticationToken [Principal=com.k_int.okapi.springsecurity.OkapiAuthenticationToken$OkapiUserDetails@216c3ca2, Credentials=[PROTECTED], Authenticated=true, Details=null, Granted Authorities=[]]
2026-07-21 07:21:11.309   INFO  --- [  XNIO-1 task-2] c.k.o.s.OkapiAuthenticationFilter        : OKAPI User added to security context OkapiAuthenticationToken [Principal=com.k_int.okapi.springsecurity.OkapiAuthenticationToken$OkapiUserDetails@216c3ca2, Credentials=[PROTECTED], Authenticated=true, Details=null, Granted Authorities=[]]
2026-07-21 07:21:11.311  DEBUG  --- [  XNIO-1 task-2] com.k_int.okapi.OkapiTenantAdminService  : checkTenantAndEnsureDatasource
2026-07-21 07:21:11.312  DEBUG  --- [  XNIO-1 task-2] com.k_int.okapi.OkapiTenantAdminService  : Checking to see if r13a is already active
2026-07-21 07:21:11.314  DEBUG  --- [  XNIO-1 task-2] com.k_int.okapi.OkapiTenantAdminService  : ensureDatasource for r13a_mod_service_interaction
2026-07-21 07:21:11.316   INFO  --- [  XNIO-1 task-2] c.k_int.web.toolkit.SimpleLookupService  : Parse tree: (filters (filter_expr (standard_expr name (operator ==) (value_exp m4 - def))) <EOF>)
2026-07-21 07:21:11.316   INFO  --- [  XNIO-1 task-2] c.k_int.web.toolkit.SimpleLookupService  : Begin parsing filters
2026-07-21 07:21:11.316  DEBUG  --- [  XNIO-1 task-2] com.k_int.web.toolkit.utils.DomainUtils  : Returning org.olf.WidgetDefinition:name from cache.
2026-07-21 07:21:11.316  DEBUG  --- [  XNIO-1 task-2] com.k_int.web.toolkit.utils.DomainUtils  : Returning org.olf.WidgetDefinition:name from cache.
2026-07-21 07:21:11.316  DEBUG  --- [  XNIO-1 task-2] c.k_int.web.toolkit.SimpleLookupService  : Looking for property name
2026-07-21 07:21:11.316  DEBUG  --- [  XNIO-1 task-2] c.k_int.web.toolkit.SimpleLookupService  : equality filter
2026-07-21 07:21:11.317   INFO  --- [  XNIO-1 task-2] c.k_int.web.toolkit.SimpleLookupService  : Finished parsing filters
2026-07-21 07:21:11.337  DEBUG  --- [  XNIO-1 task-2] c.k.o.s.OkapiAuthenticationFilter        : Set SecurityContextHolder to OkapiAuthenticationToken [Principal=com.k_int.okapi.springsecurity.OkapiAuthenticationToken$OkapiUserDetails@3587b783, Credentials=[PROTECTED], Authenticated=true, Details=null, Granted Authorities=[]]
2026-07-21 07:21:11.337   INFO  --- [  XNIO-1 task-2] c.k.o.s.OkapiAuthenticationFilter        : OKAPI User added to security context OkapiAuthenticationToken [Principal=com.k_int.okapi.springsecurity.OkapiAuthenticationToken$OkapiUserDetails@3587b783, Credentials=[PROTECTED], Authenticated=true, Details=null, Granted Authorities=[]]
2026-07-21 07:21:11.339  DEBUG  --- [  XNIO-1 task-2] com.k_int.okapi.OkapiTenantAdminService  : checkTenantAndEnsureDatasource
2026-07-21 07:21:11.342  DEBUG  --- [  XNIO-1 task-2] com.k_int.okapi.OkapiTenantAdminService  : Checking to see if r13a is already active
2026-07-21 07:21:11.343  DEBUG  --- [  XNIO-1 task-2] com.k_int.okapi.OkapiTenantAdminService  : ensureDatasource for r13a_mod_service_interaction
2026-07-21 07:21:11.557  DEBUG  --- [  XNIO-1 task-2] c.k.o.s.OkapiAuthenticationFilter        : Set SecurityContextHolder to OkapiAuthenticationToken [Principal=com.k_int.okapi.springsecurity.OkapiAuthenticationToken$OkapiUserDetails@2379343b, Credentials=[PROTECTED], Authenticated=true, Details=null, Granted Authorities=[]]
2026-07-21 07:21:11.557   INFO  --- [  XNIO-1 task-2] c.k.o.s.OkapiAuthenticationFilter        : OKAPI User added to security context OkapiAuthenticationToken [Principal=com.k_int.okapi.springsecurity.OkapiAuthenticationToken$OkapiUserDetails@2379343b, Credentials=[PROTECTED], Authenticated=true, Details=null, Granted Authorities=[]]
2026-07-21 07:21:11.559  DEBUG  --- [  XNIO-1 task-2] com.k_int.okapi.OkapiTenantAdminService  : checkTenantAndEnsureDatasource
2026-07-21 07:21:11.561  DEBUG  --- [  XNIO-1 task-2] com.k_int.okapi.OkapiTenantAdminService  : Checking to see if r13a is already active
2026-07-21 07:21:11.562  DEBUG  --- [  XNIO-1 task-2] com.k_int.okapi.OkapiTenantAdminService  : ensureDatasource for r13a_mod_service_interaction
2026-07-21 07:21:11.592  DEBUG  --- [  XNIO-1 task-2] c.k.o.s.OkapiAuthenticationFilter        : Set SecurityContextHolder to OkapiAuthenticationToken [Principal=com.k_int.okapi.springsecurity.OkapiAuthenticationToken$OkapiUserDetails@6297bcc8, Credentials=[PROTECTED], Authenticated=true, Details=null, Granted Authorities=[]]
2026-07-21 07:21:11.593   INFO  --- [  XNIO-1 task-2] c.k.o.s.OkapiAuthenticationFilter        : OKAPI User added to security context OkapiAuthenticationToken [Principal=com.k_int.okapi.springsecurity.OkapiAuthenticationToken$OkapiUserDetails@6297bcc8, Credentials=[PROTECTED], Authenticated=true, Details=null, Granted Authorities=[]]
2026-07-21 07:21:11.595  DEBUG  --- [  XNIO-1 task-2] com.k_int.okapi.OkapiTenantAdminService  : checkTenantAndEnsureDatasource
2026-07-21 07:21:11.597  DEBUG  --- [  XNIO-1 task-2] com.k_int.okapi.OkapiTenantAdminService  : Checking to see if r13a is already active
2026-07-21 07:21:11.598  DEBUG  --- [  XNIO-1 task-2] com.k_int.okapi.OkapiTenantAdminService  : ensureDatasource for r13a_mod_service_interaction
2026-07-21 07:21:11.820  DEBUG  --- [  XNIO-1 task-2] c.k.o.s.OkapiAuthenticationFilter        : Set SecurityContextHolder to OkapiAuthenticationToken [Principal=com.k_int.okapi.springsecurity.OkapiAuthenticationToken$OkapiUserDetails@425939b2, Credentials=[PROTECTED], Authenticated=true, Details=null, Granted Authorities=[]]
2026-07-21 07:21:11.820   INFO  --- [  XNIO-1 task-2] c.k.o.s.OkapiAuthenticationFilter        : OKAPI User added to security context OkapiAuthenticationToken [Principal=com.k_int.okapi.springsecurity.OkapiAuthenticationToken$OkapiUserDetails@425939b2, Credentials=[PROTECTED], Authenticated=true, Details=null, Granted Authorities=[]]
2026-07-21 07:21:11.823  DEBUG  --- [  XNIO-1 task-2] com.k_int.okapi.OkapiTenantAdminService  : checkTenantAndEnsureDatasource
2026-07-21 07:21:11.824  DEBUG  --- [  XNIO-1 task-2] com.k_int.okapi.OkapiTenantAdminService  : Checking to see if r13a is already active
2026-07-21 07:21:11.826  DEBUG  --- [  XNIO-1 task-2] com.k_int.okapi.OkapiTenantAdminService  : ensureDatasource for r13a_mod_service_interaction
2026-07-21 07:21:12.295  DEBUG  --- [  XNIO-1 task-2] c.k.o.s.OkapiAuthenticationFilter        : Set SecurityContextHolder to OkapiAuthenticationToken [Principal=com.k_int.okapi.springsecurity.OkapiAuthenticationToken$OkapiUserDetails@6a41d69b, Credentials=[PROTECTED], Authenticated=true, Details=null, Granted Authorities=[]]
2026-07-21 07:21:12.295   INFO  --- [  XNIO-1 task-2] c.k.o.s.OkapiAuthenticationFilter        : OKAPI User added to security context OkapiAuthenticationToken [Principal=com.k_int.okapi.springsecurity.OkapiAuthenticationToken$OkapiUserDetails@6a41d69b, Credentials=[PROTECTED], Authenticated=true, Details=null, Granted Authorities=[]]
2026-07-21 07:21:12.296  DEBUG  --- [  XNIO-1 task-2] com.k_int.okapi.OkapiTenantAdminService  : checkTenantAndEnsureDatasource
2026-07-21 07:21:12.299  DEBUG  --- [  XNIO-1 task-2] com.k_int.okapi.OkapiTenantAdminService  : Checking to see if r13a is already active
2026-07-21 07:21:12.299  DEBUG  --- [  XNIO-1 task-2] com.k_int.okapi.OkapiTenantAdminService  : ensureDatasource for r13a_mod_service_interaction
2026-07-21 07:21:12.329  DEBUG  --- [  XNIO-1 task-2] c.k.o.s.OkapiAuthenticationFilter        : Set SecurityContextHolder to OkapiAuthenticationToken [Principal=com.k_int.okapi.springsecurity.OkapiAuthenticationToken$OkapiUserDetails@32828ad5, Credentials=[PROTECTED], Authenticated=true, Details=null, Granted Authorities=[]]
2026-07-21 07:21:12.329   INFO  --- [  XNIO-1 task-2] c.k.o.s.OkapiAuthenticationFilter        : OKAPI User added to security context OkapiAuthenticationToken [Principal=com.k_int.okapi.springsecurity.OkapiAuthenticationToken$OkapiUserDetails@32828ad5, Credentials=[PROTECTED], Authenticated=true, Details=null, Granted Authorities=[]]
2026-07-21 07:21:12.331  DEBUG  --- [  XNIO-1 task-2] com.k_int.okapi.OkapiTenantAdminService  : checkTenantAndEnsureDatasource
2026-07-21 07:21:12.333  DEBUG  --- [  XNIO-1 task-2] com.k_int.okapi.OkapiTenantAdminService  : Checking to see if r13a is already active
2026-07-21 07:21:12.334  DEBUG  --- [  XNIO-1 task-2] com.k_int.okapi.OkapiTenantAdminService  : ensureDatasource for r13a_mod_service_interaction
2026-07-21 07:21:12.336  DEBUG  --- [  XNIO-1 task-2] o.o.n.NumberGeneratorController          : NumberGeneratorController::getNextNumber(m4gen,plain)
2026-07-21 07:21:12.466  DEBUG  --- [  XNIO-1 task-2] c.k.o.s.OkapiAuthenticationFilter        : Set SecurityContextHolder to OkapiAuthenticationToken [Principal=com.k_int.okapi.springsecurity.OkapiAuthenticationToken$OkapiUserDetails@34b9a388, Credentials=[PROTECTED], Authenticated=true, Details=null, Granted Authorities=[]]
2026-07-21 07:21:12.466   INFO  --- [  XNIO-1 task-2] c.k.o.s.OkapiAuthenticationFilter        : OKAPI User added to security context OkapiAuthenticationToken [Principal=com.k_int.okapi.springsecurity.OkapiAuthenticationToken$OkapiUserDetails@34b9a388, Credentials=[PROTECTED], Authenticated=true, Details=null, Granted Authorities=[]]
2026-07-21 07:21:12.468  DEBUG  --- [  XNIO-1 task-2] com.k_int.okapi.OkapiTenantAdminService  : checkTenantAndEnsureDatasource
2026-07-21 07:21:12.469  DEBUG  --- [  XNIO-1 task-2] com.k_int.okapi.OkapiTenantAdminService  : Checking to see if r13a is already active
2026-07-21 07:21:12.471  DEBUG  --- [  XNIO-1 task-2] com.k_int.okapi.OkapiTenantAdminService  : ensureDatasource for r13a_mod_service_interaction
2026-07-21 07:21:12.471  DEBUG  --- [  XNIO-1 task-2] o.o.n.NumberGeneratorController          : NumberGeneratorController::getNextNumber(m4gen,plain)
2026-07-21 07:21:12.548  DEBUG  --- [  XNIO-1 task-2] c.k.o.s.OkapiAuthenticationFilter        : Set SecurityContextHolder to OkapiAuthenticationToken [Principal=com.k_int.okapi.springsecurity.OkapiAuthenticationToken$OkapiUserDetails@4080f800, Credentials=[PROTECTED], Authenticated=true, Details=null, Granted Authorities=[]]
2026-07-21 07:21:12.549   INFO  --- [  XNIO-1 task-2] c.k.o.s.OkapiAuthenticationFilter        : OKAPI User added to security context OkapiAuthenticationToken [Principal=com.k_int.okapi.springsecurity.OkapiAuthenticationToken$OkapiUserDetails@4080f800, Credentials=[PROTECTED], Authenticated=true, Details=null, Granted Authorities=[]]
2026-07-21 07:21:12.550  DEBUG  --- [  XNIO-1 task-2] com.k_int.okapi.OkapiTenantAdminService  : checkTenantAndEnsureDatasource
2026-07-21 07:21:12.552  DEBUG  --- [  XNIO-1 task-2] com.k_int.okapi.OkapiTenantAdminService  : Checking to see if r13a is already active
2026-07-21 07:21:12.553  DEBUG  --- [  XNIO-1 task-2] com.k_int.okapi.OkapiTenantAdminService  : ensureDatasource for r13a_mod_service_interaction
2026-07-21 07:21:12.553  DEBUG  --- [  XNIO-1 task-2] o.o.n.NumberGeneratorController          : NumberGeneratorController::getNextNumber(m4gen,plain)
2026-07-21 07:21:12.622  DEBUG  --- [  XNIO-1 task-2] c.k.o.s.OkapiAuthenticationFilter        : Set SecurityContextHolder to OkapiAuthenticationToken [Principal=com.k_int.okapi.springsecurity.OkapiAuthenticationToken$OkapiUserDetails@7b0c1689, Credentials=[PROTECTED], Authenticated=true, Details=null, Granted Authorities=[]]
2026-07-21 07:21:12.622   INFO  --- [  XNIO-1 task-2] c.k.o.s.OkapiAuthenticationFilter        : OKAPI User added to security context OkapiAuthenticationToken [Principal=com.k_int.okapi.springsecurity.OkapiAuthenticationToken$OkapiUserDetails@7b0c1689, Credentials=[PROTECTED], Authenticated=true, Details=null, Granted Authorities=[]]
2026-07-21 07:21:12.624  DEBUG  --- [  XNIO-1 task-2] com.k_int.okapi.OkapiTenantAdminService  : checkTenantAndEnsureDatasource
2026-07-21 07:21:12.626  DEBUG  --- [  XNIO-1 task-2] com.k_int.okapi.OkapiTenantAdminService  : Checking to see if r13a is already active
2026-07-21 07:21:12.628  DEBUG  --- [  XNIO-1 task-2] com.k_int.okapi.OkapiTenantAdminService  : ensureDatasource for r13a_mod_service_interaction
2026-07-21 07:21:12.628  DEBUG  --- [  XNIO-1 task-2] o.o.n.NumberGeneratorController          : NumberGeneratorController::getNextNumber(m4gen,checked)
2026-07-21 07:21:12.641  DEBUG  --- [  XNIO-1 task-2] o.o.n.NumberGeneratorController          : generateCheckSum(ean13,000000001)
2026-07-21 07:21:12.703  DEBUG  --- [  XNIO-1 task-2] c.k.o.s.OkapiAuthenticationFilter        : Set SecurityContextHolder to OkapiAuthenticationToken [Principal=com.k_int.okapi.springsecurity.OkapiAuthenticationToken$OkapiUserDetails@10e755c9, Credentials=[PROTECTED], Authenticated=true, Details=null, Granted Authorities=[]]
2026-07-21 07:21:12.703   INFO  --- [  XNIO-1 task-2] c.k.o.s.OkapiAuthenticationFilter        : OKAPI User added to security context OkapiAuthenticationToken [Principal=com.k_int.okapi.springsecurity.OkapiAuthenticationToken$OkapiUserDetails@10e755c9, Credentials=[PROTECTED], Authenticated=true, Details=null, Granted Authorities=[]]
2026-07-21 07:21:12.705  DEBUG  --- [  XNIO-1 task-2] com.k_int.okapi.OkapiTenantAdminService  : checkTenantAndEnsureDatasource
2026-07-21 07:21:12.708  DEBUG  --- [  XNIO-1 task-2] com.k_int.okapi.OkapiTenantAdminService  : Checking to see if r13a is already active
2026-07-21 07:21:12.709  DEBUG  --- [  XNIO-1 task-2] com.k_int.okapi.OkapiTenantAdminService  : ensureDatasource for r13a_mod_service_interaction
2026-07-21 07:21:12.711  DEBUG  --- [  XNIO-1 task-2] c.k_int.web.toolkit.SimpleLookupService  : Looking for property code
2026-07-21 07:21:12.712  DEBUG  --- [  XNIO-1 task-2] c.k_int.web.toolkit.SimpleLookupService  : Sort on code asc.
2026-07-21 07:21:12.830  DEBUG  --- [  XNIO-1 task-2] c.k.o.s.OkapiAuthenticationFilter        : Set SecurityContextHolder to OkapiAuthenticationToken [Principal=com.k_int.okapi.springsecurity.OkapiAuthenticationToken$OkapiUserDetails@f310652, Credentials=[PROTECTED], Authenticated=true, Details=null, Granted Authorities=[]]
2026-07-21 07:21:12.831   INFO  --- [  XNIO-1 task-2] c.k.o.s.OkapiAuthenticationFilter        : OKAPI User added to security context OkapiAuthenticationToken [Principal=com.k_int.okapi.springsecurity.OkapiAuthenticationToken$OkapiUserDetails@f310652, Credentials=[PROTECTED], Authenticated=true, Details=null, Granted Authorities=[]]
2026-07-21 07:21:12.833  DEBUG  --- [  XNIO-1 task-2] com.k_int.okapi.OkapiTenantAdminService  : checkTenantAndEnsureDatasource
2026-07-21 07:21:12.836  DEBUG  --- [  XNIO-1 task-2] com.k_int.okapi.OkapiTenantAdminService  : Checking to see if r13a is already active
2026-07-21 07:21:12.838  DEBUG  --- [  XNIO-1 task-2] com.k_int.okapi.OkapiTenantAdminService  : ensureDatasource for r13a_mod_service_interaction
2026-07-21 07:21:12.838  DEBUG  --- [  XNIO-1 task-2] o.o.n.NumberGeneratorController          : NumberGeneratorController::getNextNumber(inventory_accessionNumber,accessionNumber)
2026-07-21 07:21:12.897  DEBUG  --- [  XNIO-1 task-2] c.k.o.s.OkapiAuthenticationFilter        : Set SecurityContextHolder to OkapiAuthenticationToken [Principal=com.k_int.okapi.springsecurity.OkapiAuthenticationToken$OkapiUserDetails@3b47eab2, Credentials=[PROTECTED], Authenticated=true, Details=null, Granted Authorities=[]]
2026-07-21 07:21:12.897   INFO  --- [  XNIO-1 task-2] c.k.o.s.OkapiAuthenticationFilter        : OKAPI User added to security context OkapiAuthenticationToken [Principal=com.k_int.okapi.springsecurity.OkapiAuthenticationToken$OkapiUserDetails@3b47eab2, Credentials=[PROTECTED], Authenticated=true, Details=null, Granted Authorities=[]]
2026-07-21 07:21:12.899  DEBUG  --- [  XNIO-1 task-2] com.k_int.okapi.OkapiTenantAdminService  : checkTenantAndEnsureDatasource
2026-07-21 07:21:12.900  DEBUG  --- [  XNIO-1 task-2] com.k_int.okapi.OkapiTenantAdminService  : Checking to see if r13a is already active
2026-07-21 07:21:12.901  DEBUG  --- [  XNIO-1 task-2] com.k_int.okapi.OkapiTenantAdminService  : ensureDatasource for r13a_mod_service_interaction
2026-07-21 07:21:13.073  DEBUG  --- [  XNIO-1 task-2] c.k.o.s.OkapiAuthenticationFilter        : Set SecurityContextHolder to OkapiAuthenticationToken [Principal=com.k_int.okapi.springsecurity.OkapiAuthenticationToken$OkapiUserDetails@4e4d0566, Credentials=[PROTECTED], Authenticated=true, Details=null, Granted Authorities=[]]
2026-07-21 07:21:13.073   INFO  --- [  XNIO-1 task-2] c.k.o.s.OkapiAuthenticationFilter        : OKAPI User added to security context OkapiAuthenticationToken [Principal=com.k_int.okapi.springsecurity.OkapiAuthenticationToken$OkapiUserDetails@4e4d0566, Credentials=[PROTECTED], Authenticated=true, Details=null, Granted Authorities=[]]
2026-07-21 07:21:13.075  DEBUG  --- [  XNIO-1 task-2] com.k_int.okapi.OkapiTenantAdminService  : checkTenantAndEnsureDatasource
2026-07-21 07:21:13.076  DEBUG  --- [  XNIO-1 task-2] com.k_int.okapi.OkapiTenantAdminService  : Checking to see if r13a is already active
2026-07-21 07:21:13.077  DEBUG  --- [  XNIO-1 task-2] com.k_int.okapi.OkapiTenantAdminService  : ensureDatasource for r13a_mod_service_interaction
2026-07-21 07:21:13.098  DEBUG  --- [  XNIO-1 task-2] c.k.o.s.OkapiAuthenticationFilter        : Set SecurityContextHolder to OkapiAuthenticationToken [Principal=com.k_int.okapi.springsecurity.OkapiAuthenticationToken$OkapiUserDetails@27e8d88d, Credentials=[PROTECTED], Authenticated=true, Details=null, Granted Authorities=[]]
2026-07-21 07:21:13.099   INFO  --- [  XNIO-1 task-2] c.k.o.s.OkapiAuthenticationFilter        : OKAPI User added to security context OkapiAuthenticationToken [Principal=com.k_int.okapi.springsecurity.OkapiAuthenticationToken$OkapiUserDetails@27e8d88d, Credentials=[PROTECTED], Authenticated=true, Details=null, Granted Authorities=[]]
2026-07-21 07:21:13.100  DEBUG  --- [  XNIO-1 task-2] com.k_int.okapi.OkapiTenantAdminService  : checkTenantAndEnsureDatasource
2026-07-21 07:21:13.101  DEBUG  --- [  XNIO-1 task-2] com.k_int.okapi.OkapiTenantAdminService  : Checking to see if r13a is already active
2026-07-21 07:21:13.102  DEBUG  --- [  XNIO-1 task-2] com.k_int.okapi.OkapiTenantAdminService  : ensureDatasource for r13a_mod_service_interaction
2026-07-21 07:21:13.288  DEBUG  --- [  XNIO-1 task-2] c.k.o.s.OkapiAuthenticationFilter        : Set SecurityContextHolder to OkapiAuthenticationToken [Principal=com.k_int.okapi.springsecurity.OkapiAuthenticationToken$OkapiUserDetails@4f1a1492, Credentials=[PROTECTED], Authenticated=true, Details=null, Granted Authorities=[]]
2026-07-21 07:21:13.289   INFO  --- [  XNIO-1 task-2] c.k.o.s.OkapiAuthenticationFilter        : OKAPI User added to security context OkapiAuthenticationToken [Principal=com.k_int.okapi.springsecurity.OkapiAuthenticationToken$OkapiUserDetails@4f1a1492, Credentials=[PROTECTED], Authenticated=true, Details=null, Granted Authorities=[]]
2026-07-21 07:21:13.290  DEBUG  --- [  XNIO-1 task-2] com.k_int.okapi.OkapiTenantAdminService  : checkTenantAndEnsureDatasource
2026-07-21 07:21:13.292  DEBUG  --- [  XNIO-1 task-2] com.k_int.okapi.OkapiTenantAdminService  : Checking to see if r13a is already active
2026-07-21 07:21:13.293  DEBUG  --- [  XNIO-1 task-2] com.k_int.okapi.OkapiTenantAdminService  : ensureDatasource for r13a_mod_service_interaction
2026-07-21 07:21:13.315   INFO  --- [  XNIO-1 task-2] org.olf.AttestedAssertionController      : AttestedAssertionController::token
2026-07-21 07:21:13.315   INFO  --- [  XNIO-1 task-2] org.olf.AttestedAssertionController      : Sec ctx: OkapiAuthenticationToken [Principal=com.k_int.okapi.springsecurity.OkapiAuthenticationToken$OkapiUserDetails@4f1a1492, Credentials=[PROTECTED], Authenticated=true, Details=null, Granted Authorities=[]]
2026-07-21 07:21:13.316   INFO  --- [  XNIO-1 task-2] org.olf.AttestedAssertionController      : Generating attestation assertion....r13a_mod_service_interaction 11111111-1111-1111-1111-111111111111 com.k_int.okapi.springsecurity.OkapiAuthenticationToken$OkapiUserDetails@4f1a1492
2026-07-21 07:21:13.324   INFO  --- [  XNIO-1 task-2] org.olf.AttestedAssertionController      : Existing keys: []
2026-07-21 07:21:13.325   INFO  --- [  XNIO-1 task-2] org.olf.AttestedAssertionController      : Test cert flow
2026-07-21 07:21:13.330   INFO  --- [  XNIO-1 task-2] org.olf.rfc8693.KeyPairService           : getCurrentKeyForUsage(extApp)
2026-07-21 07:21:13.330   INFO  --- [  XNIO-1 task-2] org.olf.rfc8693.KeyPairService           : Tenants.currentId = r13a_mod_service_interaction
2026-07-21 07:21:13.341   INFO  --- [  XNIO-1 task-2] org.olf.rfc8693.KeyPairService           : Create a new key pair
2026-07-21 07:21:13.753   INFO  --- [  XNIO-1 task-2] org.olf.AttestedAssertionController      : Attestation: eyJraWQiOiJleHRBcHAiLCJ0eXAiOiJKV1QiLCJhbGciOiJSUzI1NiJ9.eyJzdWIiOiIxMTExMTExMS0xMTExLTExMTEtMTExMS0xMTExMTExMTExMTEiLCJhdWQiOiJleHRBcHAiLCJpc3MiOiJGT0xJTzo6bW9kLXNlcnZpY2UtaW50ZXJhY3Rpb24iLCJleHAiOjE3ODQ2MTg3NzMsImlhdCI6MTc4NDYxODQ3MywianRpIjoiYzQ2ZmVkMzgtZjVkNC00NjUwLTgwOTUtNTNjYzI4NjYzYmJmIiwidGVuYW50IjoicjEzYV9tb2Rfc2VydmljZV9pbnRlcmFjdGlvbiJ9.W1qOhB9VXDZw3ZxGNqb_apNSFZvzQShh2RfeoSQLas5MRBBBGaVhq3CiHLigEXJGER3JLcq_hze69On3zNGPSDHsnkAa5VWg2MZK28NOF4NSAko2dkAIzcncZ_hO5r3jL-f4qzaMblCq8yMXm7NX0vf-sk1Y2IxqxSRwd1G9N9vfU_0NQGs_vnD75n3MkEtsDW_NO0JzDlzgLltW52OIEGjXfAYoGVPOcfyk7dkW4vvvbiBtqgsydamqT9OVAwG_thZTmLqGbDQmEQLg1oA1ZuSOlkHVoAPtVgvhpOU3ydaUdjcJlyUUtGSqVelKJOag0SZ20WEZQL4bID408cCOog
2026-07-21 07:21:13.779  DEBUG  --- [  XNIO-1 task-2] c.k.o.s.OkapiAuthenticationFilter        : Set SecurityContextHolder to OkapiAuthenticationToken [Principal=com.k_int.okapi.springsecurity.OkapiAuthenticationToken$OkapiUserDetails@28c6e60a, Credentials=[PROTECTED], Authenticated=true, Details=null, Granted Authorities=[]]
2026-07-21 07:21:13.779   INFO  --- [  XNIO-1 task-2] c.k.o.s.OkapiAuthenticationFilter        : OKAPI User added to security context OkapiAuthenticationToken [Principal=com.k_int.okapi.springsecurity.OkapiAuthenticationToken$OkapiUserDetails@28c6e60a, Credentials=[PROTECTED], Authenticated=true, Details=null, Granted Authorities=[]]
2026-07-21 07:21:13.781  DEBUG  --- [  XNIO-1 task-2] com.k_int.okapi.OkapiTenantAdminService  : checkTenantAndEnsureDatasource
2026-07-21 07:21:13.783  DEBUG  --- [  XNIO-1 task-2] com.k_int.okapi.OkapiTenantAdminService  : Checking to see if r13a is already active
2026-07-21 07:21:13.784  DEBUG  --- [  XNIO-1 task-2] com.k_int.okapi.OkapiTenantAdminService  : ensureDatasource for r13a_mod_service_interaction
2026-07-21 07:21:13.786   INFO  --- [  XNIO-1 task-2] c.k_int.web.toolkit.SimpleLookupService  : Parse tree: (filters (filter_expr (standard_expr enabled (operator ==) (value_exp notabool))) <EOF>)
2026-07-21 07:21:13.786   INFO  --- [  XNIO-1 task-2] c.k_int.web.toolkit.SimpleLookupService  : Begin parsing filters
2026-07-21 07:21:13.786  DEBUG  --- [  XNIO-1 task-2] com.k_int.web.toolkit.utils.DomainUtils  : Returning org.olf.numgen.NumberGeneratorSequence:enabled from cache.
2026-07-21 07:21:13.786  DEBUG  --- [  XNIO-1 task-2] c.k_int.web.toolkit.SimpleLookupService  : Looking for property enabled
2026-07-21 07:21:13.793  ERROR  --- [  XNIO-1 task-2] StackTrace                               : Full Stack Trace:

org.springframework.core.convert.ConversionFailedException: Failed to convert from type [java.lang.String] to type [java.lang.Boolean] for value [notabool]; nested exception is java.lang.IllegalArgumentException: Invalid boolean value 'notabool'
	at org.springframework.core.convert.support.ConversionUtils.invokeConverter(ConversionUtils.java:47)
	at org.springframework.core.convert.support.GenericConversionService.convert(GenericConversionService.java:192)
	at org.springframework.core.convert.support.GenericConversionService.convert(GenericConversionService.java:175)
	at org.springframework.core.convert.ConversionService$convert$0.call(Unknown Source)
	at org.codehaus.groovy.runtime.callsite.CallSiteArray.defaultCall(CallSiteArray.java:47)
	at org.springframework.core.convert.ConversionService$convert$0.call(Unknown Source)
	at org.grails.web.databinding.SpringConversionServiceAdapter.convert(SpringConversionServiceAdapter.groovy:38)
	at grails.databinding.SimpleDataBinder.convert(SimpleDataBinder.groovy:806)
	at grails.web.databinding.GrailsWebDataBinder.convert(GrailsWebDataBinder.groovy:644)
	at com.k_int.web.toolkit.databinding.ExtendedWebDataBinder.convert(ExtendedWebDataBinder.groovy:492)
	at com.k_int.web.toolkit.databinding.ExtendedWebDataBinder.attemptConversion(ExtendedWebDataBinder.groovy:478)
	at java.base/jdk.internal.reflect.NativeMethodAccessorImpl.invoke0(Native Method)
	at java.base/jdk.internal.reflect.NativeMethodAccessorImpl.invoke(NativeMethodAccessorImpl.java:77)
	at java.base/jdk.internal.reflect.DelegatingMethodAccessorImpl.invoke(DelegatingMethodAccessorImpl.java:43)
	at java.base/java.lang.reflect.Method.invoke(Method.java:569)
	at org.codehaus.groovy.runtime.callsite.PlainObjectMetaMethodSite.doInvoke(PlainObjectMetaMethodSite.java:48)
	at org.codehaus.groovy.runtime.callsite.PogoMetaMethodSite$PogoCachedMethodSiteNoUnwrapNoCoerce.invoke(PogoMetaMethodSite.java:189)
	at org.codehaus.groovy.runtime.callsite.PogoMetaMethodSite.call(PogoMetaMethodSite.java:69)
	at org.codehaus.groovy.runtime.callsite.CallSiteArray.defaultCall(CallSiteArray.java:47)
	at org.codehaus.groovy.runtime.callsite.AbstractCallSite.call(AbstractCallSite.java:125)
	at org.codehaus.groovy.runtime.callsite.AbstractCallSite.call(AbstractCallSite.java:148)
	at com.k_int.web.toolkit.ValueConverterService.attemptConversion(ValueConverterService.groovy:17)
	at com.k_int.web.toolkit.grammar.SimpleLookupServiceListenerWtk.addCriterion(SimpleLookupServiceListenerWtk.groovy:448)
	at com.k_int.web.toolkit.grammar.SimpleLookupServiceListenerWtk.addCriterion(SimpleLookupServiceListenerWtk.groovy)
	at com.k_int.web.toolkit.grammar.SimpleLookupServiceListenerWtk.enterSubjectFirstFilter(SimpleLookupServiceListenerWtk.groovy:357)
	at com.k_int.web.toolkit.grammar.SimpleLookupWtkParser$SubjectFirstFilterContext.enterRule(SimpleLookupWtkParser.java:513)
	at org.antlr.v4.runtime.tree.ParseTreeWalker.enterRule(ParseTreeWalker.java:42)
	at org.antlr.v4.runtime.tree.ParseTreeWalker.walk(ParseTreeWalker.java:25)
	at org.antlr.v4.runtime.tree.ParseTreeWalker.walk(ParseTreeWalker.java:28)
	at org.antlr.v4.runtime.tree.ParseTreeWalker.walk(ParseTreeWalker.java:28)
	at org.antlr.v4.runtime.tree.ParseTreeWalker$walk.call(Unknown Source)
	at com.k_int.web.toolkit.SimpleLookupService.parseFilterString(SimpleLookupService.groovy:141)
	at com.k_int.web.toolkit.SimpleLookupService.parseFilterString(SimpleLookupService.groovy)
	at java.base/jdk.internal.reflect.NativeMethodAccessorImpl.invoke0(Native Method)
	at java.base/jdk.internal.reflect.NativeMethodAccessorImpl.invoke(NativeMethodAccessorImpl.java:77)
	at java.base/jdk.internal.reflect.DelegatingMethodAccessorImpl.invoke(DelegatingMethodAccessorImpl.java:43)
	at java.base/java.lang.reflect.Method.invoke(Method.java:569)
	at org.codehaus.groovy.runtime.callsite.PlainObjectMetaMethodSite.doInvoke(PlainObjectMetaMethodSite.java:48)
	at org.codehaus.groovy.runtime.callsite.PogoMetaMethodSite$PogoCachedMethodSiteNoUnwrapNoCoerce.invoke(PogoMetaMethodSite.java:189)
	at org.codehaus.groovy.runtime.callsite.PogoMetaMethodSite.callCurrent(PogoMetaMethodSite.java:57)
	at org.codehaus.groovy.runtime.callsite.AbstractCallSite.callCurrent(AbstractCallSite.java:203)
	at com.k_int.web.toolkit.SimpleLookupService.parseFilters(SimpleLookupService.groovy:153)
	at java.base/jdk.internal.reflect.NativeMethodAccessorImpl.invoke0(Native Method)
	at java.base/jdk.internal.reflect.NativeMethodAccessorImpl.invoke(NativeMethodAccessorImpl.java:77)
	at java.base/jdk.internal.reflect.DelegatingMethodAccessorImpl.invoke(DelegatingMethodAccessorImpl.java:43)
	at java.base/java.lang.reflect.Method.invoke(Method.java:569)
	at org.codehaus.groovy.runtime.callsite.PlainObjectMetaMethodSite.doInvoke(PlainObjectMetaMethodSite.java:48)
	at org.codehaus.groovy.runtime.callsite.PogoMetaMethodSite$PogoCachedMethodSiteNoUnwrapNoCoerce.invoke(PogoMetaMethodSite.java:189)
	at org.codehaus.groovy.runtime.callsite.PogoMetaMethodSite.callCurrent(PogoMetaMethodSite.java:57)
	at org.codehaus.groovy.runtime.callsite.CallSiteArray.defaultCallCurrent(CallSiteArray.java:51)
	at org.codehaus.groovy.runtime.callsite.PogoMetaMethodSite.callCurrent(PogoMetaMethodSite.java:62)
	at org.codehaus.groovy.runtime.callsite.AbstractCallSite.callCurrent(AbstractCallSite.java:203)
	at com.k_int.web.toolkit.SimpleLookupService.buildLookupCriteria(SimpleLookupService.groovy:244)
	at java.base/jdk.internal.reflect.NativeMethodAccessorImpl.invoke0(Native Method)
	at java.base/jdk.internal.reflect.NativeMethodAccessorImpl.invoke(NativeMethodAccessorImpl.java:77)
	at java.base/jdk.internal.reflect.DelegatingMethodAccessorImpl.invoke(DelegatingMethodAccessorImpl.java:43)
	at java.base/java.lang.reflect.Method.invoke(Method.java:569)
	at org.codehaus.groovy.reflection.CachedMethod.invoke(CachedMethod.java:107)
	at groovy.lang.MetaMethod.doMethodInvoke(MetaMethod.java:323)
	at org.codehaus.groovy.runtime.metaclass.ClosureMetaClass.invokeMethod(ClosureMetaClass.java:362)
	at org.codehaus.groovy.runtime.callsite.PogoMetaClassSite.callCurrent(PogoMetaClassSite.java:61)
	at org.codehaus.groovy.runtime.callsite.AbstractCallSite.callCurrent(AbstractCallSite.java:212)
	at com.k_int.web.toolkit.SimpleLookupService$_lookup_closure3.doCall(SimpleLookupService.groovy:450)
	at com.k_int.web.toolkit.SimpleLookupService$_lookup_closure3.doCall(SimpleLookupService.groovy)
	at java.base/jdk.internal.reflect.NativeMethodAccessorImpl.invoke0(Native Method)
	at java.base/jdk.internal.reflect.NativeMethodAccessorImpl.invoke(NativeMethodAccessorImpl.java:77)
	at java.base/jdk.internal.reflect.DelegatingMethodAccessorImpl.invoke(DelegatingMethodAccessorImpl.java:43)
	at java.base/java.lang.reflect.Method.invoke(Method.java:569)
	at org.codehaus.groovy.reflection.CachedMethod.invoke(CachedMethod.java:107)
	at groovy.lang.MetaMethod.doMethodInvoke(MetaMethod.java:323)
	at org.codehaus.groovy.runtime.metaclass.ClosureMetaClass.invokeMethod(ClosureMetaClass.java:274)
	at groovy.lang.MetaClassImpl.invokeMethod(MetaClassImpl.java:1030)
	at org.codehaus.groovy.runtime.callsite.PogoMetaClassSite.call(PogoMetaClassSite.java:38)
	at org.codehaus.groovy.runtime.callsite.AbstractCallSite.call(AbstractCallSite.java:130)
	at com.k_int.web.toolkit.SimpleLookupService$_doMethod_closure6.doCall(SimpleLookupService.groovy:549)
	at com.k_int.web.toolkit.SimpleLookupService$_doMethod_closure6.doCall(SimpleLookupService.groovy)
	at java.base/jdk.internal.reflect.NativeMethodAccessorImpl.invoke0(Native Method)
	at java.base/jdk.internal.reflect.NativeMethodAccessorImpl.invoke(NativeMethodAccessorImpl.java:77)
	at java.base/jdk.internal.reflect.DelegatingMethodAccessorImpl.invoke(DelegatingMethodAccessorImpl.java:43)
	at java.base/java.lang.reflect.Method.invoke(Method.java:569)
	at org.codehaus.groovy.reflection.CachedMethod.invoke(CachedMethod.java:107)
	at groovy.lang.MetaMethod.doMethodInvoke(MetaMethod.java:323)
	at org.codehaus.groovy.runtime.metaclass.ClosureMetaClass.invokeMethod(ClosureMetaClass.java:274)
	at groovy.lang.MetaClassImpl.invokeMethod(MetaClassImpl.java:1030)
	at groovy.lang.Closure.call(Closure.java:427)
	at groovy.lang.Closure.call(Closure.java:406)
	at org.grails.orm.hibernate.query.AbstractHibernateCriteriaBuilder.invokeClosureNode(AbstractHibernateCriteriaBuilder.java:1916)
	at org.grails.orm.hibernate.query.AbstractHibernateCriteriaBuilder.invokeMethod(AbstractHibernateCriteriaBuilder.java:1628)
	at org.grails.orm.hibernate.query.AbstractHibernateCriteriaBuilder.list(AbstractHibernateCriteriaBuilder.java:1575)
	at java.base/jdk.internal.reflect.NativeMethodAccessorImpl.invoke0(Native Method)
	at java.base/jdk.internal.reflect.NativeMethodAccessorImpl.invoke(NativeMethodAccessorImpl.java:77)
	at java.base/jdk.internal.reflect.DelegatingMethodAccessorImpl.invoke(DelegatingMethodAccessorImpl.java:43)
	at java.base/java.lang.reflect.Method.invoke(Method.java:569)
	at org.codehaus.groovy.reflection.CachedMethod.invoke(CachedMethod.java:107)
	at groovy.lang.MetaMethod.doMethodInvoke(MetaMethod.java:323)
	at groovy.lang.MetaClassImpl.invokeMethod(MetaClassImpl.java:1254)
	at groovy.lang.MetaClassImpl.invokeMethod(MetaClassImpl.java:1030)
	at org.codehaus.groovy.runtime.InvokerHelper.invokePogoMethod(InvokerHelper.java:1059)
	at org.codehaus.groovy.runtime.InvokerHelper.invokeMethod(InvokerHelper.java:1042)
	at org.codehaus.groovy.runtime.ScriptBytecodeAdapter.invokeMethodN(ScriptBytecodeAdapter.java:180)
	at com.k_int.web.toolkit.SimpleLookupService.doMethod(SimpleLookupService.groovy:554)
	at java.base/jdk.internal.reflect.NativeMethodAccessorImpl.invoke0(Native Method)
	at java.base/jdk.internal.reflect.NativeMethodAccessorImpl.invoke(NativeMethodAccessorImpl.java:77)
	at java.base/jdk.internal.reflect.DelegatingMethodAccessorImpl.invoke(DelegatingMethodAccessorImpl.java:43)
	at java.base/java.lang.reflect.Method.invoke(Method.java:569)
	at org.codehaus.groovy.runtime.callsite.PlainObjectMetaMethodSite.doInvoke(PlainObjectMetaMethodSite.java:48)
	at org.codehaus.groovy.runtime.callsite.PogoMetaMethodSite$PogoCachedMethodSiteNoUnwrapNoCoerce.invoke(PogoMetaMethodSite.java:189)
	at org.codehaus.groovy.runtime.callsite.PogoMetaMethodSite.callCurrent(PogoMetaMethodSite.java:57)
	at org.codehaus.groovy.runtime.callsite.AbstractCallSite.callCurrent(AbstractCallSite.java:212)
	at com.k_int.web.toolkit.SimpleLookupService.doList(SimpleLookupService.groovy:534)
	at java.base/jdk.internal.reflect.NativeMethodAccessorImpl.invoke0(Native Method)
	at java.base/jdk.internal.reflect.NativeMethodAccessorImpl.invoke(NativeMethodAccessorImpl.java:77)
	at java.base/jdk.internal.reflect.DelegatingMethodAccessorImpl.invoke(DelegatingMethodAccessorImpl.java:43)
	at java.base/java.lang.reflect.Method.invoke(Method.java:569)
	at org.codehaus.groovy.runtime.callsite.PlainObjectMetaMethodSite.doInvoke(PlainObjectMetaMethodSite.java:48)
	at org.codehaus.groovy.runtime.callsite.PogoMetaMethodSite$PogoCachedMethodSiteNoUnwrapNoCoerce.invoke(PogoMetaMethodSite.java:189)
	at org.codehaus.groovy.runtime.callsite.PogoMetaMethodSite.callCurrent(PogoMetaMethodSite.java:57)
	at org.codehaus.groovy.runtime.callsite.AbstractCallSite.callCurrent(AbstractCallSite.java:203)
	at com.k_int.web.toolkit.SimpleLookupService.lookup(SimpleLookupService.groovy:439)
	at com.k_int.web.toolkit.SimpleLookupService$lookup.call(Unknown Source)
	at org.codehaus.groovy.runtime.callsite.CallSiteArray.defaultCall(CallSiteArray.java:47)
	at com.k_int.web.toolkit.SimpleLookupService$lookup.call(Unknown Source)
	at com.k_int.web.toolkit.rest.RestfulController.doTheLookup(RestfulController.groovy:46)
	at java.base/jdk.internal.reflect.NativeMethodAccessorImpl.invoke0(Native Method)
	at java.base/jdk.internal.reflect.NativeMethodAccessorImpl.invoke(NativeMethodAccessorImpl.java:77)
	at java.base/jdk.internal.reflect.DelegatingMethodAccessorImpl.invoke(DelegatingMethodAccessorImpl.java:43)
	at java.base/java.lang.reflect.Method.invoke(Method.java:569)
	at org.codehaus.groovy.runtime.callsite.PlainObjectMetaMethodSite.doInvoke(PlainObjectMetaMethodSite.java:48)
	at org.codehaus.groovy.runtime.callsite.PogoMetaMethodSite$PogoCachedMethodSite.invoke(PogoMetaMethodSite.java:166)
	at org.codehaus.groovy.runtime.callsite.PogoMetaMethodSite.callCurrent(PogoMetaMethodSite.java:57)
	at org.codehaus.groovy.runtime.callsite.CallSiteArray.defaultCallCurrent(CallSiteArray.java:51)
	at org.codehaus.groovy.runtime.callsite.PogoMetaMethodSite.callCurrent(PogoMetaMethodSite.java:62)
	at org.codehaus.groovy.runtime.callsite.AbstractCallSite.callCurrent(AbstractCallSite.java:194)
	at com.k_int.web.toolkit.rest.RestfulController.doTheLookup(RestfulController.groovy:28)
	at com.k_int.web.toolkit.rest.RestfulController.doTheLookup(RestfulController.groovy)
	at com.k_int.web.toolkit.rest.RestfulController.$tt__restfulController_index(RestfulController.groovy:62)
	at java.base/jdk.internal.reflect.NativeMethodAccessorImpl.invoke0(Native Method)
	at java.base/jdk.internal.reflect.NativeMethodAccessorImpl.invoke(NativeMethodAccessorImpl.java:77)
	at java.base/jdk.internal.reflect.DelegatingMethodAccessorImpl.invoke(DelegatingMethodAccessorImpl.java:43)
	at java.base/java.lang.reflect.Method.invoke(Method.java:569)
	at org.codehaus.groovy.reflection.CachedMethod.invoke(CachedMethod.java:107)
	at groovy.lang.MetaMethod.doMethodInvoke(MetaMethod.java:323)
	at groovy.lang.MetaClassImpl.invokeMethod(MetaClassImpl.java:1254)
	at groovy.lang.MetaClassImpl.invokeMethod(MetaClassImpl.java:1030)
	at org.codehaus.groovy.runtime.InvokerHelper.invokePogoMethod(InvokerHelper.java:1059)
	at org.codehaus.groovy.runtime.InvokerHelper.invokeMethod(InvokerHelper.java:1042)
	at org.codehaus.groovy.runtime.InvokerHelper.invokeMethodSafe(InvokerHelper.java:97)
	at com.k_int.web.toolkit.rest.RestfulController$_index_closure1.doCall(RestfulController.groovy)
	at java.base/jdk.internal.reflect.NativeMethodAccessorImpl.invoke0(Native Method)
	at java.base/jdk.internal.reflect.NativeMethodAccessorImpl.invoke(NativeMethodAccessorImpl.java:77)
	at java.base/jdk.internal.reflect.DelegatingMethodAccessorImpl.invoke(DelegatingMethodAccessorImpl.java:43)
	at java.base/java.lang.reflect.Method.invoke(Method.java:569)
	at org.codehaus.groovy.reflection.CachedMethod.invoke(CachedMethod.java:107)
	at groovy.lang.MetaMethod.doMethodInvoke(MetaMethod.java:323)
	at org.codehaus.groovy.runtime.metaclass.ClosureMetaClass.invokeMethod(ClosureMetaClass.java:274)
	at groovy.lang.MetaClassImpl.invokeMethod(MetaClassImpl.java:1030)
	at groovy.lang.Closure.call(Closure.java:427)
	at groovy.lang.Closure.call(Closure.java:416)
	at grails.gorm.transactions.GrailsTransactionTemplate$2.doInTransaction(GrailsTransactionTemplate.groovy:94)
	at org.springframework.transaction.support.TransactionTemplate.execute(TransactionTemplate.java:140)
	at grails.gorm.transactions.GrailsTransactionTemplate.execute(GrailsTransactionTemplate.groovy:91)
	at com.k_int.web.toolkit.rest.RestfulController.index(RestfulController.groovy)
	at com.k_int.web.toolkit.rest.TenantAwareRestfulController.super$3$index(TenantAwareRestfulController.groovy)
	at java.base/jdk.internal.reflect.NativeMethodAccessorImpl.invoke0(Native Method)
	at java.base/jdk.internal.reflect.NativeMethodAccessorImpl.invoke(NativeMethodAccessorImpl.java:77)
	at java.base/jdk.internal.reflect.DelegatingMethodAccessorImpl.invoke(DelegatingMethodAccessorImpl.java:43)
	at java.base/java.lang.reflect.Method.invoke(Method.java:569)
	at org.codehaus.groovy.reflection.CachedMethod.invoke(CachedMethod.java:107)
	at groovy.lang.MetaMethod.doMethodInvoke(MetaMethod.java:323)
	at groovy.lang.MetaClassImpl.invokeMethod(MetaClassImpl.java:1254)
	at org.codehaus.groovy.runtime.ScriptBytecodeAdapter.invokeMethodOnSuperN(ScriptBytecodeAdapter.java:144)
	at com.k_int.web.toolkit.rest.TenantAwareRestfulController.$tt__tenantAwareRestfulController_index(TenantAwareRestfulController.groovy:23)
	at com.k_int.web.toolkit.rest.TenantAwareRestfulController$__mt__tenantAwareRestfulController_index_closure10.doCall(TenantAwareRestfulController.groovy)
	at java.base/jdk.internal.reflect.NativeMethodAccessorImpl.invoke0(Native Method)
	at java.base/jdk.internal.reflect.NativeMethodAccessorImpl.invoke(NativeMethodAccessorImpl.java:77)
	at java.base/jdk.internal.reflect.DelegatingMethodAccessorImpl.invoke(DelegatingMethodAccessorImpl.java:43)
	at java.base/java.lang.reflect.Method.invoke(Method.java:569)
	at org.codehaus.groovy.reflection.CachedMethod.invoke(CachedMethod.java:107)
	at groovy.lang.MetaMethod.doMethodInvoke(MetaMethod.java:323)
	at org.codehaus.groovy.runtime.metaclass.ClosureMetaClass.invokeMethod(ClosureMetaClass.java:274)
	at groovy.lang.MetaClassImpl.invokeMethod(MetaClassImpl.java:1030)
	at groovy.lang.Closure.call(Closure.java:427)
	at groovy.lang.Closure.call(Closure.java:416)
	at grails.gorm.transactions.GrailsTransactionTemplate$2.doInTransaction(GrailsTransactionTemplate.groovy:94)
	at org.springframework.transaction.support.TransactionTemplate.execute(TransactionTemplate.java:140)
	at grails.gorm.transactions.GrailsTransactionTemplate.execute(GrailsTransactionTemplate.groovy:91)
	at com.k_int.web.toolkit.rest.TenantAwareRestfulController.$mt__tenantAwareRestfulController_index(TenantAwareRestfulController.groovy)
	at java.base/jdk.internal.reflect.NativeMethodAccessorImpl.invoke0(Native Method)
	at java.base/jdk.internal.reflect.NativeMethodAccessorImpl.invoke(NativeMethodAccessorImpl.java:77)
	at java.base/jdk.internal.reflect.DelegatingMethodAccessorImpl.invoke(DelegatingMethodAccessorImpl.java:43)
	at java.base/java.lang.reflect.Method.invoke(Method.java:569)
	at org.codehaus.groovy.reflection.CachedMethod.invoke(CachedMethod.java:107)
	at groovy.lang.MetaMethod.doMethodInvoke(MetaMethod.java:323)
	at groovy.lang.MetaClassImpl.invokeMethod(MetaClassImpl.java:1254)
	at groovy.lang.MetaClassImpl.invokeMethod(MetaClassImpl.java:1030)
	at org.codehaus.groovy.runtime.InvokerHelper.invokePogoMethod(InvokerHelper.java:1059)
	at org.codehaus.groovy.runtime.InvokerHelper.invokeMethod(InvokerHelper.java:1042)
	at org.codehaus.groovy.runtime.InvokerHelper.invokeMethodSafe(InvokerHelper.java:97)
	at com.k_int.web.toolkit.rest.TenantAwareRestfulController$_index_closure1.doCall(TenantAwareRestfulController.groovy)
	at java.base/jdk.internal.reflect.NativeMethodAccessorImpl.invoke0(Native Method)
	at java.base/jdk.internal.reflect.NativeMethodAccessorImpl.invoke(NativeMethodAccessorImpl.java:77)
	at java.base/jdk.internal.reflect.DelegatingMethodAccessorImpl.invoke(DelegatingMethodAccessorImpl.java:43)
	at java.base/java.lang.reflect.Method.invoke(Method.java:569)
	at org.codehaus.groovy.reflection.CachedMethod.invoke(CachedMethod.java:107)
	at groovy.lang.MetaMethod.doMethodInvoke(MetaMethod.java:323)
	at org.codehaus.groovy.runtime.metaclass.ClosureMetaClass.invokeMethod(ClosureMetaClass.java:274)
	at groovy.lang.MetaClassImpl.invokeMethod(MetaClassImpl.java:1030)
	at groovy.lang.Closure.call(Closure.java:427)
	at groovy.lang.Closure.call(Closure.java:416)
	at grails.gorm.multitenancy.Tenants$_withId_closure2$_closure6.doCall(Tenants.groovy:265)
	at grails.gorm.multitenancy.Tenants$_withId_closure2$_closure6.call(Tenants.groovy)
	at org.grails.orm.hibernate.GrailsHibernateTemplate.doExecute(GrailsHibernateTemplate.java:297)
	at org.grails.orm.hibernate.GrailsHibernateTemplate.execute(GrailsHibernateTemplate.java:241)
	at org.grails.orm.hibernate.GrailsHibernateTemplate.executeWithNewSession(GrailsHibernateTemplate.java:153)
	at org.grails.orm.hibernate.GrailsHibernateTemplate.executeWithExistingOrCreateNewSession(GrailsHibernateTemplate.java:207)
	at org.grails.orm.hibernate.AbstractHibernateDatastore.withNewSession(AbstractHibernateDatastore.java:369)
	at grails.gorm.multitenancy.Tenants$_withId_closure2.doCall(Tenants.groovy:258)
	at grails.gorm.multitenancy.Tenants$_withId_closure2.call(Tenants.groovy)
	at grails.gorm.multitenancy.Tenants$CurrentTenant.withTenant(Tenants.groovy:358)
	at grails.gorm.multitenancy.Tenants.withId(Tenants.groovy:236)
	at org.grails.datastore.gorm.services.DefaultTenantService.withCurrent(DefaultTenantService.groovy:71)
	at com.k_int.web.toolkit.rest.TenantAwareRestfulController.index(TenantAwareRestfulController.groovy)
	at com.k_int.web.toolkit.rest.TenantAwareRestfulController.index(TenantAwareRestfulController.groovy)
	at org.grails.core.DefaultGrailsControllerClass$MethodHandleInvoker.invoke(DefaultGrailsControllerClass.java:223)
	at org.grails.core.DefaultGrailsControllerClass.invoke(DefaultGrailsControllerClass.java:188)
	at org.grails.web.mapping.mvc.UrlMappingsInfoHandlerAdapter.handle(UrlMappingsInfoHandlerAdapter.groovy:90)
	at org.springframework.web.servlet.DispatcherServlet.doDispatch(DispatcherServlet.java:1072)
	at org.springframework.web.servlet.DispatcherServlet.doService(DispatcherServlet.java:965)
	at org.springframework.web.servlet.FrameworkServlet.processRequest(FrameworkServlet.java:1006)
	at org.springframework.web.servlet.FrameworkServlet.doGet(FrameworkServlet.java:898)
	at javax.servlet.http.HttpServlet.service(HttpServlet.java:645)
	at org.springframework.web.servlet.FrameworkServlet.service(FrameworkServlet.java:883)
	at javax.servlet.http.HttpServlet.service(HttpServlet.java:750)
	at io.undertow.servlet.handlers.ServletHandler.handleRequest(ServletHandler.java:74)
	at io.undertow.servlet.handlers.FilterHandler$FilterChainImpl.doFilter(FilterHandler.java:129)
	at org.springframework.security.web.FilterChainProxy$VirtualFilterChain.doFilter(FilterChainProxy.java:352)
	at org.springframework.security.web.access.intercept.FilterSecurityInterceptor.invoke(FilterSecurityInterceptor.java:117)
	at org.springframework.security.web.access.intercept.FilterSecurityInterceptor.doFilter(FilterSecurityInterceptor.java:83)
	at org.springframework.security.web.FilterChainProxy$VirtualFilterChain.doFilter(FilterChainProxy.java:361)
	at org.springframework.security.web.access.ExceptionTranslationFilter.doFilter(ExceptionTranslationFilter.java:126)
	at org.springframework.security.web.access.ExceptionTranslationFilter.doFilter(ExceptionTranslationFilter.java:120)
	at grails.plugin.springsecurity.web.UpdateRequestContextHolderExceptionTranslationFilter.doFilter(UpdateRequestContextHolderExceptionTranslationFilter.groovy:64)
	at org.springframework.security.web.FilterChainProxy$VirtualFilterChain.doFilter(FilterChainProxy.java:361)
	at org.springframework.web.filter.FormContentFilter.doFilterInternal(FormContentFilter.java:93)
	at org.springframework.web.filter.OncePerRequestFilter.doFilter(OncePerRequestFilter.java:117)
	at org.springframework.security.web.FilterChainProxy$VirtualFilterChain.doFilter(FilterChainProxy.java:361)
	at grails.plugin.springsecurity.web.filter.GrailsAnonymousAuthenticationFilter.doFilter(GrailsAnonymousAuthenticationFilter.groovy:52)
	at org.springframework.security.web.FilterChainProxy$VirtualFilterChain.doFilter(FilterChainProxy.java:361)
	at org.springframework.security.web.servletapi.SecurityContextHolderAwareRequestFilter.doFilter(SecurityContextHolderAwareRequestFilter.java:164)
	at org.springframework.security.web.FilterChainProxy$VirtualFilterChain.doFilter(FilterChainProxy.java:361)
	at org.springframework.security.web.authentication.AbstractAuthenticationProcessingFilter.doFilter(AbstractAuthenticationProcessingFilter.java:227)
	at org.springframework.security.web.authentication.AbstractAuthenticationProcessingFilter.doFilter(AbstractAuthenticationProcessingFilter.java:221)
	at org.springframework.security.web.FilterChainProxy$VirtualFilterChain.doFilter(FilterChainProxy.java:361)
	at grails.plugin.springsecurity.web.authentication.logout.MutableLogoutFilter.doFilter(MutableLogoutFilter.groovy:62)
	at org.springframework.security.web.FilterChainProxy$VirtualFilterChain.doFilter(FilterChainProxy.java:361)
	at grails.plugin.springsecurity.web.SecurityRequestHolderFilter.doFilter(SecurityRequestHolderFilter.groovy:58)
	at org.springframework.security.web.FilterChainProxy$VirtualFilterChain.doFilter(FilterChainProxy.java:361)
	at javax.servlet.FilterChain$doFilter.call(Unknown Source)
	at com.k_int.okapi.springsecurity.OkapiAuthenticationFilter.successfulAuthentication(OkapiAuthenticationFilter.groovy:127)
	at org.springframework.security.web.authentication.AbstractAuthenticationProcessingFilter.doFilter(AbstractAuthenticationProcessingFilter.java:241)
	at org.springframework.security.web.authentication.AbstractAuthenticationProcessingFilter.doFilter(AbstractAuthenticationProcessingFilter.java:221)
	at org.springframework.security.web.FilterChainProxy$VirtualFilterChain.doFilter(FilterChainProxy.java:361)
	at org.springframework.security.web.FilterChainProxy.doFilterInternal(FilterChainProxy.java:225)
	at org.springframework.security.web.FilterChainProxy.doFilter(FilterChainProxy.java:190)
	at io.undertow.servlet.core.ManagedFilter.doFilter(ManagedFilter.java:67)
	at io.undertow.servlet.handlers.FilterHandler$FilterChainImpl.doFilter(FilterHandler.java:131)
	at org.grails.web.servlet.mvc.GrailsWebRequestFilter.doFilterInternal(GrailsWebRequestFilter.java:77)
	at org.springframework.web.filter.OncePerRequestFilter.doFilter(OncePerRequestFilter.java:117)
	at io.undertow.servlet.core.ManagedFilter.doFilter(ManagedFilter.java:67)
	at io.undertow.servlet.handlers.FilterHandler$FilterChainImpl.doFilter(FilterHandler.java:131)
	at org.grails.web.filters.HiddenHttpMethodFilter.doFilterInternal(HiddenHttpMethodFilter.java:67)
	at org.springframework.web.filter.OncePerRequestFilter.doFilter(OncePerRequestFilter.java:117)
	at io.undertow.servlet.core.ManagedFilter.doFilter(ManagedFilter.java:67)
	at io.undertow.servlet.handlers.FilterHandler$FilterChainImpl.doFilter(FilterHandler.java:131)
	at org.springframework.web.filter.CharacterEncodingFilter.doFilterInternal(CharacterEncodingFilter.java:201)
	at org.springframework.web.filter.OncePerRequestFilter.doFilter(OncePerRequestFilter.java:117)
	at io.undertow.servlet.core.ManagedFilter.doFilter(ManagedFilter.java:67)
	at io.undertow.servlet.handlers.FilterHandler$FilterChainImpl.doFilter(FilterHandler.java:131)
	at org.springframework.boot.actuate.metrics.web.servlet.WebMvcMetricsFilter.doFilterInternal(WebMvcMetricsFilter.java:96)
	at org.springframework.web.filter.OncePerRequestFilter.doFilter(OncePerRequestFilter.java:117)
	at io.undertow.servlet.core.ManagedFilter.doFilter(ManagedFilter.java:67)
	at io.undertow.servlet.handlers.FilterHandler$FilterChainImpl.doFilter(FilterHandler.java:131)
	at org.springframework.web.filter.CorsFilter.doFilterInternal(CorsFilter.java:91)
	at org.springframework.web.filter.OncePerRequestFilter.doFilter(OncePerRequestFilter.java:117)
	at io.undertow.servlet.core.ManagedFilter.doFilter(ManagedFilter.java:67)
	at io.undertow.servlet.handlers.FilterHandler$FilterChainImpl.doFilter(FilterHandler.java:131)
	at io.undertow.servlet.handlers.FilterHandler.handleRequest(FilterHandler.java:84)
	at io.undertow.servlet.handlers.security.ServletSecurityRoleHandler.handleRequest(ServletSecurityRoleHandler.java:62)
	at io.undertow.servlet.handlers.ServletChain$1.handleRequest(ServletChain.java:68)
	at io.undertow.servlet.handlers.ServletDispatchingHandler.handleRequest(ServletDispatchingHandler.java:36)
	at io.undertow.servlet.handlers.RedirectDirHandler.handleRequest(RedirectDirHandler.java:68)
	at io.undertow.servlet.handlers.security.SSLInformationAssociationHandler.handleRequest(SSLInformationAssociationHandler.java:117)
	at io.undertow.servlet.handlers.security.ServletAuthenticationCallHandler.handleRequest(ServletAuthenticationCallHandler.java:57)
	at io.undertow.server.handlers.PredicateHandler.handleRequest(PredicateHandler.java:43)
	at io.undertow.security.handlers.AbstractConfidentialityHandler.handleRequest(AbstractConfidentialityHandler.java:46)
	at io.undertow.servlet.handlers.security.ServletConfidentialityConstraintHandler.handleRequest(ServletConfidentialityConstraintHandler.java:64)
	at io.undertow.security.handlers.AuthenticationMechanismsHandler.handleRequest(AuthenticationMechanismsHandler.java:60)
	at io.undertow.servlet.handlers.security.CachedAuthenticatedSessionHandler.handleRequest(CachedAuthenticatedSessionHandler.java:75)
	at io.undertow.security.handlers.AbstractSecurityContextAssociationHandler.handleRequest(AbstractSecurityContextAssociationHandler.java:43)
	at io.undertow.server.handlers.PredicateHandler.handleRequest(PredicateHandler.java:43)
	at io.undertow.servlet.handlers.SendErrorPageHandler.handleRequest(SendErrorPageHandler.java:52)
	at io.undertow.server.handlers.PredicateHandler.handleRequest(PredicateHandler.java:43)
	at io.undertow.servlet.handlers.ServletInitialHandler.handleFirstRequest(ServletInitialHandler.java:270)
	at io.undertow.servlet.handlers.ServletInitialHandler.access$000(ServletInitialHandler.java:78)
	at io.undertow.servlet.handlers.ServletInitialHandler$1.call(ServletInitialHandler.java:129)
	at io.undertow.servlet.handlers.ServletInitialHandler$1.call(ServletInitialHandler.java:126)
	at io.undertow.servlet.core.ServletRequestContextThreadSetupAction$1.call(ServletRequestContextThreadSetupAction.java:48)
	at io.undertow.servlet.core.ContextClassLoaderSetupAction$1.call(ContextClassLoaderSetupAction.java:43)
	at io.undertow.servlet.handlers.ServletInitialHandler.dispatchRequest(ServletInitialHandler.java:250)
	at io.undertow.servlet.handlers.ServletInitialHandler.lambda$new$1(ServletInitialHandler.java:98)
	at io.undertow.server.Connectors.executeRootHandler(Connectors.java:395)
	at io.undertow.server.HttpServerExchange$1.run(HttpServerExchange.java:931)
	at org.jboss.threads.ContextHandler$1.runWith(ContextHandler.java:18)
	at org.jboss.threads.EnhancedQueueExecutor$Task.run(EnhancedQueueExecutor.java:2513)
	at org.jboss.threads.EnhancedQueueExecutor$ThreadBody.run(EnhancedQueueExecutor.java:1538)
	at org.xnio.XnioWorker$WorkerThreadFactory$1$1.run(XnioWorker.java:1282)
	at java.base/java.lang.Thread.run(Thread.java:840)
Caused by: java.lang.IllegalArgumentException: Invalid boolean value 'notabool'
	at org.springframework.core.convert.support.StringToBooleanConverter.convert(StringToBooleanConverter.java:66)
	at org.springframework.core.convert.support.StringToBooleanConverter.convert(StringToBooleanConverter.java:32)
	at org.springframework.core.convert.support.GenericConversionService$ConverterAdapter.convert(GenericConversionService.java:385)
	at org.springframework.core.convert.support.ConversionUtils.invokeConverter(ConversionUtils.java:41)
	... 316 common frames omitted

2026-07-21 07:21:13.794  ERROR  --- [  XNIO-1 task-2] StackTrace                               : Full Stack Trace:

java.lang.IllegalArgumentException: Invalid boolean value 'notabool'
	at org.springframework.core.convert.support.StringToBooleanConverter.convert(StringToBooleanConverter.java:66)
	at org.springframework.core.convert.support.StringToBooleanConverter.convert(StringToBooleanConverter.java:32)
	at org.springframework.core.convert.support.GenericConversionService$ConverterAdapter.convert(GenericConversionService.java:385)
	at org.springframework.core.convert.support.ConversionUtils.invokeConverter(ConversionUtils.java:41)
	at org.springframework.core.convert.support.GenericConversionService.convert(GenericConversionService.java:192)
	at org.springframework.core.convert.support.GenericConversionService.convert(GenericConversionService.java:175)
	at org.springframework.core.convert.ConversionService$convert$0.call(Unknown Source)
	at org.codehaus.groovy.runtime.callsite.CallSiteArray.defaultCall(CallSiteArray.java:47)
	at org.springframework.core.convert.ConversionService$convert$0.call(Unknown Source)
	at org.grails.web.databinding.SpringConversionServiceAdapter.convert(SpringConversionServiceAdapter.groovy:38)
	at grails.databinding.SimpleDataBinder.convert(SimpleDataBinder.groovy:806)
	at grails.web.databinding.GrailsWebDataBinder.convert(GrailsWebDataBinder.groovy:644)
	at com.k_int.web.toolkit.databinding.ExtendedWebDataBinder.convert(ExtendedWebDataBinder.groovy:492)
	at com.k_int.web.toolkit.databinding.ExtendedWebDataBinder.attemptConversion(ExtendedWebDataBinder.groovy:478)
	at java.base/jdk.internal.reflect.NativeMethodAccessorImpl.invoke0(Native Method)
	at java.base/jdk.internal.reflect.NativeMethodAccessorImpl.invoke(NativeMethodAccessorImpl.java:77)
	at java.base/jdk.internal.reflect.DelegatingMethodAccessorImpl.invoke(DelegatingMethodAccessorImpl.java:43)
	at java.base/java.lang.reflect.Method.invoke(Method.java:569)
	at org.codehaus.groovy.runtime.callsite.PlainObjectMetaMethodSite.doInvoke(PlainObjectMetaMethodSite.java:48)
	at org.codehaus.groovy.runtime.callsite.PogoMetaMethodSite$PogoCachedMethodSiteNoUnwrapNoCoerce.invoke(PogoMetaMethodSite.java:189)
	at org.codehaus.groovy.runtime.callsite.PogoMetaMethodSite.call(PogoMetaMethodSite.java:69)
	at org.codehaus.groovy.runtime.callsite.CallSiteArray.defaultCall(CallSiteArray.java:47)
	at org.codehaus.groovy.runtime.callsite.AbstractCallSite.call(AbstractCallSite.java:125)
	at org.codehaus.groovy.runtime.callsite.AbstractCallSite.call(AbstractCallSite.java:148)
	at com.k_int.web.toolkit.ValueConverterService.attemptConversion(ValueConverterService.groovy:17)
	at com.k_int.web.toolkit.grammar.SimpleLookupServiceListenerWtk.addCriterion(SimpleLookupServiceListenerWtk.groovy:448)
	at com.k_int.web.toolkit.grammar.SimpleLookupServiceListenerWtk.addCriterion(SimpleLookupServiceListenerWtk.groovy)
	at com.k_int.web.toolkit.grammar.SimpleLookupServiceListenerWtk.enterSubjectFirstFilter(SimpleLookupServiceListenerWtk.groovy:357)
	at com.k_int.web.toolkit.grammar.SimpleLookupWtkParser$SubjectFirstFilterContext.enterRule(SimpleLookupWtkParser.java:513)
	at org.antlr.v4.runtime.tree.ParseTreeWalker.enterRule(ParseTreeWalker.java:42)
	at org.antlr.v4.runtime.tree.ParseTreeWalker.walk(ParseTreeWalker.java:25)
	at org.antlr.v4.runtime.tree.ParseTreeWalker.walk(ParseTreeWalker.java:28)
	at org.antlr.v4.runtime.tree.ParseTreeWalker.walk(ParseTreeWalker.java:28)
	at org.antlr.v4.runtime.tree.ParseTreeWalker$walk.call(Unknown Source)
	at com.k_int.web.toolkit.SimpleLookupService.parseFilterString(SimpleLookupService.groovy:141)
	at com.k_int.web.toolkit.SimpleLookupService.parseFilterString(SimpleLookupService.groovy)
	at java.base/jdk.internal.reflect.NativeMethodAccessorImpl.invoke0(Native Method)
	at java.base/jdk.internal.reflect.NativeMethodAccessorImpl.invoke(NativeMethodAccessorImpl.java:77)
	at java.base/jdk.internal.reflect.DelegatingMethodAccessorImpl.invoke(DelegatingMethodAccessorImpl.java:43)
	at java.base/java.lang.reflect.Method.invoke(Method.java:569)
	at org.codehaus.groovy.runtime.callsite.PlainObjectMetaMethodSite.doInvoke(PlainObjectMetaMethodSite.java:48)
	at org.codehaus.groovy.runtime.callsite.PogoMetaMethodSite$PogoCachedMethodSiteNoUnwrapNoCoerce.invoke(PogoMetaMethodSite.java:189)
	at org.codehaus.groovy.runtime.callsite.PogoMetaMethodSite.callCurrent(PogoMetaMethodSite.java:57)
	at org.codehaus.groovy.runtime.callsite.AbstractCallSite.callCurrent(AbstractCallSite.java:203)
	at com.k_int.web.toolkit.SimpleLookupService.parseFilters(SimpleLookupService.groovy:153)
	at java.base/jdk.internal.reflect.NativeMethodAccessorImpl.invoke0(Native Method)
	at java.base/jdk.internal.reflect.NativeMethodAccessorImpl.invoke(NativeMethodAccessorImpl.java:77)
	at java.base/jdk.internal.reflect.DelegatingMethodAccessorImpl.invoke(DelegatingMethodAccessorImpl.java:43)
	at java.base/java.lang.reflect.Method.invoke(Method.java:569)
	at org.codehaus.groovy.runtime.callsite.PlainObjectMetaMethodSite.doInvoke(PlainObjectMetaMethodSite.java:48)
	at org.codehaus.groovy.runtime.callsite.PogoMetaMethodSite$PogoCachedMethodSiteNoUnwrapNoCoerce.invoke(PogoMetaMethodSite.java:189)
	at org.codehaus.groovy.runtime.callsite.PogoMetaMethodSite.callCurrent(PogoMetaMethodSite.java:57)
	at org.codehaus.groovy.runtime.callsite.CallSiteArray.defaultCallCurrent(CallSiteArray.java:51)
	at org.codehaus.groovy.runtime.callsite.PogoMetaMethodSite.callCurrent(PogoMetaMethodSite.java:62)
	at org.codehaus.groovy.runtime.callsite.AbstractCallSite.callCurrent(AbstractCallSite.java:203)
	at com.k_int.web.toolkit.SimpleLookupService.buildLookupCriteria(SimpleLookupService.groovy:244)
	at java.base/jdk.internal.reflect.NativeMethodAccessorImpl.invoke0(Native Method)
	at java.base/jdk.internal.reflect.NativeMethodAccessorImpl.invoke(NativeMethodAccessorImpl.java:77)
	at java.base/jdk.internal.reflect.DelegatingMethodAccessorImpl.invoke(DelegatingMethodAccessorImpl.java:43)
	at java.base/java.lang.reflect.Method.invoke(Method.java:569)
	at org.codehaus.groovy.reflection.CachedMethod.invoke(CachedMethod.java:107)
	at groovy.lang.MetaMethod.doMethodInvoke(MetaMethod.java:323)
	at org.codehaus.groovy.runtime.metaclass.ClosureMetaClass.invokeMethod(ClosureMetaClass.java:362)
	at org.codehaus.groovy.runtime.callsite.PogoMetaClassSite.callCurrent(PogoMetaClassSite.java:61)
	at org.codehaus.groovy.runtime.callsite.AbstractCallSite.callCurrent(AbstractCallSite.java:212)
	at com.k_int.web.toolkit.SimpleLookupService$_lookup_closure3.doCall(SimpleLookupService.groovy:450)
	at com.k_int.web.toolkit.SimpleLookupService$_lookup_closure3.doCall(SimpleLookupService.groovy)
	at java.base/jdk.internal.reflect.NativeMethodAccessorImpl.invoke0(Native Method)
	at java.base/jdk.internal.reflect.NativeMethodAccessorImpl.invoke(NativeMethodAccessorImpl.java:77)
	at java.base/jdk.internal.reflect.DelegatingMethodAccessorImpl.invoke(DelegatingMethodAccessorImpl.java:43)
	at java.base/java.lang.reflect.Method.invoke(Method.java:569)
	at org.codehaus.groovy.reflection.CachedMethod.invoke(CachedMethod.java:107)
	at groovy.lang.MetaMethod.doMethodInvoke(MetaMethod.java:323)
	at org.codehaus.groovy.runtime.metaclass.ClosureMetaClass.invokeMethod(ClosureMetaClass.java:274)
	at groovy.lang.MetaClassImpl.invokeMethod(MetaClassImpl.java:1030)
	at org.codehaus.groovy.runtime.callsite.PogoMetaClassSite.call(PogoMetaClassSite.java:38)
	at org.codehaus.groovy.runtime.callsite.AbstractCallSite.call(AbstractCallSite.java:130)
	at com.k_int.web.toolkit.SimpleLookupService$_doMethod_closure6.doCall(SimpleLookupService.groovy:549)
	at com.k_int.web.toolkit.SimpleLookupService$_doMethod_closure6.doCall(SimpleLookupService.groovy)
	at java.base/jdk.internal.reflect.NativeMethodAccessorImpl.invoke0(Native Method)
	at java.base/jdk.internal.reflect.NativeMethodAccessorImpl.invoke(NativeMethodAccessorImpl.java:77)
	at java.base/jdk.internal.reflect.DelegatingMethodAccessorImpl.invoke(DelegatingMethodAccessorImpl.java:43)
	at java.base/java.lang.reflect.Method.invoke(Method.java:569)
	at org.codehaus.groovy.reflection.CachedMethod.invoke(CachedMethod.java:107)
	at groovy.lang.MetaMethod.doMethodInvoke(MetaMethod.java:323)
	at org.codehaus.groovy.runtime.metaclass.ClosureMetaClass.invokeMethod(ClosureMetaClass.java:274)
	at groovy.lang.MetaClassImpl.invokeMethod(MetaClassImpl.java:1030)
	at groovy.lang.Closure.call(Closure.java:427)
	at groovy.lang.Closure.call(Closure.java:406)
	at org.grails.orm.hibernate.query.AbstractHibernateCriteriaBuilder.invokeClosureNode(AbstractHibernateCriteriaBuilder.java:1916)
	at org.grails.orm.hibernate.query.AbstractHibernateCriteriaBuilder.invokeMethod(AbstractHibernateCriteriaBuilder.java:1628)
	at org.grails.orm.hibernate.query.AbstractHibernateCriteriaBuilder.list(AbstractHibernateCriteriaBuilder.java:1575)
	at java.base/jdk.internal.reflect.NativeMethodAccessorImpl.invoke0(Native Method)
	at java.base/jdk.internal.reflect.NativeMethodAccessorImpl.invoke(NativeMethodAccessorImpl.java:77)
	at java.base/jdk.internal.reflect.DelegatingMethodAccessorImpl.invoke(DelegatingMethodAccessorImpl.java:43)
	at java.base/java.lang.reflect.Method.invoke(Method.java:569)
	at org.codehaus.groovy.reflection.CachedMethod.invoke(CachedMethod.java:107)
	at groovy.lang.MetaMethod.doMethodInvoke(MetaMethod.java:323)
	at groovy.lang.MetaClassImpl.invokeMethod(MetaClassImpl.java:1254)
	at groovy.lang.MetaClassImpl.invokeMethod(MetaClassImpl.java:1030)
	at org.codehaus.groovy.runtime.InvokerHelper.invokePogoMethod(InvokerHelper.java:1059)
	at org.codehaus.groovy.runtime.InvokerHelper.invokeMethod(InvokerHelper.java:1042)
	at org.codehaus.groovy.runtime.ScriptBytecodeAdapter.invokeMethodN(ScriptBytecodeAdapter.java:180)
	at com.k_int.web.toolkit.SimpleLookupService.doMethod(SimpleLookupService.groovy:554)
	at java.base/jdk.internal.reflect.NativeMethodAccessorImpl.invoke0(Native Method)
	at java.base/jdk.internal.reflect.NativeMethodAccessorImpl.invoke(NativeMethodAccessorImpl.java:77)
	at java.base/jdk.internal.reflect.DelegatingMethodAccessorImpl.invoke(DelegatingMethodAccessorImpl.java:43)
	at java.base/java.lang.reflect.Method.invoke(Method.java:569)
	at org.codehaus.groovy.runtime.callsite.PlainObjectMetaMethodSite.doInvoke(PlainObjectMetaMethodSite.java:48)
	at org.codehaus.groovy.runtime.callsite.PogoMetaMethodSite$PogoCachedMethodSiteNoUnwrapNoCoerce.invoke(PogoMetaMethodSite.java:189)
	at org.codehaus.groovy.runtime.callsite.PogoMetaMethodSite.callCurrent(PogoMetaMethodSite.java:57)
	at org.codehaus.groovy.runtime.callsite.AbstractCallSite.callCurrent(AbstractCallSite.java:212)
	at com.k_int.web.toolkit.SimpleLookupService.doList(SimpleLookupService.groovy:534)
	at java.base/jdk.internal.reflect.NativeMethodAccessorImpl.invoke0(Native Method)
	at java.base/jdk.internal.reflect.NativeMethodAccessorImpl.invoke(NativeMethodAccessorImpl.java:77)
	at java.base/jdk.internal.reflect.DelegatingMethodAccessorImpl.invoke(DelegatingMethodAccessorImpl.java:43)
	at java.base/java.lang.reflect.Method.invoke(Method.java:569)
	at org.codehaus.groovy.runtime.callsite.PlainObjectMetaMethodSite.doInvoke(PlainObjectMetaMethodSite.java:48)
	at org.codehaus.groovy.runtime.callsite.PogoMetaMethodSite$PogoCachedMethodSiteNoUnwrapNoCoerce.invoke(PogoMetaMethodSite.java:189)
	at org.codehaus.groovy.runtime.callsite.PogoMetaMethodSite.callCurrent(PogoMetaMethodSite.java:57)
	at org.codehaus.groovy.runtime.callsite.AbstractCallSite.callCurrent(AbstractCallSite.java:203)
	at com.k_int.web.toolkit.SimpleLookupService.lookup(SimpleLookupService.groovy:439)
	at com.k_int.web.toolkit.SimpleLookupService$lookup.call(Unknown Source)
	at org.codehaus.groovy.runtime.callsite.CallSiteArray.defaultCall(CallSiteArray.java:47)
	at com.k_int.web.toolkit.SimpleLookupService$lookup.call(Unknown Source)
	at com.k_int.web.toolkit.rest.RestfulController.doTheLookup(RestfulController.groovy:46)
	at java.base/jdk.internal.reflect.NativeMethodAccessorImpl.invoke0(Native Method)
	at java.base/jdk.internal.reflect.NativeMethodAccessorImpl.invoke(NativeMethodAccessorImpl.java:77)
	at java.base/jdk.internal.reflect.DelegatingMethodAccessorImpl.invoke(DelegatingMethodAccessorImpl.java:43)
	at java.base/java.lang.reflect.Method.invoke(Method.java:569)
	at org.codehaus.groovy.runtime.callsite.PlainObjectMetaMethodSite.doInvoke(PlainObjectMetaMethodSite.java:48)
	at org.codehaus.groovy.runtime.callsite.PogoMetaMethodSite$PogoCachedMethodSite.invoke(PogoMetaMethodSite.java:166)
	at org.codehaus.groovy.runtime.callsite.PogoMetaMethodSite.callCurrent(PogoMetaMethodSite.java:57)
	at org.codehaus.groovy.runtime.callsite.CallSiteArray.defaultCallCurrent(CallSiteArray.java:51)
	at org.codehaus.groovy.runtime.callsite.PogoMetaMethodSite.callCurrent(PogoMetaMethodSite.java:62)
	at org.codehaus.groovy.runtime.callsite.AbstractCallSite.callCurrent(AbstractCallSite.java:194)
	at com.k_int.web.toolkit.rest.RestfulController.doTheLookup(RestfulController.groovy:28)
	at com.k_int.web.toolkit.rest.RestfulController.doTheLookup(RestfulController.groovy)
	at com.k_int.web.toolkit.rest.RestfulController.$tt__restfulController_index(RestfulController.groovy:62)
	at java.base/jdk.internal.reflect.NativeMethodAccessorImpl.invoke0(Native Method)
	at java.base/jdk.internal.reflect.NativeMethodAccessorImpl.invoke(NativeMethodAccessorImpl.java:77)
	at java.base/jdk.internal.reflect.DelegatingMethodAccessorImpl.invoke(DelegatingMethodAccessorImpl.java:43)
	at java.base/java.lang.reflect.Method.invoke(Method.java:569)
	at org.codehaus.groovy.reflection.CachedMethod.invoke(CachedMethod.java:107)
	at groovy.lang.MetaMethod.doMethodInvoke(MetaMethod.java:323)
	at groovy.lang.MetaClassImpl.invokeMethod(MetaClassImpl.java:1254)
	at groovy.lang.MetaClassImpl.invokeMethod(MetaClassImpl.java:1030)
	at org.codehaus.groovy.runtime.InvokerHelper.invokePogoMethod(InvokerHelper.java:1059)
	at org.codehaus.groovy.runtime.InvokerHelper.invokeMethod(InvokerHelper.java:1042)
	at org.codehaus.groovy.runtime.InvokerHelper.invokeMethodSafe(InvokerHelper.java:97)
	at com.k_int.web.toolkit.rest.RestfulController$_index_closure1.doCall(RestfulController.groovy)
	at java.base/jdk.internal.reflect.NativeMethodAccessorImpl.invoke0(Native Method)
	at java.base/jdk.internal.reflect.NativeMethodAccessorImpl.invoke(NativeMethodAccessorImpl.java:77)
	at java.base/jdk.internal.reflect.DelegatingMethodAccessorImpl.invoke(DelegatingMethodAccessorImpl.java:43)
	at java.base/java.lang.reflect.Method.invoke(Method.java:569)
	at org.codehaus.groovy.reflection.CachedMethod.invoke(CachedMethod.java:107)
	at groovy.lang.MetaMethod.doMethodInvoke(MetaMethod.java:323)
	at org.codehaus.groovy.runtime.metaclass.ClosureMetaClass.invokeMethod(ClosureMetaClass.java:274)
	at groovy.lang.MetaClassImpl.invokeMethod(MetaClassImpl.java:1030)
	at groovy.lang.Closure.call(Closure.java:427)
	at groovy.lang.Closure.call(Closure.java:416)
	at grails.gorm.transactions.GrailsTransactionTemplate$2.doInTransaction(GrailsTransactionTemplate.groovy:94)
	at org.springframework.transaction.support.TransactionTemplate.execute(TransactionTemplate.java:140)
	at grails.gorm.transactions.GrailsTransactionTemplate.execute(GrailsTransactionTemplate.groovy:91)
	at com.k_int.web.toolkit.rest.RestfulController.index(RestfulController.groovy)
	at com.k_int.web.toolkit.rest.TenantAwareRestfulController.super$3$index(TenantAwareRestfulController.groovy)
	at java.base/jdk.internal.reflect.NativeMethodAccessorImpl.invoke0(Native Method)
	at java.base/jdk.internal.reflect.NativeMethodAccessorImpl.invoke(NativeMethodAccessorImpl.java:77)
	at java.base/jdk.internal.reflect.DelegatingMethodAccessorImpl.invoke(DelegatingMethodAccessorImpl.java:43)
	at java.base/java.lang.reflect.Method.invoke(Method.java:569)
	at org.codehaus.groovy.reflection.CachedMethod.invoke(CachedMethod.java:107)
	at groovy.lang.MetaMethod.doMethodInvoke(MetaMethod.java:323)
	at groovy.lang.MetaClassImpl.invokeMethod(MetaClassImpl.java:1254)
	at org.codehaus.groovy.runtime.ScriptBytecodeAdapter.invokeMethodOnSuperN(ScriptBytecodeAdapter.java:144)
	at com.k_int.web.toolkit.rest.TenantAwareRestfulController.$tt__tenantAwareRestfulController_index(TenantAwareRestfulController.groovy:23)
	at com.k_int.web.toolkit.rest.TenantAwareRestfulController$__mt__tenantAwareRestfulController_index_closure10.doCall(TenantAwareRestfulController.groovy)
	at java.base/jdk.internal.reflect.NativeMethodAccessorImpl.invoke0(Native Method)
	at java.base/jdk.internal.reflect.NativeMethodAccessorImpl.invoke(NativeMethodAccessorImpl.java:77)
	at java.base/jdk.internal.reflect.DelegatingMethodAccessorImpl.invoke(DelegatingMethodAccessorImpl.java:43)
	at java.base/java.lang.reflect.Method.invoke(Method.java:569)
	at org.codehaus.groovy.reflection.CachedMethod.invoke(CachedMethod.java:107)
	at groovy.lang.MetaMethod.doMethodInvoke(MetaMethod.java:323)
	at org.codehaus.groovy.runtime.metaclass.ClosureMetaClass.invokeMethod(ClosureMetaClass.java:274)
	at groovy.lang.MetaClassImpl.invokeMethod(MetaClassImpl.java:1030)
	at groovy.lang.Closure.call(Closure.java:427)
	at groovy.lang.Closure.call(Closure.java:416)
	at grails.gorm.transactions.GrailsTransactionTemplate$2.doInTransaction(GrailsTransactionTemplate.groovy:94)
	at org.springframework.transaction.support.TransactionTemplate.execute(TransactionTemplate.java:140)
	at grails.gorm.transactions.GrailsTransactionTemplate.execute(GrailsTransactionTemplate.groovy:91)
	at com.k_int.web.toolkit.rest.TenantAwareRestfulController.$mt__tenantAwareRestfulController_index(TenantAwareRestfulController.groovy)
	at java.base/jdk.internal.reflect.NativeMethodAccessorImpl.invoke0(Native Method)
	at java.base/jdk.internal.reflect.NativeMethodAccessorImpl.invoke(NativeMethodAccessorImpl.java:77)
	at java.base/jdk.internal.reflect.DelegatingMethodAccessorImpl.invoke(DelegatingMethodAccessorImpl.java:43)
	at java.base/java.lang.reflect.Method.invoke(Method.java:569)
	at org.codehaus.groovy.reflection.CachedMethod.invoke(CachedMethod.java:107)
	at groovy.lang.MetaMethod.doMethodInvoke(MetaMethod.java:323)
	at groovy.lang.MetaClassImpl.invokeMethod(MetaClassImpl.java:1254)
	at groovy.lang.MetaClassImpl.invokeMethod(MetaClassImpl.java:1030)
	at org.codehaus.groovy.runtime.InvokerHelper.invokePogoMethod(InvokerHelper.java:1059)
	at org.codehaus.groovy.runtime.InvokerHelper.invokeMethod(InvokerHelper.java:1042)
	at org.codehaus.groovy.runtime.InvokerHelper.invokeMethodSafe(InvokerHelper.java:97)
	at com.k_int.web.toolkit.rest.TenantAwareRestfulController$_index_closure1.doCall(TenantAwareRestfulController.groovy)
	at java.base/jdk.internal.reflect.NativeMethodAccessorImpl.invoke0(Native Method)
	at java.base/jdk.internal.reflect.NativeMethodAccessorImpl.invoke(NativeMethodAccessorImpl.java:77)
	at java.base/jdk.internal.reflect.DelegatingMethodAccessorImpl.invoke(DelegatingMethodAccessorImpl.java:43)
	at java.base/java.lang.reflect.Method.invoke(Method.java:569)
	at org.codehaus.groovy.reflection.CachedMethod.invoke(CachedMethod.java:107)
	at groovy.lang.MetaMethod.doMethodInvoke(MetaMethod.java:323)
	at org.codehaus.groovy.runtime.metaclass.ClosureMetaClass.invokeMethod(ClosureMetaClass.java:274)
	at groovy.lang.MetaClassImpl.invokeMethod(MetaClassImpl.java:1030)
	at groovy.lang.Closure.call(Closure.java:427)
	at groovy.lang.Closure.call(Closure.java:416)
	at grails.gorm.multitenancy.Tenants$_withId_closure2$_closure6.doCall(Tenants.groovy:265)
	at grails.gorm.multitenancy.Tenants$_withId_closure2$_closure6.call(Tenants.groovy)
	at org.grails.orm.hibernate.GrailsHibernateTemplate.doExecute(GrailsHibernateTemplate.java:297)
	at org.grails.orm.hibernate.GrailsHibernateTemplate.execute(GrailsHibernateTemplate.java:241)
	at org.grails.orm.hibernate.GrailsHibernateTemplate.executeWithNewSession(GrailsHibernateTemplate.java:153)
	at org.grails.orm.hibernate.GrailsHibernateTemplate.executeWithExistingOrCreateNewSession(GrailsHibernateTemplate.java:207)
	at org.grails.orm.hibernate.AbstractHibernateDatastore.withNewSession(AbstractHibernateDatastore.java:369)
	at grails.gorm.multitenancy.Tenants$_withId_closure2.doCall(Tenants.groovy:258)
	at grails.gorm.multitenancy.Tenants$_withId_closure2.call(Tenants.groovy)
	at grails.gorm.multitenancy.Tenants$CurrentTenant.withTenant(Tenants.groovy:358)
	at grails.gorm.multitenancy.Tenants.withId(Tenants.groovy:236)
	at org.grails.datastore.gorm.services.DefaultTenantService.withCurrent(DefaultTenantService.groovy:71)
	at com.k_int.web.toolkit.rest.TenantAwareRestfulController.index(TenantAwareRestfulController.groovy)
	at com.k_int.web.toolkit.rest.TenantAwareRestfulController.index(TenantAwareRestfulController.groovy)
	at org.grails.core.DefaultGrailsControllerClass$MethodHandleInvoker.invoke(DefaultGrailsControllerClass.java:223)
	at org.grails.core.DefaultGrailsControllerClass.invoke(DefaultGrailsControllerClass.java:188)
	at org.grails.web.mapping.mvc.UrlMappingsInfoHandlerAdapter.handle(UrlMappingsInfoHandlerAdapter.groovy:90)
	at org.springframework.web.servlet.DispatcherServlet.doDispatch(DispatcherServlet.java:1072)
	at org.springframework.web.servlet.DispatcherServlet.doService(DispatcherServlet.java:965)
	at org.springframework.web.servlet.FrameworkServlet.processRequest(FrameworkServlet.java:1006)
	at org.springframework.web.servlet.FrameworkServlet.doGet(FrameworkServlet.java:898)
	at javax.servlet.http.HttpServlet.service(HttpServlet.java:645)
	at org.springframework.web.servlet.FrameworkServlet.service(FrameworkServlet.java:883)
	at javax.servlet.http.HttpServlet.service(HttpServlet.java:750)
	at io.undertow.servlet.handlers.ServletHandler.handleRequest(ServletHandler.java:74)
	at io.undertow.servlet.handlers.FilterHandler$FilterChainImpl.doFilter(FilterHandler.java:129)
	at org.springframework.security.web.FilterChainProxy$VirtualFilterChain.doFilter(FilterChainProxy.java:352)
	at org.springframework.security.web.access.intercept.FilterSecurityInterceptor.invoke(FilterSecurityInterceptor.java:117)
	at org.springframework.security.web.access.intercept.FilterSecurityInterceptor.doFilter(FilterSecurityInterceptor.java:83)
	at org.springframework.security.web.FilterChainProxy$VirtualFilterChain.doFilter(FilterChainProxy.java:361)
	at org.springframework.security.web.access.ExceptionTranslationFilter.doFilter(ExceptionTranslationFilter.java:126)
	at org.springframework.security.web.access.ExceptionTranslationFilter.doFilter(ExceptionTranslationFilter.java:120)
	at grails.plugin.springsecurity.web.UpdateRequestContextHolderExceptionTranslationFilter.doFilter(UpdateRequestContextHolderExceptionTranslationFilter.groovy:64)
	at org.springframework.security.web.FilterChainProxy$VirtualFilterChain.doFilter(FilterChainProxy.java:361)
	at org.springframework.web.filter.FormContentFilter.doFilterInternal(FormContentFilter.java:93)
	at org.springframework.web.filter.OncePerRequestFilter.doFilter(OncePerRequestFilter.java:117)
	at org.springframework.security.web.FilterChainProxy$VirtualFilterChain.doFilter(FilterChainProxy.java:361)
	at grails.plugin.springsecurity.web.filter.GrailsAnonymousAuthenticationFilter.doFilter(GrailsAnonymousAuthenticationFilter.groovy:52)
	at org.springframework.security.web.FilterChainProxy$VirtualFilterChain.doFilter(FilterChainProxy.java:361)
	at org.springframework.security.web.servletapi.SecurityContextHolderAwareRequestFilter.doFilter(SecurityContextHolderAwareRequestFilter.java:164)
	at org.springframework.security.web.FilterChainProxy$VirtualFilterChain.doFilter(FilterChainProxy.java:361)
	at org.springframework.security.web.authentication.AbstractAuthenticationProcessingFilter.doFilter(AbstractAuthenticationProcessingFilter.java:227)
	at org.springframework.security.web.authentication.AbstractAuthenticationProcessingFilter.doFilter(AbstractAuthenticationProcessingFilter.java:221)
	at org.springframework.security.web.FilterChainProxy$VirtualFilterChain.doFilter(FilterChainProxy.java:361)
	at grails.plugin.springsecurity.web.authentication.logout.MutableLogoutFilter.doFilter(MutableLogoutFilter.groovy:62)
	at org.springframework.security.web.FilterChainProxy$VirtualFilterChain.doFilter(FilterChainProxy.java:361)
	at grails.plugin.springsecurity.web.SecurityRequestHolderFilter.doFilter(SecurityRequestHolderFilter.groovy:58)
	at org.springframework.security.web.FilterChainProxy$VirtualFilterChain.doFilter(FilterChainProxy.java:361)
	at javax.servlet.FilterChain$doFilter.call(Unknown Source)
	at com.k_int.okapi.springsecurity.OkapiAuthenticationFilter.successfulAuthentication(OkapiAuthenticationFilter.groovy:127)
	at org.springframework.security.web.authentication.AbstractAuthenticationProcessingFilter.doFilter(AbstractAuthenticationProcessingFilter.java:241)
	at org.springframework.security.web.authentication.AbstractAuthenticationProcessingFilter.doFilter(AbstractAuthenticationProcessingFilter.java:221)
	at org.springframework.security.web.FilterChainProxy$VirtualFilterChain.doFilter(FilterChainProxy.java:361)
	at org.springframework.security.web.FilterChainProxy.doFilterInternal(FilterChainProxy.java:225)
	at org.springframework.security.web.FilterChainProxy.doFilter(FilterChainProxy.java:190)
	at io.undertow.servlet.core.ManagedFilter.doFilter(ManagedFilter.java:67)
	at io.undertow.servlet.handlers.FilterHandler$FilterChainImpl.doFilter(FilterHandler.java:131)
	at org.grails.web.servlet.mvc.GrailsWebRequestFilter.doFilterInternal(GrailsWebRequestFilter.java:77)
	at org.springframework.web.filter.OncePerRequestFilter.doFilter(OncePerRequestFilter.java:117)
	at io.undertow.servlet.core.ManagedFilter.doFilter(ManagedFilter.java:67)
	at io.undertow.servlet.handlers.FilterHandler$FilterChainImpl.doFilter(FilterHandler.java:131)
	at org.grails.web.filters.HiddenHttpMethodFilter.doFilterInternal(HiddenHttpMethodFilter.java:67)
	at org.springframework.web.filter.OncePerRequestFilter.doFilter(OncePerRequestFilter.java:117)
	at io.undertow.servlet.core.ManagedFilter.doFilter(ManagedFilter.java:67)
	at io.undertow.servlet.handlers.FilterHandler$FilterChainImpl.doFilter(FilterHandler.java:131)
	at org.springframework.web.filter.CharacterEncodingFilter.doFilterInternal(CharacterEncodingFilter.java:201)
	at org.springframework.web.filter.OncePerRequestFilter.doFilter(OncePerRequestFilter.java:117)
	at io.undertow.servlet.core.ManagedFilter.doFilter(ManagedFilter.java:67)
	at io.undertow.servlet.handlers.FilterHandler$FilterChainImpl.doFilter(FilterHandler.java:131)
	at org.springframework.boot.actuate.metrics.web.servlet.WebMvcMetricsFilter.doFilterInternal(WebMvcMetricsFilter.java:96)
	at org.springframework.web.filter.OncePerRequestFilter.doFilter(OncePerRequestFilter.java:117)
	at io.undertow.servlet.core.ManagedFilter.doFilter(ManagedFilter.java:67)
	at io.undertow.servlet.handlers.FilterHandler$FilterChainImpl.doFilter(FilterHandler.java:131)
	at org.springframework.web.filter.CorsFilter.doFilterInternal(CorsFilter.java:91)
	at org.springframework.web.filter.OncePerRequestFilter.doFilter(OncePerRequestFilter.java:117)
	at io.undertow.servlet.core.ManagedFilter.doFilter(ManagedFilter.java:67)
	at io.undertow.servlet.handlers.FilterHandler$FilterChainImpl.doFilter(FilterHandler.java:131)
	at io.undertow.servlet.handlers.FilterHandler.handleRequest(FilterHandler.java:84)
	at io.undertow.servlet.handlers.security.ServletSecurityRoleHandler.handleRequest(ServletSecurityRoleHandler.java:62)
	at io.undertow.servlet.handlers.ServletChain$1.handleRequest(ServletChain.java:68)
	at io.undertow.servlet.handlers.ServletDispatchingHandler.handleRequest(ServletDispatchingHandler.java:36)
	at io.undertow.servlet.handlers.RedirectDirHandler.handleRequest(RedirectDirHandler.java:68)
	at io.undertow.servlet.handlers.security.SSLInformationAssociationHandler.handleRequest(SSLInformationAssociationHandler.java:117)
	at io.undertow.servlet.handlers.security.ServletAuthenticationCallHandler.handleRequest(ServletAuthenticationCallHandler.java:57)
	at io.undertow.server.handlers.PredicateHandler.handleRequest(PredicateHandler.java:43)
	at io.undertow.security.handlers.AbstractConfidentialityHandler.handleRequest(AbstractConfidentialityHandler.java:46)
	at io.undertow.servlet.handlers.security.ServletConfidentialityConstraintHandler.handleRequest(ServletConfidentialityConstraintHandler.java:64)
	at io.undertow.security.handlers.AuthenticationMechanismsHandler.handleRequest(AuthenticationMechanismsHandler.java:60)
	at io.undertow.servlet.handlers.security.CachedAuthenticatedSessionHandler.handleRequest(CachedAuthenticatedSessionHandler.java:75)
	at io.undertow.security.handlers.AbstractSecurityContextAssociationHandler.handleRequest(AbstractSecurityContextAssociationHandler.java:43)
	at io.undertow.server.handlers.PredicateHandler.handleRequest(PredicateHandler.java:43)
	at io.undertow.servlet.handlers.SendErrorPageHandler.handleRequest(SendErrorPageHandler.java:52)
	at io.undertow.server.handlers.PredicateHandler.handleRequest(PredicateHandler.java:43)
	at io.undertow.servlet.handlers.ServletInitialHandler.handleFirstRequest(ServletInitialHandler.java:270)
	at io.undertow.servlet.handlers.ServletInitialHandler.access$000(ServletInitialHandler.java:78)
	at io.undertow.servlet.handlers.ServletInitialHandler$1.call(ServletInitialHandler.java:129)
	at io.undertow.servlet.handlers.ServletInitialHandler$1.call(ServletInitialHandler.java:126)
	at io.undertow.servlet.core.ServletRequestContextThreadSetupAction$1.call(ServletRequestContextThreadSetupAction.java:48)
	at io.undertow.servlet.core.ContextClassLoaderSetupAction$1.call(ContextClassLoaderSetupAction.java:43)
	at io.undertow.servlet.handlers.ServletInitialHandler.dispatchRequest(ServletInitialHandler.java:250)
	at io.undertow.servlet.handlers.ServletInitialHandler.lambda$new$1(ServletInitialHandler.java:98)
	at io.undertow.server.Connectors.executeRootHandler(Connectors.java:395)
	at io.undertow.server.HttpServerExchange$1.run(HttpServerExchange.java:931)
	at org.jboss.threads.ContextHandler$1.runWith(ContextHandler.java:18)
	at org.jboss.threads.EnhancedQueueExecutor$Task.run(EnhancedQueueExecutor.java:2513)
	at org.jboss.threads.EnhancedQueueExecutor$ThreadBody.run(EnhancedQueueExecutor.java:1538)
	at org.xnio.XnioWorker$WorkerThreadFactory$1$1.run(XnioWorker.java:1282)
	at java.base/java.lang.Thread.run(Thread.java:840)

2026-07-21 07:21:13.794  ERROR  --- [  XNIO-1 task-2] StackTrace                               : Full Stack Trace:

org.springframework.core.convert.ConversionFailedException: Failed to convert from type [java.lang.String] to type [java.lang.Boolean] for value [notabool]; nested exception is java.lang.IllegalArgumentException: Invalid boolean value 'notabool'
	at org.springframework.core.convert.support.ConversionUtils.invokeConverter(ConversionUtils.java:47)
	at org.springframework.core.convert.support.GenericConversionService.convert(GenericConversionService.java:192)
	at org.springframework.core.convert.support.GenericConversionService.convert(GenericConversionService.java:175)
	at org.grails.web.databinding.SpringConversionServiceAdapter.convert(SpringConversionServiceAdapter.groovy:38)
	at grails.databinding.SimpleDataBinder.convert(SimpleDataBinder.groovy:806)
	at grails.web.databinding.GrailsWebDataBinder.convert(GrailsWebDataBinder.groovy:644)
	at com.k_int.web.toolkit.databinding.ExtendedWebDataBinder.convert(ExtendedWebDataBinder.groovy:492)
	at com.k_int.web.toolkit.databinding.ExtendedWebDataBinder.attemptConversion(ExtendedWebDataBinder.groovy:478)
	at java.base/jdk.internal.reflect.NativeMethodAccessorImpl.invoke(NativeMethodAccessorImpl.java:77)
	at java.base/jdk.internal.reflect.DelegatingMethodAccessorImpl.invoke(DelegatingMethodAccessorImpl.java:43)
	at com.k_int.web.toolkit.ValueConverterService.attemptConversion(ValueConverterService.groovy:17)
	at com.k_int.web.toolkit.grammar.SimpleLookupServiceListenerWtk.addCriterion(SimpleLookupServiceListenerWtk.groovy:448)
	at com.k_int.web.toolkit.grammar.SimpleLookupServiceListenerWtk.enterSubjectFirstFilter(SimpleLookupServiceListenerWtk.groovy:357)
	at com.k_int.web.toolkit.grammar.SimpleLookupWtkParser$SubjectFirstFilterContext.enterRule(SimpleLookupWtkParser.java:513)
	at org.antlr.v4.runtime.tree.ParseTreeWalker.enterRule(ParseTreeWalker.java:42)
	at org.antlr.v4.runtime.tree.ParseTreeWalker.walk(ParseTreeWalker.java:25)
	at org.antlr.v4.runtime.tree.ParseTreeWalker.walk(ParseTreeWalker.java:28)
	at org.antlr.v4.runtime.tree.ParseTreeWalker.walk(ParseTreeWalker.java:28)
	at com.k_int.web.toolkit.SimpleLookupService.parseFilterString(SimpleLookupService.groovy:141)
	at java.base/jdk.internal.reflect.NativeMethodAccessorImpl.invoke(NativeMethodAccessorImpl.java:77)
	at java.base/jdk.internal.reflect.DelegatingMethodAccessorImpl.invoke(DelegatingMethodAccessorImpl.java:43)
	at com.k_int.web.toolkit.SimpleLookupService.parseFilters(SimpleLookupService.groovy:153)
	at java.base/jdk.internal.reflect.NativeMethodAccessorImpl.invoke(NativeMethodAccessorImpl.java:77)
	at java.base/jdk.internal.reflect.DelegatingMethodAccessorImpl.invoke(DelegatingMethodAccessorImpl.java:43)
	at com.k_int.web.toolkit.SimpleLookupService.buildLookupCriteria(SimpleLookupService.groovy:244)
	at java.base/jdk.internal.reflect.NativeMethodAccessorImpl.invoke(NativeMethodAccessorImpl.java:77)
	at java.base/jdk.internal.reflect.DelegatingMethodAccessorImpl.invoke(DelegatingMethodAccessorImpl.java:43)
	at com.k_int.web.toolkit.SimpleLookupService$_lookup_closure3.doCall(SimpleLookupService.groovy:450)
	at java.base/jdk.internal.reflect.NativeMethodAccessorImpl.invoke(NativeMethodAccessorImpl.java:77)
	at java.base/jdk.internal.reflect.DelegatingMethodAccessorImpl.invoke(DelegatingMethodAccessorImpl.java:43)
	at com.k_int.web.toolkit.SimpleLookupService$_doMethod_closure6.doCall(SimpleLookupService.groovy:549)
	at java.base/jdk.internal.reflect.NativeMethodAccessorImpl.invoke(NativeMethodAccessorImpl.java:77)
	at java.base/jdk.internal.reflect.DelegatingMethodAccessorImpl.invoke(DelegatingMethodAccessorImpl.java:43)
	at org.grails.orm.hibernate.query.AbstractHibernateCriteriaBuilder.invokeClosureNode(AbstractHibernateCriteriaBuilder.java:1916)
	at org.grails.orm.hibernate.query.AbstractHibernateCriteriaBuilder.invokeMethod(AbstractHibernateCriteriaBuilder.java:1628)
	at org.grails.orm.hibernate.query.AbstractHibernateCriteriaBuilder.list(AbstractHibernateCriteriaBuilder.java:1575)
	at java.base/jdk.internal.reflect.NativeMethodAccessorImpl.invoke(NativeMethodAccessorImpl.java:77)
	at java.base/jdk.internal.reflect.DelegatingMethodAccessorImpl.invoke(DelegatingMethodAccessorImpl.java:43)
	at com.k_int.web.toolkit.SimpleLookupService.doMethod(SimpleLookupService.groovy:554)
	at java.base/jdk.internal.reflect.NativeMethodAccessorImpl.invoke(NativeMethodAccessorImpl.java:77)
	at java.base/jdk.internal.reflect.DelegatingMethodAccessorImpl.invoke(DelegatingMethodAccessorImpl.java:43)
	at com.k_int.web.toolkit.SimpleLookupService.doList(SimpleLookupService.groovy:534)
	at java.base/jdk.internal.reflect.NativeMethodAccessorImpl.invoke(NativeMethodAccessorImpl.java:77)
	at java.base/jdk.internal.reflect.DelegatingMethodAccessorImpl.invoke(DelegatingMethodAccessorImpl.java:43)
	at com.k_int.web.toolkit.SimpleLookupService.lookup(SimpleLookupService.groovy:439)
	at com.k_int.web.toolkit.rest.RestfulController.doTheLookup(RestfulController.groovy:46)
	at java.base/jdk.internal.reflect.NativeMethodAccessorImpl.invoke(NativeMethodAccessorImpl.java:77)
	at java.base/jdk.internal.reflect.DelegatingMethodAccessorImpl.invoke(DelegatingMethodAccessorImpl.java:43)
	at com.k_int.web.toolkit.rest.RestfulController.doTheLookup(RestfulController.groovy:28)
	at com.k_int.web.toolkit.rest.RestfulController.$tt__restfulController_index(RestfulController.groovy:62)
	at java.base/jdk.internal.reflect.NativeMethodAccessorImpl.invoke(NativeMethodAccessorImpl.java:77)
	at java.base/jdk.internal.reflect.DelegatingMethodAccessorImpl.invoke(DelegatingMethodAccessorImpl.java:43)
	at java.base/jdk.internal.reflect.NativeMethodAccessorImpl.invoke(NativeMethodAccessorImpl.java:77)
	at java.base/jdk.internal.reflect.DelegatingMethodAccessorImpl.invoke(DelegatingMethodAccessorImpl.java:43)
	at grails.gorm.transactions.GrailsTransactionTemplate$2.doInTransaction(GrailsTransactionTemplate.groovy:94)
	at org.springframework.transaction.support.TransactionTemplate.execute(TransactionTemplate.java:140)
	at grails.gorm.transactions.GrailsTransactionTemplate.execute(GrailsTransactionTemplate.groovy:91)
	at java.base/jdk.internal.reflect.NativeMethodAccessorImpl.invoke(NativeMethodAccessorImpl.java:77)
	at java.base/jdk.internal.reflect.DelegatingMethodAccessorImpl.invoke(DelegatingMethodAccessorImpl.java:43)
	at com.k_int.web.toolkit.rest.TenantAwareRestfulController.$tt__tenantAwareRestfulController_index(TenantAwareRestfulController.groovy:23)
	at java.base/jdk.internal.reflect.NativeMethodAccessorImpl.invoke(NativeMethodAccessorImpl.java:77)
	at java.base/jdk.internal.reflect.DelegatingMethodAccessorImpl.invoke(DelegatingMethodAccessorImpl.java:43)
	at grails.gorm.transactions.GrailsTransactionTemplate$2.doInTransaction(GrailsTransactionTemplate.groovy:94)
	at org.springframework.transaction.support.TransactionTemplate.execute(TransactionTemplate.java:140)
	at grails.gorm.transactions.GrailsTransactionTemplate.execute(GrailsTransactionTemplate.groovy:91)
	at java.base/jdk.internal.reflect.NativeMethodAccessorImpl.invoke(NativeMethodAccessorImpl.java:77)
	at java.base/jdk.internal.reflect.DelegatingMethodAccessorImpl.invoke(DelegatingMethodAccessorImpl.java:43)
	at java.base/jdk.internal.reflect.NativeMethodAccessorImpl.invoke(NativeMethodAccessorImpl.java:77)
	at java.base/jdk.internal.reflect.DelegatingMethodAccessorImpl.invoke(DelegatingMethodAccessorImpl.java:43)
	at grails.gorm.multitenancy.Tenants$_withId_closure2$_closure6.doCall(Tenants.groovy:265)
	at org.grails.orm.hibernate.GrailsHibernateTemplate.doExecute(GrailsHibernateTemplate.java:297)
	at org.grails.orm.hibernate.GrailsHibernateTemplate.execute(GrailsHibernateTemplate.java:241)
	at org.grails.orm.hibernate.GrailsHibernateTemplate.executeWithNewSession(GrailsHibernateTemplate.java:153)
	at org.grails.orm.hibernate.GrailsHibernateTemplate.executeWithExistingOrCreateNewSession(GrailsHibernateTemplate.java:207)
	at org.grails.orm.hibernate.AbstractHibernateDatastore.withNewSession(AbstractHibernateDatastore.java:369)
	at grails.gorm.multitenancy.Tenants$_withId_closure2.doCall(Tenants.groovy:258)
	at grails.gorm.multitenancy.Tenants$CurrentTenant.withTenant(Tenants.groovy:358)
	at grails.gorm.multitenancy.Tenants.withId(Tenants.groovy:236)
	at org.grails.datastore.gorm.services.DefaultTenantService.withCurrent(DefaultTenantService.groovy:71)
	at org.grails.core.DefaultGrailsControllerClass$MethodHandleInvoker.invoke(DefaultGrailsControllerClass.java:223)
	at org.grails.core.DefaultGrailsControllerClass.invoke(DefaultGrailsControllerClass.java:188)
	at org.grails.web.mapping.mvc.UrlMappingsInfoHandlerAdapter.handle(UrlMappingsInfoHandlerAdapter.groovy:90)
	at org.springframework.web.servlet.DispatcherServlet.doDispatch(DispatcherServlet.java:1072)
	at org.springframework.web.servlet.DispatcherServlet.doService(DispatcherServlet.java:965)
	at org.springframework.web.servlet.FrameworkServlet.processRequest(FrameworkServlet.java:1006)
	at org.springframework.web.servlet.FrameworkServlet.doGet(FrameworkServlet.java:898)
	at org.springframework.web.servlet.FrameworkServlet.service(FrameworkServlet.java:883)
	at io.undertow.servlet.handlers.ServletHandler.handleRequest(ServletHandler.java:74)
	at io.undertow.servlet.handlers.FilterHandler$FilterChainImpl.doFilter(FilterHandler.java:129)
	at org.springframework.security.web.FilterChainProxy$VirtualFilterChain.doFilter(FilterChainProxy.java:352)
	at org.springframework.security.web.access.intercept.FilterSecurityInterceptor.invoke(FilterSecurityInterceptor.java:117)
	at org.springframework.security.web.access.intercept.FilterSecurityInterceptor.doFilter(FilterSecurityInterceptor.java:83)
	at org.springframework.security.web.FilterChainProxy$VirtualFilterChain.doFilter(FilterChainProxy.java:361)
	at org.springframework.security.web.access.ExceptionTranslationFilter.doFilter(ExceptionTranslationFilter.java:126)
	at org.springframework.security.web.access.ExceptionTranslationFilter.doFilter(ExceptionTranslationFilter.java:120)
	at grails.plugin.springsecurity.web.UpdateRequestContextHolderExceptionTranslationFilter.doFilter(UpdateRequestContextHolderExceptionTranslationFilter.groovy:64)
	at org.springframework.security.web.FilterChainProxy$VirtualFilterChain.doFilter(FilterChainProxy.java:361)
	at org.springframework.security.web.FilterChainProxy$VirtualFilterChain.doFilter(FilterChainProxy.java:361)
	at grails.plugin.springsecurity.web.filter.GrailsAnonymousAuthenticationFilter.doFilter(GrailsAnonymousAuthenticationFilter.groovy:52)
	at org.springframework.security.web.FilterChainProxy$VirtualFilterChain.doFilter(FilterChainProxy.java:361)
	at org.springframework.security.web.servletapi.SecurityContextHolderAwareRequestFilter.doFilter(SecurityContextHolderAwareRequestFilter.java:164)
	at org.springframework.security.web.FilterChainProxy$VirtualFilterChain.doFilter(FilterChainProxy.java:361)
	at org.springframework.security.web.authentication.AbstractAuthenticationProcessingFilter.doFilter(AbstractAuthenticationProcessingFilter.java:227)
	at org.springframework.security.web.authentication.AbstractAuthenticationProcessingFilter.doFilter(AbstractAuthenticationProcessingFilter.java:221)
	at org.springframework.security.web.FilterChainProxy$VirtualFilterChain.doFilter(FilterChainProxy.java:361)
	at grails.plugin.springsecurity.web.authentication.logout.MutableLogoutFilter.doFilter(MutableLogoutFilter.groovy:62)
	at org.springframework.security.web.FilterChainProxy$VirtualFilterChain.doFilter(FilterChainProxy.java:361)
	at grails.plugin.springsecurity.web.SecurityRequestHolderFilter.doFilter(SecurityRequestHolderFilter.groovy:58)
	at org.springframework.security.web.FilterChainProxy$VirtualFilterChain.doFilter(FilterChainProxy.java:361)
	at com.k_int.okapi.springsecurity.OkapiAuthenticationFilter.successfulAuthentication(OkapiAuthenticationFilter.groovy:127)
	at org.springframework.security.web.authentication.AbstractAuthenticationProcessingFilter.doFilter(AbstractAuthenticationProcessingFilter.java:241)
	at org.springframework.security.web.authentication.AbstractAuthenticationProcessingFilter.doFilter(AbstractAuthenticationProcessingFilter.java:221)
	at org.springframework.security.web.FilterChainProxy$VirtualFilterChain.doFilter(FilterChainProxy.java:361)
	at org.springframework.security.web.FilterChainProxy.doFilterInternal(FilterChainProxy.java:225)
	at org.springframework.security.web.FilterChainProxy.doFilter(FilterChainProxy.java:190)
	at io.undertow.servlet.core.ManagedFilter.doFilter(ManagedFilter.java:67)
	at io.undertow.servlet.handlers.FilterHandler$FilterChainImpl.doFilter(FilterHandler.java:131)
	at org.grails.web.servlet.mvc.GrailsWebRequestFilter.doFilterInternal(GrailsWebRequestFilter.java:77)
	at io.undertow.servlet.core.ManagedFilter.doFilter(ManagedFilter.java:67)
	at io.undertow.servlet.handlers.FilterHandler$FilterChainImpl.doFilter(FilterHandler.java:131)
	at org.grails.web.filters.HiddenHttpMethodFilter.doFilterInternal(HiddenHttpMethodFilter.java:67)
	at io.undertow.servlet.core.ManagedFilter.doFilter(ManagedFilter.java:67)
	at io.undertow.servlet.handlers.FilterHandler$FilterChainImpl.doFilter(FilterHandler.java:131)
	at io.undertow.servlet.core.ManagedFilter.doFilter(ManagedFilter.java:67)
	at io.undertow.servlet.handlers.FilterHandler$FilterChainImpl.doFilter(FilterHandler.java:131)
	at io.undertow.servlet.core.ManagedFilter.doFilter(ManagedFilter.java:67)
	at io.undertow.servlet.handlers.FilterHandler$FilterChainImpl.doFilter(FilterHandler.java:131)
	at io.undertow.servlet.core.ManagedFilter.doFilter(ManagedFilter.java:67)
	at io.undertow.servlet.handlers.FilterHandler$FilterChainImpl.doFilter(FilterHandler.java:131)
	at io.undertow.servlet.handlers.FilterHandler.handleRequest(FilterHandler.java:84)
	at io.undertow.servlet.handlers.security.ServletSecurityRoleHandler.handleRequest(ServletSecurityRoleHandler.java:62)
	at io.undertow.servlet.handlers.ServletChain$1.handleRequest(ServletChain.java:68)
	at io.undertow.servlet.handlers.ServletDispatchingHandler.handleRequest(ServletDispatchingHandler.java:36)
	at io.undertow.servlet.handlers.RedirectDirHandler.handleRequest(RedirectDirHandler.java:68)
	at io.undertow.servlet.handlers.security.SSLInformationAssociationHandler.handleRequest(SSLInformationAssociationHandler.java:117)
	at io.undertow.servlet.handlers.security.ServletAuthenticationCallHandler.handleRequest(ServletAuthenticationCallHandler.java:57)
	at io.undertow.server.handlers.PredicateHandler.handleRequest(PredicateHandler.java:43)
	at io.undertow.security.handlers.AbstractConfidentialityHandler.handleRequest(AbstractConfidentialityHandler.java:46)
	at io.undertow.servlet.handlers.security.ServletConfidentialityConstraintHandler.handleRequest(ServletConfidentialityConstraintHandler.java:64)
	at io.undertow.security.handlers.AuthenticationMechanismsHandler.handleRequest(AuthenticationMechanismsHandler.java:60)
	at io.undertow.servlet.handlers.security.CachedAuthenticatedSessionHandler.handleRequest(CachedAuthenticatedSessionHandler.java:75)
	at io.undertow.security.handlers.AbstractSecurityContextAssociationHandler.handleRequest(AbstractSecurityContextAssociationHandler.java:43)
	at io.undertow.server.handlers.PredicateHandler.handleRequest(PredicateHandler.java:43)
	at io.undertow.servlet.handlers.SendErrorPageHandler.handleRequest(SendErrorPageHandler.java:52)
	at io.undertow.server.handlers.PredicateHandler.handleRequest(PredicateHandler.java:43)
	at io.undertow.servlet.handlers.ServletInitialHandler.handleFirstRequest(ServletInitialHandler.java:270)
	at io.undertow.servlet.handlers.ServletInitialHandler.access$000(ServletInitialHandler.java:78)
	at io.undertow.servlet.handlers.ServletInitialHandler$1.call(ServletInitialHandler.java:129)
	at io.undertow.servlet.handlers.ServletInitialHandler$1.call(ServletInitialHandler.java:126)
	at io.undertow.servlet.core.ServletRequestContextThreadSetupAction$1.call(ServletRequestContextThreadSetupAction.java:48)
	at io.undertow.servlet.core.ContextClassLoaderSetupAction$1.call(ContextClassLoaderSetupAction.java:43)
	at io.undertow.servlet.handlers.ServletInitialHandler.dispatchRequest(ServletInitialHandler.java:250)
	at io.undertow.servlet.handlers.ServletInitialHandler.lambda$new$1(ServletInitialHandler.java:98)
	at io.undertow.server.Connectors.executeRootHandler(Connectors.java:395)
	at io.undertow.server.HttpServerExchange$1.run(HttpServerExchange.java:931)
	at org.jboss.threads.ContextHandler$1.runWith(ContextHandler.java:18)
	at org.jboss.threads.EnhancedQueueExecutor$Task.run(EnhancedQueueExecutor.java:2513)
	at org.jboss.threads.EnhancedQueueExecutor$ThreadBody.run(EnhancedQueueExecutor.java:1538)
	at org.xnio.XnioWorker$WorkerThreadFactory$1$1.run(XnioWorker.java:1282)
	at java.base/java.lang.Thread.run(Thread.java:840)
Caused by: java.lang.IllegalArgumentException: Invalid boolean value 'notabool'
	at org.springframework.core.convert.support.StringToBooleanConverter.convert(StringToBooleanConverter.java:66)
	at org.springframework.core.convert.support.StringToBooleanConverter.convert(StringToBooleanConverter.java:32)
	at org.springframework.core.convert.support.GenericConversionService$ConverterAdapter.convert(GenericConversionService.java:385)
	at org.springframework.core.convert.support.ConversionUtils.invokeConverter(ConversionUtils.java:41)
	... 159 common frames omitted

2026-07-21 07:21:13.797  ERROR  --- [  XNIO-1 task-2] o.g.web.errors.GrailsExceptionResolver   : IllegalArgumentException occurred when processing request: [GET] /servint/numberGeneratorSequences
Invalid boolean value 'notabool'. Stacktrace follows:

org.springframework.core.convert.ConversionFailedException: Failed to convert from type [java.lang.String] to type [java.lang.Boolean] for value [notabool]; nested exception is java.lang.IllegalArgumentException: Invalid boolean value 'notabool'
	at org.springframework.core.convert.support.ConversionUtils.invokeConverter(ConversionUtils.java:47)
	at org.springframework.core.convert.support.GenericConversionService.convert(GenericConversionService.java:192)
	at org.springframework.core.convert.support.GenericConversionService.convert(GenericConversionService.java:175)
	at org.grails.web.databinding.SpringConversionServiceAdapter.convert(SpringConversionServiceAdapter.groovy:38)
	at grails.databinding.SimpleDataBinder.convert(SimpleDataBinder.groovy:806)
	at grails.web.databinding.GrailsWebDataBinder.convert(GrailsWebDataBinder.groovy:644)
	at com.k_int.web.toolkit.databinding.ExtendedWebDataBinder.convert(ExtendedWebDataBinder.groovy:492)
	at com.k_int.web.toolkit.databinding.ExtendedWebDataBinder.attemptConversion(ExtendedWebDataBinder.groovy:478)
	at java.base/jdk.internal.reflect.NativeMethodAccessorImpl.invoke(NativeMethodAccessorImpl.java:77)
	at java.base/jdk.internal.reflect.DelegatingMethodAccessorImpl.invoke(DelegatingMethodAccessorImpl.java:43)
	at com.k_int.web.toolkit.ValueConverterService.attemptConversion(ValueConverterService.groovy:17)
	at com.k_int.web.toolkit.grammar.SimpleLookupServiceListenerWtk.addCriterion(SimpleLookupServiceListenerWtk.groovy:448)
	at com.k_int.web.toolkit.grammar.SimpleLookupServiceListenerWtk.enterSubjectFirstFilter(SimpleLookupServiceListenerWtk.groovy:357)
	at com.k_int.web.toolkit.grammar.SimpleLookupWtkParser$SubjectFirstFilterContext.enterRule(SimpleLookupWtkParser.java:513)
	at org.antlr.v4.runtime.tree.ParseTreeWalker.enterRule(ParseTreeWalker.java:42)
	at org.antlr.v4.runtime.tree.ParseTreeWalker.walk(ParseTreeWalker.java:25)
	at org.antlr.v4.runtime.tree.ParseTreeWalker.walk(ParseTreeWalker.java:28)
	at org.antlr.v4.runtime.tree.ParseTreeWalker.walk(ParseTreeWalker.java:28)
	at com.k_int.web.toolkit.SimpleLookupService.parseFilterString(SimpleLookupService.groovy:141)
	at java.base/jdk.internal.reflect.NativeMethodAccessorImpl.invoke(NativeMethodAccessorImpl.java:77)
	at java.base/jdk.internal.reflect.DelegatingMethodAccessorImpl.invoke(DelegatingMethodAccessorImpl.java:43)
	at com.k_int.web.toolkit.SimpleLookupService.parseFilters(SimpleLookupService.groovy:153)
	at java.base/jdk.internal.reflect.NativeMethodAccessorImpl.invoke(NativeMethodAccessorImpl.java:77)
	at java.base/jdk.internal.reflect.DelegatingMethodAccessorImpl.invoke(DelegatingMethodAccessorImpl.java:43)
	at com.k_int.web.toolkit.SimpleLookupService.buildLookupCriteria(SimpleLookupService.groovy:244)
	at java.base/jdk.internal.reflect.NativeMethodAccessorImpl.invoke(NativeMethodAccessorImpl.java:77)
	at java.base/jdk.internal.reflect.DelegatingMethodAccessorImpl.invoke(DelegatingMethodAccessorImpl.java:43)
	at com.k_int.web.toolkit.SimpleLookupService$_lookup_closure3.doCall(SimpleLookupService.groovy:450)
	at java.base/jdk.internal.reflect.NativeMethodAccessorImpl.invoke(NativeMethodAccessorImpl.java:77)
	at java.base/jdk.internal.reflect.DelegatingMethodAccessorImpl.invoke(DelegatingMethodAccessorImpl.java:43)
	at com.k_int.web.toolkit.SimpleLookupService$_doMethod_closure6.doCall(SimpleLookupService.groovy:549)
	at java.base/jdk.internal.reflect.NativeMethodAccessorImpl.invoke(NativeMethodAccessorImpl.java:77)
	at java.base/jdk.internal.reflect.DelegatingMethodAccessorImpl.invoke(DelegatingMethodAccessorImpl.java:43)
	at org.grails.orm.hibernate.query.AbstractHibernateCriteriaBuilder.invokeClosureNode(AbstractHibernateCriteriaBuilder.java:1916)
	at org.grails.orm.hibernate.query.AbstractHibernateCriteriaBuilder.invokeMethod(AbstractHibernateCriteriaBuilder.java:1628)
	at org.grails.orm.hibernate.query.AbstractHibernateCriteriaBuilder.list(AbstractHibernateCriteriaBuilder.java:1575)
	at java.base/jdk.internal.reflect.NativeMethodAccessorImpl.invoke(NativeMethodAccessorImpl.java:77)
	at java.base/jdk.internal.reflect.DelegatingMethodAccessorImpl.invoke(DelegatingMethodAccessorImpl.java:43)
	at com.k_int.web.toolkit.SimpleLookupService.doMethod(SimpleLookupService.groovy:554)
	at java.base/jdk.internal.reflect.NativeMethodAccessorImpl.invoke(NativeMethodAccessorImpl.java:77)
	at java.base/jdk.internal.reflect.DelegatingMethodAccessorImpl.invoke(DelegatingMethodAccessorImpl.java:43)
	at com.k_int.web.toolkit.SimpleLookupService.doList(SimpleLookupService.groovy:534)
	at java.base/jdk.internal.reflect.NativeMethodAccessorImpl.invoke(NativeMethodAccessorImpl.java:77)
	at java.base/jdk.internal.reflect.DelegatingMethodAccessorImpl.invoke(DelegatingMethodAccessorImpl.java:43)
	at com.k_int.web.toolkit.SimpleLookupService.lookup(SimpleLookupService.groovy:439)
	at com.k_int.web.toolkit.rest.RestfulController.doTheLookup(RestfulController.groovy:46)
	at java.base/jdk.internal.reflect.NativeMethodAccessorImpl.invoke(NativeMethodAccessorImpl.java:77)
	at java.base/jdk.internal.reflect.DelegatingMethodAccessorImpl.invoke(DelegatingMethodAccessorImpl.java:43)
	at com.k_int.web.toolkit.rest.RestfulController.doTheLookup(RestfulController.groovy:28)
	at com.k_int.web.toolkit.rest.RestfulController.$tt__restfulController_index(RestfulController.groovy:62)
	at java.base/jdk.internal.reflect.NativeMethodAccessorImpl.invoke(NativeMethodAccessorImpl.java:77)
	at java.base/jdk.internal.reflect.DelegatingMethodAccessorImpl.invoke(DelegatingMethodAccessorImpl.java:43)
	at java.base/jdk.internal.reflect.NativeMethodAccessorImpl.invoke(NativeMethodAccessorImpl.java:77)
	at java.base/jdk.internal.reflect.DelegatingMethodAccessorImpl.invoke(DelegatingMethodAccessorImpl.java:43)
	at grails.gorm.transactions.GrailsTransactionTemplate$2.doInTransaction(GrailsTransactionTemplate.groovy:94)
	at org.springframework.transaction.support.TransactionTemplate.execute(TransactionTemplate.java:140)
	at grails.gorm.transactions.GrailsTransactionTemplate.execute(GrailsTransactionTemplate.groovy:91)
	at java.base/jdk.internal.reflect.NativeMethodAccessorImpl.invoke(NativeMethodAccessorImpl.java:77)
	at java.base/jdk.internal.reflect.DelegatingMethodAccessorImpl.invoke(DelegatingMethodAccessorImpl.java:43)
	at com.k_int.web.toolkit.rest.TenantAwareRestfulController.$tt__tenantAwareRestfulController_index(TenantAwareRestfulController.groovy:23)
	at java.base/jdk.internal.reflect.NativeMethodAccessorImpl.invoke(NativeMethodAccessorImpl.java:77)
	at java.base/jdk.internal.reflect.DelegatingMethodAccessorImpl.invoke(DelegatingMethodAccessorImpl.java:43)
	at grails.gorm.transactions.GrailsTransactionTemplate$2.doInTransaction(GrailsTransactionTemplate.groovy:94)
	at org.springframework.transaction.support.TransactionTemplate.execute(TransactionTemplate.java:140)
	at grails.gorm.transactions.GrailsTransactionTemplate.execute(GrailsTransactionTemplate.groovy:91)
	at java.base/jdk.internal.reflect.NativeMethodAccessorImpl.invoke(NativeMethodAccessorImpl.java:77)
	at java.base/jdk.internal.reflect.DelegatingMethodAccessorImpl.invoke(DelegatingMethodAccessorImpl.java:43)
	at java.base/jdk.internal.reflect.NativeMethodAccessorImpl.invoke(NativeMethodAccessorImpl.java:77)
	at java.base/jdk.internal.reflect.DelegatingMethodAccessorImpl.invoke(DelegatingMethodAccessorImpl.java:43)
	at grails.gorm.multitenancy.Tenants$_withId_closure2$_closure6.doCall(Tenants.groovy:265)
	at org.grails.orm.hibernate.GrailsHibernateTemplate.doExecute(GrailsHibernateTemplate.java:297)
	at org.grails.orm.hibernate.GrailsHibernateTemplate.execute(GrailsHibernateTemplate.java:241)
	at org.grails.orm.hibernate.GrailsHibernateTemplate.executeWithNewSession(GrailsHibernateTemplate.java:153)
	at org.grails.orm.hibernate.GrailsHibernateTemplate.executeWithExistingOrCreateNewSession(GrailsHibernateTemplate.java:207)
	at org.grails.orm.hibernate.AbstractHibernateDatastore.withNewSession(AbstractHibernateDatastore.java:369)
	at grails.gorm.multitenancy.Tenants$_withId_closure2.doCall(Tenants.groovy:258)
	at grails.gorm.multitenancy.Tenants$CurrentTenant.withTenant(Tenants.groovy:358)
	at grails.gorm.multitenancy.Tenants.withId(Tenants.groovy:236)
	at org.grails.datastore.gorm.services.DefaultTenantService.withCurrent(DefaultTenantService.groovy:71)
	at org.grails.core.DefaultGrailsControllerClass$MethodHandleInvoker.invoke(DefaultGrailsControllerClass.java:223)
	at org.grails.core.DefaultGrailsControllerClass.invoke(DefaultGrailsControllerClass.java:188)
	at org.grails.web.mapping.mvc.UrlMappingsInfoHandlerAdapter.handle(UrlMappingsInfoHandlerAdapter.groovy:90)
	at org.springframework.web.servlet.DispatcherServlet.doDispatch(DispatcherServlet.java:1072)
	at org.springframework.web.servlet.DispatcherServlet.doService(DispatcherServlet.java:965)
	at org.springframework.web.servlet.FrameworkServlet.processRequest(FrameworkServlet.java:1006)
	at org.springframework.web.servlet.FrameworkServlet.doGet(FrameworkServlet.java:898)
	at org.springframework.web.servlet.FrameworkServlet.service(FrameworkServlet.java:883)
	at io.undertow.servlet.handlers.ServletHandler.handleRequest(ServletHandler.java:74)
	at io.undertow.servlet.handlers.FilterHandler$FilterChainImpl.doFilter(FilterHandler.java:129)
	at org.springframework.security.web.FilterChainProxy$VirtualFilterChain.doFilter(FilterChainProxy.java:352)
	at org.springframework.security.web.access.intercept.FilterSecurityInterceptor.invoke(FilterSecurityInterceptor.java:117)
	at org.springframework.security.web.access.intercept.FilterSecurityInterceptor.doFilter(FilterSecurityInterceptor.java:83)
	at org.springframework.security.web.FilterChainProxy$VirtualFilterChain.doFilter(FilterChainProxy.java:361)
	at org.springframework.security.web.access.ExceptionTranslationFilter.doFilter(ExceptionTranslationFilter.java:126)
	at org.springframework.security.web.access.ExceptionTranslationFilter.doFilter(ExceptionTranslationFilter.java:120)
	at grails.plugin.springsecurity.web.UpdateRequestContextHolderExceptionTranslationFilter.doFilter(UpdateRequestContextHolderExceptionTranslationFilter.groovy:64)
	at org.springframework.security.web.FilterChainProxy$VirtualFilterChain.doFilter(FilterChainProxy.java:361)
	at org.springframework.security.web.FilterChainProxy$VirtualFilterChain.doFilter(FilterChainProxy.java:361)
	at grails.plugin.springsecurity.web.filter.GrailsAnonymousAuthenticationFilter.doFilter(GrailsAnonymousAuthenticationFilter.groovy:52)
	at org.springframework.security.web.FilterChainProxy$VirtualFilterChain.doFilter(FilterChainProxy.java:361)
	at org.springframework.security.web.servletapi.SecurityContextHolderAwareRequestFilter.doFilter(SecurityContextHolderAwareRequestFilter.java:164)
	at org.springframework.security.web.FilterChainProxy$VirtualFilterChain.doFilter(FilterChainProxy.java:361)
	at org.springframework.security.web.authentication.AbstractAuthenticationProcessingFilter.doFilter(AbstractAuthenticationProcessingFilter.java:227)
	at org.springframework.security.web.authentication.AbstractAuthenticationProcessingFilter.doFilter(AbstractAuthenticationProcessingFilter.java:221)
	at org.springframework.security.web.FilterChainProxy$VirtualFilterChain.doFilter(FilterChainProxy.java:361)
	at grails.plugin.springsecurity.web.authentication.logout.MutableLogoutFilter.doFilter(MutableLogoutFilter.groovy:62)
	at org.springframework.security.web.FilterChainProxy$VirtualFilterChain.doFilter(FilterChainProxy.java:361)
	at grails.plugin.springsecurity.web.SecurityRequestHolderFilter.doFilter(SecurityRequestHolderFilter.groovy:58)
	at org.springframework.security.web.FilterChainProxy$VirtualFilterChain.doFilter(FilterChainProxy.java:361)
	at com.k_int.okapi.springsecurity.OkapiAuthenticationFilter.successfulAuthentication(OkapiAuthenticationFilter.groovy:127)
	at org.springframework.security.web.authentication.AbstractAuthenticationProcessingFilter.doFilter(AbstractAuthenticationProcessingFilter.java:241)
	at org.springframework.security.web.authentication.AbstractAuthenticationProcessingFilter.doFilter(AbstractAuthenticationProcessingFilter.java:221)
	at org.springframework.security.web.FilterChainProxy$VirtualFilterChain.doFilter(FilterChainProxy.java:361)
	at org.springframework.security.web.FilterChainProxy.doFilterInternal(FilterChainProxy.java:225)
	at org.springframework.security.web.FilterChainProxy.doFilter(FilterChainProxy.java:190)
	at io.undertow.servlet.core.ManagedFilter.doFilter(ManagedFilter.java:67)
	at io.undertow.servlet.handlers.FilterHandler$FilterChainImpl.doFilter(FilterHandler.java:131)
	at org.grails.web.servlet.mvc.GrailsWebRequestFilter.doFilterInternal(GrailsWebRequestFilter.java:77)
	at io.undertow.servlet.core.ManagedFilter.doFilter(ManagedFilter.java:67)
	at io.undertow.servlet.handlers.FilterHandler$FilterChainImpl.doFilter(FilterHandler.java:131)
	at org.grails.web.filters.HiddenHttpMethodFilter.doFilterInternal(HiddenHttpMethodFilter.java:67)
	at io.undertow.servlet.core.ManagedFilter.doFilter(ManagedFilter.java:67)
	at io.undertow.servlet.handlers.FilterHandler$FilterChainImpl.doFilter(FilterHandler.java:131)
	at io.undertow.servlet.core.ManagedFilter.doFilter(ManagedFilter.java:67)
	at io.undertow.servlet.handlers.FilterHandler$FilterChainImpl.doFilter(FilterHandler.java:131)
	at io.undertow.servlet.core.ManagedFilter.doFilter(ManagedFilter.java:67)
	at io.undertow.servlet.handlers.FilterHandler$FilterChainImpl.doFilter(FilterHandler.java:131)
	at io.undertow.servlet.core.ManagedFilter.doFilter(ManagedFilter.java:67)
	at io.undertow.servlet.handlers.FilterHandler$FilterChainImpl.doFilter(FilterHandler.java:131)
	at io.undertow.servlet.handlers.FilterHandler.handleRequest(FilterHandler.java:84)
	at io.undertow.servlet.handlers.security.ServletSecurityRoleHandler.handleRequest(ServletSecurityRoleHandler.java:62)
	at io.undertow.servlet.handlers.ServletChain$1.handleRequest(ServletChain.java:68)
	at io.undertow.servlet.handlers.ServletDispatchingHandler.handleRequest(ServletDispatchingHandler.java:36)
	at io.undertow.servlet.handlers.RedirectDirHandler.handleRequest(RedirectDirHandler.java:68)
	at io.undertow.servlet.handlers.security.SSLInformationAssociationHandler.handleRequest(SSLInformationAssociationHandler.java:117)
	at io.undertow.servlet.handlers.security.ServletAuthenticationCallHandler.handleRequest(ServletAuthenticationCallHandler.java:57)
	at io.undertow.server.handlers.PredicateHandler.handleRequest(PredicateHandler.java:43)
	at io.undertow.security.handlers.AbstractConfidentialityHandler.handleRequest(AbstractConfidentialityHandler.java:46)
	at io.undertow.servlet.handlers.security.ServletConfidentialityConstraintHandler.handleRequest(ServletConfidentialityConstraintHandler.java:64)
	at io.undertow.security.handlers.AuthenticationMechanismsHandler.handleRequest(AuthenticationMechanismsHandler.java:60)
	at io.undertow.servlet.handlers.security.CachedAuthenticatedSessionHandler.handleRequest(CachedAuthenticatedSessionHandler.java:75)
	at io.undertow.security.handlers.AbstractSecurityContextAssociationHandler.handleRequest(AbstractSecurityContextAssociationHandler.java:43)
	at io.undertow.server.handlers.PredicateHandler.handleRequest(PredicateHandler.java:43)
	at io.undertow.servlet.handlers.SendErrorPageHandler.handleRequest(SendErrorPageHandler.java:52)
	at io.undertow.server.handlers.PredicateHandler.handleRequest(PredicateHandler.java:43)
	at io.undertow.servlet.handlers.ServletInitialHandler.handleFirstRequest(ServletInitialHandler.java:270)
	at io.undertow.servlet.handlers.ServletInitialHandler.access$000(ServletInitialHandler.java:78)
	at io.undertow.servlet.handlers.ServletInitialHandler$1.call(ServletInitialHandler.java:129)
	at io.undertow.servlet.handlers.ServletInitialHandler$1.call(ServletInitialHandler.java:126)
	at io.undertow.servlet.core.ServletRequestContextThreadSetupAction$1.call(ServletRequestContextThreadSetupAction.java:48)
	at io.undertow.servlet.core.ContextClassLoaderSetupAction$1.call(ContextClassLoaderSetupAction.java:43)
	at io.undertow.servlet.handlers.ServletInitialHandler.dispatchRequest(ServletInitialHandler.java:250)
	at io.undertow.servlet.handlers.ServletInitialHandler.lambda$new$1(ServletInitialHandler.java:98)
	at io.undertow.server.Connectors.executeRootHandler(Connectors.java:395)
	at io.undertow.server.HttpServerExchange$1.run(HttpServerExchange.java:931)
	at org.jboss.threads.ContextHandler$1.runWith(ContextHandler.java:18)
	at org.jboss.threads.EnhancedQueueExecutor$Task.run(EnhancedQueueExecutor.java:2513)
	at org.jboss.threads.EnhancedQueueExecutor$ThreadBody.run(EnhancedQueueExecutor.java:1538)
	at org.xnio.XnioWorker$WorkerThreadFactory$1$1.run(XnioWorker.java:1282)
	at java.base/java.lang.Thread.run(Thread.java:840)
Caused by: java.lang.IllegalArgumentException: Invalid boolean value 'notabool'
	at org.springframework.core.convert.support.StringToBooleanConverter.convert(StringToBooleanConverter.java:66)
	at org.springframework.core.convert.support.StringToBooleanConverter.convert(StringToBooleanConverter.java:32)
	at org.springframework.core.convert.support.GenericConversionService$ConverterAdapter.convert(GenericConversionService.java:385)
	at org.springframework.core.convert.support.ConversionUtils.invokeConverter(ConversionUtils.java:41)
	... 159 common frames omitted

2026-07-21 07:21:13.815  DEBUG  --- [  XNIO-1 task-2] c.k.o.s.OkapiAuthenticationFilter        : Set SecurityContextHolder to OkapiAuthenticationToken [Principal=com.k_int.okapi.springsecurity.OkapiAuthenticationToken$OkapiUserDetails@298400d6, Credentials=[PROTECTED], Authenticated=true, Details=null, Granted Authorities=[]]
2026-07-21 07:21:13.815   INFO  --- [  XNIO-1 task-2] c.k.o.s.OkapiAuthenticationFilter        : OKAPI User added to security context OkapiAuthenticationToken [Principal=com.k_int.okapi.springsecurity.OkapiAuthenticationToken$OkapiUserDetails@298400d6, Credentials=[PROTECTED], Authenticated=true, Details=null, Granted Authorities=[]]
2026-07-21 07:21:13.817  DEBUG  --- [  XNIO-1 task-2] com.k_int.okapi.OkapiTenantAdminService  : checkTenantAndEnsureDatasource
2026-07-21 07:21:13.818  DEBUG  --- [  XNIO-1 task-2] com.k_int.okapi.OkapiTenantAdminService  : Checking to see if r13a is already active
2026-07-21 07:21:13.820  DEBUG  --- [  XNIO-1 task-2] com.k_int.okapi.OkapiTenantAdminService  : ensureDatasource for r13a_mod_service_interaction
line 1:11 no viable alternative at input 'nextValue=='
2026-07-21 07:21:13.822   INFO  --- [  XNIO-1 task-2] c.k_int.web.toolkit.SimpleLookupService  : Parse tree: (filters (filter_expr nextValue ==) <EOF>)
2026-07-21 07:21:13.822   INFO  --- [  XNIO-1 task-2] c.k_int.web.toolkit.SimpleLookupService  : Begin parsing filters
2026-07-21 07:21:13.822   INFO  --- [  XNIO-1 task-2] c.k_int.web.toolkit.SimpleLookupService  : Finished parsing filters
2026-07-21 07:21:13.822  DEBUG  --- [  XNIO-1 task-2] c.k_int.web.toolkit.SimpleLookupService  : Looking for property code
2026-07-21 07:21:13.822  DEBUG  --- [  XNIO-1 task-2] c.k_int.web.toolkit.SimpleLookupService  : Sort on code asc.
2026-07-21 07:21:13.959  DEBUG  --- [  XNIO-1 task-2] c.k.o.s.OkapiAuthenticationFilter        : Set SecurityContextHolder to OkapiAuthenticationToken [Principal=com.k_int.okapi.springsecurity.OkapiAuthenticationToken$OkapiUserDetails@7fcc227a, Credentials=[PROTECTED], Authenticated=true, Details=null, Granted Authorities=[]]
2026-07-21 07:21:13.959   INFO  --- [  XNIO-1 task-2] c.k.o.s.OkapiAuthenticationFilter        : OKAPI User added to security context OkapiAuthenticationToken [Principal=com.k_int.okapi.springsecurity.OkapiAuthenticationToken$OkapiUserDetails@7fcc227a, Credentials=[PROTECTED], Authenticated=true, Details=null, Granted Authorities=[]]
2026-07-21 07:21:13.961  DEBUG  --- [  XNIO-1 task-2] com.k_int.okapi.OkapiTenantAdminService  : checkTenantAndEnsureDatasource
2026-07-21 07:21:13.962  DEBUG  --- [  XNIO-1 task-2] com.k_int.okapi.OkapiTenantAdminService  : Checking to see if r13a is already active
2026-07-21 07:21:13.963  DEBUG  --- [  XNIO-1 task-2] com.k_int.okapi.OkapiTenantAdminService  : ensureDatasource for r13a_mod_service_interaction
2026-07-21 07:21:13.965   INFO  --- [  XNIO-1 task-2] c.k_int.web.toolkit.SimpleLookupService  : Parse tree: (filters (filter_expr (standard_expr code (operator ==) (value_exp pl \a in))) <EOF>)
2026-07-21 07:21:13.965   INFO  --- [  XNIO-1 task-2] c.k_int.web.toolkit.SimpleLookupService  : Begin parsing filters
2026-07-21 07:21:13.966  DEBUG  --- [  XNIO-1 task-2] com.k_int.web.toolkit.utils.DomainUtils  : Returning org.olf.numgen.NumberGeneratorSequence:code from cache.
2026-07-21 07:21:13.966  DEBUG  --- [  XNIO-1 task-2] com.k_int.web.toolkit.utils.DomainUtils  : Returning org.olf.numgen.NumberGeneratorSequence:code from cache.
2026-07-21 07:21:13.966  DEBUG  --- [  XNIO-1 task-2] c.k_int.web.toolkit.SimpleLookupService  : Looking for property code
2026-07-21 07:21:13.966  DEBUG  --- [  XNIO-1 task-2] c.k_int.web.toolkit.SimpleLookupService  : equality filter
2026-07-21 07:21:13.966   INFO  --- [  XNIO-1 task-2] c.k_int.web.toolkit.SimpleLookupService  : Finished parsing filters
2026-07-21 07:21:13.966  DEBUG  --- [  XNIO-1 task-2] com.k_int.web.toolkit.utils.DomainUtils  : Returning org.olf.numgen.NumberGeneratorSequence:code from cache.
2026-07-21 07:21:13.966  DEBUG  --- [  XNIO-1 task-2] c.k_int.web.toolkit.SimpleLookupService  : Looking for property code
2026-07-21 07:21:13.966  DEBUG  --- [  XNIO-1 task-2] c.k_int.web.toolkit.SimpleLookupService  : Sort on code asc.
2026-07-21 07:21:13.985  DEBUG  --- [  XNIO-1 task-2] c.k.o.s.OkapiAuthenticationFilter        : Set SecurityContextHolder to OkapiAuthenticationToken [Principal=com.k_int.okapi.springsecurity.OkapiAuthenticationToken$OkapiUserDetails@11e7debf, Credentials=[PROTECTED], Authenticated=true, Details=null, Granted Authorities=[]]
2026-07-21 07:21:13.985   INFO  --- [  XNIO-1 task-2] c.k.o.s.OkapiAuthenticationFilter        : OKAPI User added to security context OkapiAuthenticationToken [Principal=com.k_int.okapi.springsecurity.OkapiAuthenticationToken$OkapiUserDetails@11e7debf, Credentials=[PROTECTED], Authenticated=true, Details=null, Granted Authorities=[]]
2026-07-21 07:21:13.986  DEBUG  --- [  XNIO-1 task-2] com.k_int.okapi.OkapiTenantAdminService  : checkTenantAndEnsureDatasource
2026-07-21 07:21:13.988  DEBUG  --- [  XNIO-1 task-2] com.k_int.okapi.OkapiTenantAdminService  : Checking to see if r13a is already active
2026-07-21 07:21:13.989  DEBUG  --- [  XNIO-1 task-2] com.k_int.okapi.OkapiTenantAdminService  : ensureDatasource for r13a_mod_service_interaction
line 1:12 no viable alternative at input 'code==plain'
2026-07-21 07:21:13.991   INFO  --- [  XNIO-1 task-2] c.k_int.web.toolkit.SimpleLookupService  : Parse tree: (filters (filter_expr ( (filter_expr (standard_expr code == plain)) <missing ')'>) <EOF>)
2026-07-21 07:21:13.991   INFO  --- [  XNIO-1 task-2] c.k_int.web.toolkit.SimpleLookupService  : Begin parsing filters
2026-07-21 07:21:13.994  ERROR  --- [  XNIO-1 task-2] StackTrace                               : Full Stack Trace:

java.lang.IllegalStateException: More than 1 criterion resulted from group
	at com.k_int.web.toolkit.grammar.SimpleLookupServiceListenerWtk.exitFilterGroup(SimpleLookupServiceListenerWtk.groovy:593)
	at com.k_int.web.toolkit.grammar.SimpleLookupWtkParser$FilterGroupContext.exitRule(SimpleLookupWtkParser.java:645)
	at org.antlr.v4.runtime.tree.ParseTreeWalker.exitRule(ParseTreeWalker.java:47)
	at org.antlr.v4.runtime.tree.ParseTreeWalker.walk(ParseTreeWalker.java:30)
	at org.antlr.v4.runtime.tree.ParseTreeWalker.walk(ParseTreeWalker.java:28)
	at org.antlr.v4.runtime.tree.ParseTreeWalker$walk.call(Unknown Source)
	at com.k_int.web.toolkit.SimpleLookupService.parseFilterString(SimpleLookupService.groovy:141)
	at com.k_int.web.toolkit.SimpleLookupService.parseFilterString(SimpleLookupService.groovy)
	at java.base/jdk.internal.reflect.NativeMethodAccessorImpl.invoke0(Native Method)
	at java.base/jdk.internal.reflect.NativeMethodAccessorImpl.invoke(NativeMethodAccessorImpl.java:77)
	at java.base/jdk.internal.reflect.DelegatingMethodAccessorImpl.invoke(DelegatingMethodAccessorImpl.java:43)
	at java.base/java.lang.reflect.Method.invoke(Method.java:569)
	at org.codehaus.groovy.runtime.callsite.PlainObjectMetaMethodSite.doInvoke(PlainObjectMetaMethodSite.java:48)
	at org.codehaus.groovy.runtime.callsite.PogoMetaMethodSite$PogoCachedMethodSiteNoUnwrapNoCoerce.invoke(PogoMetaMethodSite.java:189)
	at org.codehaus.groovy.runtime.callsite.PogoMetaMethodSite.callCurrent(PogoMetaMethodSite.java:57)
	at org.codehaus.groovy.runtime.callsite.AbstractCallSite.callCurrent(AbstractCallSite.java:203)
	at com.k_int.web.toolkit.SimpleLookupService.parseFilters(SimpleLookupService.groovy:153)
	at java.base/jdk.internal.reflect.NativeMethodAccessorImpl.invoke0(Native Method)
	at java.base/jdk.internal.reflect.NativeMethodAccessorImpl.invoke(NativeMethodAccessorImpl.java:77)
	at java.base/jdk.internal.reflect.DelegatingMethodAccessorImpl.invoke(DelegatingMethodAccessorImpl.java:43)
	at java.base/java.lang.reflect.Method.invoke(Method.java:569)
	at org.codehaus.groovy.runtime.callsite.PlainObjectMetaMethodSite.doInvoke(PlainObjectMetaMethodSite.java:48)
	at org.codehaus.groovy.runtime.callsite.PogoMetaMethodSite$PogoCachedMethodSiteNoUnwrapNoCoerce.invoke(PogoMetaMethodSite.java:189)
	at org.codehaus.groovy.runtime.callsite.PogoMetaMethodSite.callCurrent(PogoMetaMethodSite.java:57)
	at org.codehaus.groovy.runtime.callsite.AbstractCallSite.callCurrent(AbstractCallSite.java:203)
	at com.k_int.web.toolkit.SimpleLookupService.buildLookupCriteria(SimpleLookupService.groovy:244)
	at java.base/jdk.internal.reflect.NativeMethodAccessorImpl.invoke0(Native Method)
	at java.base/jdk.internal.reflect.NativeMethodAccessorImpl.invoke(NativeMethodAccessorImpl.java:77)
	at java.base/jdk.internal.reflect.DelegatingMethodAccessorImpl.invoke(DelegatingMethodAccessorImpl.java:43)
	at java.base/java.lang.reflect.Method.invoke(Method.java:569)
	at org.codehaus.groovy.reflection.CachedMethod.invoke(CachedMethod.java:107)
	at groovy.lang.MetaMethod.doMethodInvoke(MetaMethod.java:323)
	at org.codehaus.groovy.runtime.metaclass.ClosureMetaClass.invokeMethod(ClosureMetaClass.java:362)
	at org.codehaus.groovy.runtime.callsite.PogoMetaClassSite.callCurrent(PogoMetaClassSite.java:61)
	at org.codehaus.groovy.runtime.callsite.AbstractCallSite.callCurrent(AbstractCallSite.java:212)
	at com.k_int.web.toolkit.SimpleLookupService$_lookup_closure3.doCall(SimpleLookupService.groovy:450)
	at com.k_int.web.toolkit.SimpleLookupService$_lookup_closure3.doCall(SimpleLookupService.groovy)
	at java.base/jdk.internal.reflect.NativeMethodAccessorImpl.invoke0(Native Method)
	at java.base/jdk.internal.reflect.NativeMethodAccessorImpl.invoke(NativeMethodAccessorImpl.java:77)
	at java.base/jdk.internal.reflect.DelegatingMethodAccessorImpl.invoke(DelegatingMethodAccessorImpl.java:43)
	at java.base/java.lang.reflect.Method.invoke(Method.java:569)
	at org.codehaus.groovy.reflection.CachedMethod.invoke(CachedMethod.java:107)
	at groovy.lang.MetaMethod.doMethodInvoke(MetaMethod.java:323)
	at org.codehaus.groovy.runtime.metaclass.ClosureMetaClass.invokeMethod(ClosureMetaClass.java:274)
	at groovy.lang.MetaClassImpl.invokeMethod(MetaClassImpl.java:1030)
	at org.codehaus.groovy.runtime.callsite.PogoMetaClassSite.call(PogoMetaClassSite.java:38)
	at org.codehaus.groovy.runtime.callsite.AbstractCallSite.call(AbstractCallSite.java:130)
	at com.k_int.web.toolkit.SimpleLookupService$_doMethod_closure6.doCall(SimpleLookupService.groovy:549)
	at com.k_int.web.toolkit.SimpleLookupService$_doMethod_closure6.doCall(SimpleLookupService.groovy)
	at java.base/jdk.internal.reflect.NativeMethodAccessorImpl.invoke0(Native Method)
	at java.base/jdk.internal.reflect.NativeMethodAccessorImpl.invoke(NativeMethodAccessorImpl.java:77)
	at java.base/jdk.internal.reflect.DelegatingMethodAccessorImpl.invoke(DelegatingMethodAccessorImpl.java:43)
	at java.base/java.lang.reflect.Method.invoke(Method.java:569)
	at org.codehaus.groovy.reflection.CachedMethod.invoke(CachedMethod.java:107)
	at groovy.lang.MetaMethod.doMethodInvoke(MetaMethod.java:323)
	at org.codehaus.groovy.runtime.metaclass.ClosureMetaClass.invokeMethod(ClosureMetaClass.java:274)
	at groovy.lang.MetaClassImpl.invokeMethod(MetaClassImpl.java:1030)
	at groovy.lang.Closure.call(Closure.java:427)
	at groovy.lang.Closure.call(Closure.java:406)
	at org.grails.orm.hibernate.query.AbstractHibernateCriteriaBuilder.invokeClosureNode(AbstractHibernateCriteriaBuilder.java:1916)
	at org.grails.orm.hibernate.query.AbstractHibernateCriteriaBuilder.invokeMethod(AbstractHibernateCriteriaBuilder.java:1628)
	at org.grails.orm.hibernate.query.AbstractHibernateCriteriaBuilder.list(AbstractHibernateCriteriaBuilder.java:1575)
	at java.base/jdk.internal.reflect.NativeMethodAccessorImpl.invoke0(Native Method)
	at java.base/jdk.internal.reflect.NativeMethodAccessorImpl.invoke(NativeMethodAccessorImpl.java:77)
	at java.base/jdk.internal.reflect.DelegatingMethodAccessorImpl.invoke(DelegatingMethodAccessorImpl.java:43)
	at java.base/java.lang.reflect.Method.invoke(Method.java:569)
	at org.codehaus.groovy.reflection.CachedMethod.invoke(CachedMethod.java:107)
	at groovy.lang.MetaMethod.doMethodInvoke(MetaMethod.java:323)
	at groovy.lang.MetaClassImpl.invokeMethod(MetaClassImpl.java:1254)
	at groovy.lang.MetaClassImpl.invokeMethod(MetaClassImpl.java:1030)
	at org.codehaus.groovy.runtime.InvokerHelper.invokePogoMethod(InvokerHelper.java:1059)
	at org.codehaus.groovy.runtime.InvokerHelper.invokeMethod(InvokerHelper.java:1042)
	at org.codehaus.groovy.runtime.ScriptBytecodeAdapter.invokeMethodN(ScriptBytecodeAdapter.java:180)
	at com.k_int.web.toolkit.SimpleLookupService.doMethod(SimpleLookupService.groovy:554)
	at java.base/jdk.internal.reflect.NativeMethodAccessorImpl.invoke0(Native Method)
	at java.base/jdk.internal.reflect.NativeMethodAccessorImpl.invoke(NativeMethodAccessorImpl.java:77)
	at java.base/jdk.internal.reflect.DelegatingMethodAccessorImpl.invoke(DelegatingMethodAccessorImpl.java:43)
	at java.base/java.lang.reflect.Method.invoke(Method.java:569)
	at org.codehaus.groovy.runtime.callsite.PlainObjectMetaMethodSite.doInvoke(PlainObjectMetaMethodSite.java:48)
	at org.codehaus.groovy.runtime.callsite.PogoMetaMethodSite$PogoCachedMethodSiteNoUnwrapNoCoerce.invoke(PogoMetaMethodSite.java:189)
	at org.codehaus.groovy.runtime.callsite.PogoMetaMethodSite.callCurrent(PogoMetaMethodSite.java:57)
	at org.codehaus.groovy.runtime.callsite.AbstractCallSite.callCurrent(AbstractCallSite.java:212)
	at com.k_int.web.toolkit.SimpleLookupService.doList(SimpleLookupService.groovy:534)
	at java.base/jdk.internal.reflect.NativeMethodAccessorImpl.invoke0(Native Method)
	at java.base/jdk.internal.reflect.NativeMethodAccessorImpl.invoke(NativeMethodAccessorImpl.java:77)
	at java.base/jdk.internal.reflect.DelegatingMethodAccessorImpl.invoke(DelegatingMethodAccessorImpl.java:43)
	at java.base/java.lang.reflect.Method.invoke(Method.java:569)
	at org.codehaus.groovy.runtime.callsite.PlainObjectMetaMethodSite.doInvoke(PlainObjectMetaMethodSite.java:48)
	at org.codehaus.groovy.runtime.callsite.PogoMetaMethodSite$PogoCachedMethodSiteNoUnwrapNoCoerce.invoke(PogoMetaMethodSite.java:189)
	at org.codehaus.groovy.runtime.callsite.PogoMetaMethodSite.callCurrent(PogoMetaMethodSite.java:57)
	at org.codehaus.groovy.runtime.callsite.AbstractCallSite.callCurrent(AbstractCallSite.java:203)
	at com.k_int.web.toolkit.SimpleLookupService.lookup(SimpleLookupService.groovy:439)
	at com.k_int.web.toolkit.SimpleLookupService$lookup.call(Unknown Source)
	at com.k_int.web.toolkit.rest.RestfulController.doTheLookup(RestfulController.groovy:46)
	at java.base/jdk.internal.reflect.NativeMethodAccessorImpl.invoke0(Native Method)
	at java.base/jdk.internal.reflect.NativeMethodAccessorImpl.invoke(NativeMethodAccessorImpl.java:77)
	at java.base/jdk.internal.reflect.DelegatingMethodAccessorImpl.invoke(DelegatingMethodAccessorImpl.java:43)
	at java.base/java.lang.reflect.Method.invoke(Method.java:569)
	at org.codehaus.groovy.runtime.callsite.PlainObjectMetaMethodSite.doInvoke(PlainObjectMetaMethodSite.java:48)
	at org.codehaus.groovy.runtime.callsite.PogoMetaMethodSite$PogoCachedMethodSite.invoke(PogoMetaMethodSite.java:166)
	at org.codehaus.groovy.runtime.callsite.PogoMetaMethodSite.callCurrent(PogoMetaMethodSite.java:57)
	at org.codehaus.groovy.runtime.callsite.AbstractCallSite.callCurrent(AbstractCallSite.java:194)
	at com.k_int.web.toolkit.rest.RestfulController.doTheLookup(RestfulController.groovy:28)
	at com.k_int.web.toolkit.rest.RestfulController.doTheLookup(RestfulController.groovy)
	at com.k_int.web.toolkit.rest.RestfulController.$tt__restfulController_index(RestfulController.groovy:62)
	at java.base/jdk.internal.reflect.NativeMethodAccessorImpl.invoke0(Native Method)
	at java.base/jdk.internal.reflect.NativeMethodAccessorImpl.invoke(NativeMethodAccessorImpl.java:77)
	at java.base/jdk.internal.reflect.DelegatingMethodAccessorImpl.invoke(DelegatingMethodAccessorImpl.java:43)
	at java.base/java.lang.reflect.Method.invoke(Method.java:569)
	at org.codehaus.groovy.reflection.CachedMethod.invoke(CachedMethod.java:107)
	at groovy.lang.MetaMethod.doMethodInvoke(MetaMethod.java:323)
	at groovy.lang.MetaClassImpl.invokeMethod(MetaClassImpl.java:1254)
	at groovy.lang.MetaClassImpl.invokeMethod(MetaClassImpl.java:1030)
	at org.codehaus.groovy.runtime.InvokerHelper.invokePogoMethod(InvokerHelper.java:1059)
	at org.codehaus.groovy.runtime.InvokerHelper.invokeMethod(InvokerHelper.java:1042)
	at org.codehaus.groovy.runtime.InvokerHelper.invokeMethodSafe(InvokerHelper.java:97)
	at com.k_int.web.toolkit.rest.RestfulController$_index_closure1.doCall(RestfulController.groovy)
	at java.base/jdk.internal.reflect.NativeMethodAccessorImpl.invoke0(Native Method)
	at java.base/jdk.internal.reflect.NativeMethodAccessorImpl.invoke(NativeMethodAccessorImpl.java:77)
	at java.base/jdk.internal.reflect.DelegatingMethodAccessorImpl.invoke(DelegatingMethodAccessorImpl.java:43)
	at java.base/java.lang.reflect.Method.invoke(Method.java:569)
	at org.codehaus.groovy.reflection.CachedMethod.invoke(CachedMethod.java:107)
	at groovy.lang.MetaMethod.doMethodInvoke(MetaMethod.java:323)
	at org.codehaus.groovy.runtime.metaclass.ClosureMetaClass.invokeMethod(ClosureMetaClass.java:274)
	at groovy.lang.MetaClassImpl.invokeMethod(MetaClassImpl.java:1030)
	at groovy.lang.Closure.call(Closure.java:427)
	at groovy.lang.Closure.call(Closure.java:416)
	at grails.gorm.transactions.GrailsTransactionTemplate$2.doInTransaction(GrailsTransactionTemplate.groovy:94)
	at org.springframework.transaction.support.TransactionTemplate.execute(TransactionTemplate.java:140)
	at grails.gorm.transactions.GrailsTransactionTemplate.execute(GrailsTransactionTemplate.groovy:91)
	at com.k_int.web.toolkit.rest.RestfulController.index(RestfulController.groovy)
	at com.k_int.web.toolkit.rest.TenantAwareRestfulController.super$3$index(TenantAwareRestfulController.groovy)
	at java.base/jdk.internal.reflect.NativeMethodAccessorImpl.invoke0(Native Method)
	at java.base/jdk.internal.reflect.NativeMethodAccessorImpl.invoke(NativeMethodAccessorImpl.java:77)
	at java.base/jdk.internal.reflect.DelegatingMethodAccessorImpl.invoke(DelegatingMethodAccessorImpl.java:43)
	at java.base/java.lang.reflect.Method.invoke(Method.java:569)
	at org.codehaus.groovy.reflection.CachedMethod.invoke(CachedMethod.java:107)
	at groovy.lang.MetaMethod.doMethodInvoke(MetaMethod.java:323)
	at groovy.lang.MetaClassImpl.invokeMethod(MetaClassImpl.java:1254)
	at org.codehaus.groovy.runtime.ScriptBytecodeAdapter.invokeMethodOnSuperN(ScriptBytecodeAdapter.java:144)
	at com.k_int.web.toolkit.rest.TenantAwareRestfulController.$tt__tenantAwareRestfulController_index(TenantAwareRestfulController.groovy:23)
	at com.k_int.web.toolkit.rest.TenantAwareRestfulController$__mt__tenantAwareRestfulController_index_closure10.doCall(TenantAwareRestfulController.groovy)
	at java.base/jdk.internal.reflect.NativeMethodAccessorImpl.invoke0(Native Method)
	at java.base/jdk.internal.reflect.NativeMethodAccessorImpl.invoke(NativeMethodAccessorImpl.java:77)
	at java.base/jdk.internal.reflect.DelegatingMethodAccessorImpl.invoke(DelegatingMethodAccessorImpl.java:43)
	at java.base/java.lang.reflect.Method.invoke(Method.java:569)
	at org.codehaus.groovy.reflection.CachedMethod.invoke(CachedMethod.java:107)
	at groovy.lang.MetaMethod.doMethodInvoke(MetaMethod.java:323)
	at org.codehaus.groovy.runtime.metaclass.ClosureMetaClass.invokeMethod(ClosureMetaClass.java:274)
	at groovy.lang.MetaClassImpl.invokeMethod(MetaClassImpl.java:1030)
	at groovy.lang.Closure.call(Closure.java:427)
	at groovy.lang.Closure.call(Closure.java:416)
	at grails.gorm.transactions.GrailsTransactionTemplate$2.doInTransaction(GrailsTransactionTemplate.groovy:94)
	at org.springframework.transaction.support.TransactionTemplate.execute(TransactionTemplate.java:140)
	at grails.gorm.transactions.GrailsTransactionTemplate.execute(GrailsTransactionTemplate.groovy:91)
	at com.k_int.web.toolkit.rest.TenantAwareRestfulController.$mt__tenantAwareRestfulController_index(TenantAwareRestfulController.groovy)
	at java.base/jdk.internal.reflect.NativeMethodAccessorImpl.invoke0(Native Method)
	at java.base/jdk.internal.reflect.NativeMethodAccessorImpl.invoke(NativeMethodAccessorImpl.java:77)
	at java.base/jdk.internal.reflect.DelegatingMethodAccessorImpl.invoke(DelegatingMethodAccessorImpl.java:43)
	at java.base/java.lang.reflect.Method.invoke(Method.java:569)
	at org.codehaus.groovy.reflection.CachedMethod.invoke(CachedMethod.java:107)
	at groovy.lang.MetaMethod.doMethodInvoke(MetaMethod.java:323)
	at groovy.lang.MetaClassImpl.invokeMethod(MetaClassImpl.java:1254)
	at groovy.lang.MetaClassImpl.invokeMethod(MetaClassImpl.java:1030)
	at org.codehaus.groovy.runtime.InvokerHelper.invokePogoMethod(InvokerHelper.java:1059)
	at org.codehaus.groovy.runtime.InvokerHelper.invokeMethod(InvokerHelper.java:1042)
	at org.codehaus.groovy.runtime.InvokerHelper.invokeMethodSafe(InvokerHelper.java:97)
	at com.k_int.web.toolkit.rest.TenantAwareRestfulController$_index_closure1.doCall(TenantAwareRestfulController.groovy)
	at java.base/jdk.internal.reflect.NativeMethodAccessorImpl.invoke0(Native Method)
	at java.base/jdk.internal.reflect.NativeMethodAccessorImpl.invoke(NativeMethodAccessorImpl.java:77)
	at java.base/jdk.internal.reflect.DelegatingMethodAccessorImpl.invoke(DelegatingMethodAccessorImpl.java:43)
	at java.base/java.lang.reflect.Method.invoke(Method.java:569)
	at org.codehaus.groovy.reflection.CachedMethod.invoke(CachedMethod.java:107)
	at groovy.lang.MetaMethod.doMethodInvoke(MetaMethod.java:323)
	at org.codehaus.groovy.runtime.metaclass.ClosureMetaClass.invokeMethod(ClosureMetaClass.java:274)
	at groovy.lang.MetaClassImpl.invokeMethod(MetaClassImpl.java:1030)
	at groovy.lang.Closure.call(Closure.java:427)
	at groovy.lang.Closure.call(Closure.java:416)
	at grails.gorm.multitenancy.Tenants$_withId_closure2$_closure6.doCall(Tenants.groovy:265)
	at grails.gorm.multitenancy.Tenants$_withId_closure2$_closure6.call(Tenants.groovy)
	at org.grails.orm.hibernate.GrailsHibernateTemplate.doExecute(GrailsHibernateTemplate.java:297)
	at org.grails.orm.hibernate.GrailsHibernateTemplate.execute(GrailsHibernateTemplate.java:241)
	at org.grails.orm.hibernate.GrailsHibernateTemplate.executeWithNewSession(GrailsHibernateTemplate.java:153)
	at org.grails.orm.hibernate.GrailsHibernateTemplate.executeWithExistingOrCreateNewSession(GrailsHibernateTemplate.java:207)
	at org.grails.orm.hibernate.AbstractHibernateDatastore.withNewSession(AbstractHibernateDatastore.java:369)
	at grails.gorm.multitenancy.Tenants$_withId_closure2.doCall(Tenants.groovy:258)
	at grails.gorm.multitenancy.Tenants$_withId_closure2.call(Tenants.groovy)
	at grails.gorm.multitenancy.Tenants$CurrentTenant.withTenant(Tenants.groovy:358)
	at grails.gorm.multitenancy.Tenants.withId(Tenants.groovy:236)
	at org.grails.datastore.gorm.services.DefaultTenantService.withCurrent(DefaultTenantService.groovy:71)
	at com.k_int.web.toolkit.rest.TenantAwareRestfulController.index(TenantAwareRestfulController.groovy)
	at com.k_int.web.toolkit.rest.TenantAwareRestfulController.index(TenantAwareRestfulController.groovy)
	at org.grails.core.DefaultGrailsControllerClass$MethodHandleInvoker.invoke(DefaultGrailsControllerClass.java:223)
	at org.grails.core.DefaultGrailsControllerClass.invoke(DefaultGrailsControllerClass.java:188)
	at org.grails.web.mapping.mvc.UrlMappingsInfoHandlerAdapter.handle(UrlMappingsInfoHandlerAdapter.groovy:90)
	at org.springframework.web.servlet.DispatcherServlet.doDispatch(DispatcherServlet.java:1072)
	at org.springframework.web.servlet.DispatcherServlet.doService(DispatcherServlet.java:965)
	at org.springframework.web.servlet.FrameworkServlet.processRequest(FrameworkServlet.java:1006)
	at org.springframework.web.servlet.FrameworkServlet.doGet(FrameworkServlet.java:898)
	at javax.servlet.http.HttpServlet.service(HttpServlet.java:645)
	at org.springframework.web.servlet.FrameworkServlet.service(FrameworkServlet.java:883)
	at javax.servlet.http.HttpServlet.service(HttpServlet.java:750)
	at io.undertow.servlet.handlers.ServletHandler.handleRequest(ServletHandler.java:74)
	at io.undertow.servlet.handlers.FilterHandler$FilterChainImpl.doFilter(FilterHandler.java:129)
	at org.springframework.security.web.FilterChainProxy$VirtualFilterChain.doFilter(FilterChainProxy.java:352)
	at org.springframework.security.web.access.intercept.FilterSecurityInterceptor.invoke(FilterSecurityInterceptor.java:117)
	at org.springframework.security.web.access.intercept.FilterSecurityInterceptor.doFilter(FilterSecurityInterceptor.java:83)
	at org.springframework.security.web.FilterChainProxy$VirtualFilterChain.doFilter(FilterChainProxy.java:361)
	at org.springframework.security.web.access.ExceptionTranslationFilter.doFilter(ExceptionTranslationFilter.java:126)
	at org.springframework.security.web.access.ExceptionTranslationFilter.doFilter(ExceptionTranslationFilter.java:120)
	at grails.plugin.springsecurity.web.UpdateRequestContextHolderExceptionTranslationFilter.doFilter(UpdateRequestContextHolderExceptionTranslationFilter.groovy:64)
	at org.springframework.security.web.FilterChainProxy$VirtualFilterChain.doFilter(FilterChainProxy.java:361)
	at org.springframework.web.filter.FormContentFilter.doFilterInternal(FormContentFilter.java:93)
	at org.springframework.web.filter.OncePerRequestFilter.doFilter(OncePerRequestFilter.java:117)
	at org.springframework.security.web.FilterChainProxy$VirtualFilterChain.doFilter(FilterChainProxy.java:361)
	at grails.plugin.springsecurity.web.filter.GrailsAnonymousAuthenticationFilter.doFilter(GrailsAnonymousAuthenticationFilter.groovy:52)
	at org.springframework.security.web.FilterChainProxy$VirtualFilterChain.doFilter(FilterChainProxy.java:361)
	at org.springframework.security.web.servletapi.SecurityContextHolderAwareRequestFilter.doFilter(SecurityContextHolderAwareRequestFilter.java:164)
	at org.springframework.security.web.FilterChainProxy$VirtualFilterChain.doFilter(FilterChainProxy.java:361)
	at org.springframework.security.web.authentication.AbstractAuthenticationProcessingFilter.doFilter(AbstractAuthenticationProcessingFilter.java:227)
	at org.springframework.security.web.authentication.AbstractAuthenticationProcessingFilter.doFilter(AbstractAuthenticationProcessingFilter.java:221)
	at org.springframework.security.web.FilterChainProxy$VirtualFilterChain.doFilter(FilterChainProxy.java:361)
	at grails.plugin.springsecurity.web.authentication.logout.MutableLogoutFilter.doFilter(MutableLogoutFilter.groovy:62)
	at org.springframework.security.web.FilterChainProxy$VirtualFilterChain.doFilter(FilterChainProxy.java:361)
	at grails.plugin.springsecurity.web.SecurityRequestHolderFilter.doFilter(SecurityRequestHolderFilter.groovy:58)
	at org.springframework.security.web.FilterChainProxy$VirtualFilterChain.doFilter(FilterChainProxy.java:361)
	at javax.servlet.FilterChain$doFilter.call(Unknown Source)
	at com.k_int.okapi.springsecurity.OkapiAuthenticationFilter.successfulAuthentication(OkapiAuthenticationFilter.groovy:127)
	at org.springframework.security.web.authentication.AbstractAuthenticationProcessingFilter.doFilter(AbstractAuthenticationProcessingFilter.java:241)
	at org.springframework.security.web.authentication.AbstractAuthenticationProcessingFilter.doFilter(AbstractAuthenticationProcessingFilter.java:221)
	at org.springframework.security.web.FilterChainProxy$VirtualFilterChain.doFilter(FilterChainProxy.java:361)
	at org.springframework.security.web.FilterChainProxy.doFilterInternal(FilterChainProxy.java:225)
	at org.springframework.security.web.FilterChainProxy.doFilter(FilterChainProxy.java:190)
	at io.undertow.servlet.core.ManagedFilter.doFilter(ManagedFilter.java:67)
	at io.undertow.servlet.handlers.FilterHandler$FilterChainImpl.doFilter(FilterHandler.java:131)
	at org.grails.web.servlet.mvc.GrailsWebRequestFilter.doFilterInternal(GrailsWebRequestFilter.java:77)
	at org.springframework.web.filter.OncePerRequestFilter.doFilter(OncePerRequestFilter.java:117)
	at io.undertow.servlet.core.ManagedFilter.doFilter(ManagedFilter.java:67)
	at io.undertow.servlet.handlers.FilterHandler$FilterChainImpl.doFilter(FilterHandler.java:131)
	at org.grails.web.filters.HiddenHttpMethodFilter.doFilterInternal(HiddenHttpMethodFilter.java:67)
	at org.springframework.web.filter.OncePerRequestFilter.doFilter(OncePerRequestFilter.java:117)
	at io.undertow.servlet.core.ManagedFilter.doFilter(ManagedFilter.java:67)
	at io.undertow.servlet.handlers.FilterHandler$FilterChainImpl.doFilter(FilterHandler.java:131)
	at org.springframework.web.filter.CharacterEncodingFilter.doFilterInternal(CharacterEncodingFilter.java:201)
	at org.springframework.web.filter.OncePerRequestFilter.doFilter(OncePerRequestFilter.java:117)
	at io.undertow.servlet.core.ManagedFilter.doFilter(ManagedFilter.java:67)
	at io.undertow.servlet.handlers.FilterHandler$FilterChainImpl.doFilter(FilterHandler.java:131)
	at org.springframework.boot.actuate.metrics.web.servlet.WebMvcMetricsFilter.doFilterInternal(WebMvcMetricsFilter.java:96)
	at org.springframework.web.filter.OncePerRequestFilter.doFilter(OncePerRequestFilter.java:117)
	at io.undertow.servlet.core.ManagedFilter.doFilter(ManagedFilter.java:67)
	at io.undertow.servlet.handlers.FilterHandler$FilterChainImpl.doFilter(FilterHandler.java:131)
	at org.springframework.web.filter.CorsFilter.doFilterInternal(CorsFilter.java:91)
	at org.springframework.web.filter.OncePerRequestFilter.doFilter(OncePerRequestFilter.java:117)
	at io.undertow.servlet.core.ManagedFilter.doFilter(ManagedFilter.java:67)
	at io.undertow.servlet.handlers.FilterHandler$FilterChainImpl.doFilter(FilterHandler.java:131)
	at io.undertow.servlet.handlers.FilterHandler.handleRequest(FilterHandler.java:84)
	at io.undertow.servlet.handlers.security.ServletSecurityRoleHandler.handleRequest(ServletSecurityRoleHandler.java:62)
	at io.undertow.servlet.handlers.ServletChain$1.handleRequest(ServletChain.java:68)
	at io.undertow.servlet.handlers.ServletDispatchingHandler.handleRequest(ServletDispatchingHandler.java:36)
	at io.undertow.servlet.handlers.RedirectDirHandler.handleRequest(RedirectDirHandler.java:68)
	at io.undertow.servlet.handlers.security.SSLInformationAssociationHandler.handleRequest(SSLInformationAssociationHandler.java:117)
	at io.undertow.servlet.handlers.security.ServletAuthenticationCallHandler.handleRequest(ServletAuthenticationCallHandler.java:57)
	at io.undertow.server.handlers.PredicateHandler.handleRequest(PredicateHandler.java:43)
	at io.undertow.security.handlers.AbstractConfidentialityHandler.handleRequest(AbstractConfidentialityHandler.java:46)
	at io.undertow.servlet.handlers.security.ServletConfidentialityConstraintHandler.handleRequest(ServletConfidentialityConstraintHandler.java:64)
	at io.undertow.security.handlers.AuthenticationMechanismsHandler.handleRequest(AuthenticationMechanismsHandler.java:60)
	at io.undertow.servlet.handlers.security.CachedAuthenticatedSessionHandler.handleRequest(CachedAuthenticatedSessionHandler.java:75)
	at io.undertow.security.handlers.AbstractSecurityContextAssociationHandler.handleRequest(AbstractSecurityContextAssociationHandler.java:43)
	at io.undertow.server.handlers.PredicateHandler.handleRequest(PredicateHandler.java:43)
	at io.undertow.servlet.handlers.SendErrorPageHandler.handleRequest(SendErrorPageHandler.java:52)
	at io.undertow.server.handlers.PredicateHandler.handleRequest(PredicateHandler.java:43)
	at io.undertow.servlet.handlers.ServletInitialHandler.handleFirstRequest(ServletInitialHandler.java:270)
	at io.undertow.servlet.handlers.ServletInitialHandler.access$000(ServletInitialHandler.java:78)
	at io.undertow.servlet.handlers.ServletInitialHandler$1.call(ServletInitialHandler.java:129)
	at io.undertow.servlet.handlers.ServletInitialHandler$1.call(ServletInitialHandler.java:126)
	at io.undertow.servlet.core.ServletRequestContextThreadSetupAction$1.call(ServletRequestContextThreadSetupAction.java:48)
	at io.undertow.servlet.core.ContextClassLoaderSetupAction$1.call(ContextClassLoaderSetupAction.java:43)
	at io.undertow.servlet.handlers.ServletInitialHandler.dispatchRequest(ServletInitialHandler.java:250)
	at io.undertow.servlet.handlers.ServletInitialHandler.lambda$new$1(ServletInitialHandler.java:98)
	at io.undertow.server.Connectors.executeRootHandler(Connectors.java:395)
	at io.undertow.server.HttpServerExchange$1.run(HttpServerExchange.java:931)
	at org.jboss.threads.ContextHandler$1.runWith(ContextHandler.java:18)
	at org.jboss.threads.EnhancedQueueExecutor$Task.run(EnhancedQueueExecutor.java:2513)
	at org.jboss.threads.EnhancedQueueExecutor$ThreadBody.run(EnhancedQueueExecutor.java:1538)
	at org.xnio.XnioWorker$WorkerThreadFactory$1$1.run(XnioWorker.java:1282)
	at java.base/java.lang.Thread.run(Thread.java:840)

2026-07-21 07:21:13.995  ERROR  --- [  XNIO-1 task-2] StackTrace                               : Full Stack Trace:

java.lang.IllegalStateException: More than 1 criterion resulted from group
	at com.k_int.web.toolkit.grammar.SimpleLookupServiceListenerWtk.exitFilterGroup(SimpleLookupServiceListenerWtk.groovy:593)
	at com.k_int.web.toolkit.grammar.SimpleLookupWtkParser$FilterGroupContext.exitRule(SimpleLookupWtkParser.java:645)
	at org.antlr.v4.runtime.tree.ParseTreeWalker.exitRule(ParseTreeWalker.java:47)
	at org.antlr.v4.runtime.tree.ParseTreeWalker.walk(ParseTreeWalker.java:30)
	at org.antlr.v4.runtime.tree.ParseTreeWalker.walk(ParseTreeWalker.java:28)
	at com.k_int.web.toolkit.SimpleLookupService.parseFilterString(SimpleLookupService.groovy:141)
	at java.base/jdk.internal.reflect.NativeMethodAccessorImpl.invoke(NativeMethodAccessorImpl.java:77)
	at java.base/jdk.internal.reflect.DelegatingMethodAccessorImpl.invoke(DelegatingMethodAccessorImpl.java:43)
	at com.k_int.web.toolkit.SimpleLookupService.parseFilters(SimpleLookupService.groovy:153)
	at java.base/jdk.internal.reflect.NativeMethodAccessorImpl.invoke(NativeMethodAccessorImpl.java:77)
	at java.base/jdk.internal.reflect.DelegatingMethodAccessorImpl.invoke(DelegatingMethodAccessorImpl.java:43)
	at com.k_int.web.toolkit.SimpleLookupService.buildLookupCriteria(SimpleLookupService.groovy:244)
	at java.base/jdk.internal.reflect.NativeMethodAccessorImpl.invoke(NativeMethodAccessorImpl.java:77)
	at java.base/jdk.internal.reflect.DelegatingMethodAccessorImpl.invoke(DelegatingMethodAccessorImpl.java:43)
	at com.k_int.web.toolkit.SimpleLookupService$_lookup_closure3.doCall(SimpleLookupService.groovy:450)
	at java.base/jdk.internal.reflect.NativeMethodAccessorImpl.invoke(NativeMethodAccessorImpl.java:77)
	at java.base/jdk.internal.reflect.DelegatingMethodAccessorImpl.invoke(DelegatingMethodAccessorImpl.java:43)
	at com.k_int.web.toolkit.SimpleLookupService$_doMethod_closure6.doCall(SimpleLookupService.groovy:549)
	at java.base/jdk.internal.reflect.NativeMethodAccessorImpl.invoke(NativeMethodAccessorImpl.java:77)
	at java.base/jdk.internal.reflect.DelegatingMethodAccessorImpl.invoke(DelegatingMethodAccessorImpl.java:43)
	at org.grails.orm.hibernate.query.AbstractHibernateCriteriaBuilder.invokeClosureNode(AbstractHibernateCriteriaBuilder.java:1916)
	at org.grails.orm.hibernate.query.AbstractHibernateCriteriaBuilder.invokeMethod(AbstractHibernateCriteriaBuilder.java:1628)
	at org.grails.orm.hibernate.query.AbstractHibernateCriteriaBuilder.list(AbstractHibernateCriteriaBuilder.java:1575)
	at java.base/jdk.internal.reflect.NativeMethodAccessorImpl.invoke(NativeMethodAccessorImpl.java:77)
	at java.base/jdk.internal.reflect.DelegatingMethodAccessorImpl.invoke(DelegatingMethodAccessorImpl.java:43)
	at com.k_int.web.toolkit.SimpleLookupService.doMethod(SimpleLookupService.groovy:554)
	at java.base/jdk.internal.reflect.NativeMethodAccessorImpl.invoke(NativeMethodAccessorImpl.java:77)
	at java.base/jdk.internal.reflect.DelegatingMethodAccessorImpl.invoke(DelegatingMethodAccessorImpl.java:43)
	at com.k_int.web.toolkit.SimpleLookupService.doList(SimpleLookupService.groovy:534)
	at java.base/jdk.internal.reflect.NativeMethodAccessorImpl.invoke(NativeMethodAccessorImpl.java:77)
	at java.base/jdk.internal.reflect.DelegatingMethodAccessorImpl.invoke(DelegatingMethodAccessorImpl.java:43)
	at com.k_int.web.toolkit.SimpleLookupService.lookup(SimpleLookupService.groovy:439)
	at com.k_int.web.toolkit.rest.RestfulController.doTheLookup(RestfulController.groovy:46)
	at java.base/jdk.internal.reflect.NativeMethodAccessorImpl.invoke(NativeMethodAccessorImpl.java:77)
	at java.base/jdk.internal.reflect.DelegatingMethodAccessorImpl.invoke(DelegatingMethodAccessorImpl.java:43)
	at com.k_int.web.toolkit.rest.RestfulController.doTheLookup(RestfulController.groovy:28)
	at com.k_int.web.toolkit.rest.RestfulController.$tt__restfulController_index(RestfulController.groovy:62)
	at java.base/jdk.internal.reflect.NativeMethodAccessorImpl.invoke(NativeMethodAccessorImpl.java:77)
	at java.base/jdk.internal.reflect.DelegatingMethodAccessorImpl.invoke(DelegatingMethodAccessorImpl.java:43)
	at java.base/jdk.internal.reflect.NativeMethodAccessorImpl.invoke(NativeMethodAccessorImpl.java:77)
	at java.base/jdk.internal.reflect.DelegatingMethodAccessorImpl.invoke(DelegatingMethodAccessorImpl.java:43)
	at grails.gorm.transactions.GrailsTransactionTemplate$2.doInTransaction(GrailsTransactionTemplate.groovy:94)
	at org.springframework.transaction.support.TransactionTemplate.execute(TransactionTemplate.java:140)
	at grails.gorm.transactions.GrailsTransactionTemplate.execute(GrailsTransactionTemplate.groovy:91)
	at java.base/jdk.internal.reflect.NativeMethodAccessorImpl.invoke(NativeMethodAccessorImpl.java:77)
	at java.base/jdk.internal.reflect.DelegatingMethodAccessorImpl.invoke(DelegatingMethodAccessorImpl.java:43)
	at com.k_int.web.toolkit.rest.TenantAwareRestfulController.$tt__tenantAwareRestfulController_index(TenantAwareRestfulController.groovy:23)
	at java.base/jdk.internal.reflect.NativeMethodAccessorImpl.invoke(NativeMethodAccessorImpl.java:77)
	at java.base/jdk.internal.reflect.DelegatingMethodAccessorImpl.invoke(DelegatingMethodAccessorImpl.java:43)
	at grails.gorm.transactions.GrailsTransactionTemplate$2.doInTransaction(GrailsTransactionTemplate.groovy:94)
	at org.springframework.transaction.support.TransactionTemplate.execute(TransactionTemplate.java:140)
	at grails.gorm.transactions.GrailsTransactionTemplate.execute(GrailsTransactionTemplate.groovy:91)
	at java.base/jdk.internal.reflect.NativeMethodAccessorImpl.invoke(NativeMethodAccessorImpl.java:77)
	at java.base/jdk.internal.reflect.DelegatingMethodAccessorImpl.invoke(DelegatingMethodAccessorImpl.java:43)
	at java.base/jdk.internal.reflect.NativeMethodAccessorImpl.invoke(NativeMethodAccessorImpl.java:77)
	at java.base/jdk.internal.reflect.DelegatingMethodAccessorImpl.invoke(DelegatingMethodAccessorImpl.java:43)
	at grails.gorm.multitenancy.Tenants$_withId_closure2$_closure6.doCall(Tenants.groovy:265)
	at org.grails.orm.hibernate.GrailsHibernateTemplate.doExecute(GrailsHibernateTemplate.java:297)
	at org.grails.orm.hibernate.GrailsHibernateTemplate.execute(GrailsHibernateTemplate.java:241)
	at org.grails.orm.hibernate.GrailsHibernateTemplate.executeWithNewSession(GrailsHibernateTemplate.java:153)
	at org.grails.orm.hibernate.GrailsHibernateTemplate.executeWithExistingOrCreateNewSession(GrailsHibernateTemplate.java:207)
	at org.grails.orm.hibernate.AbstractHibernateDatastore.withNewSession(AbstractHibernateDatastore.java:369)
	at grails.gorm.multitenancy.Tenants$_withId_closure2.doCall(Tenants.groovy:258)
	at grails.gorm.multitenancy.Tenants$CurrentTenant.withTenant(Tenants.groovy:358)
	at grails.gorm.multitenancy.Tenants.withId(Tenants.groovy:236)
	at org.grails.datastore.gorm.services.DefaultTenantService.withCurrent(DefaultTenantService.groovy:71)
	at org.grails.core.DefaultGrailsControllerClass$MethodHandleInvoker.invoke(DefaultGrailsControllerClass.java:223)
	at org.grails.core.DefaultGrailsControllerClass.invoke(DefaultGrailsControllerClass.java:188)
	at org.grails.web.mapping.mvc.UrlMappingsInfoHandlerAdapter.handle(UrlMappingsInfoHandlerAdapter.groovy:90)
	at org.springframework.web.servlet.DispatcherServlet.doDispatch(DispatcherServlet.java:1072)
	at org.springframework.web.servlet.DispatcherServlet.doService(DispatcherServlet.java:965)
	at org.springframework.web.servlet.FrameworkServlet.processRequest(FrameworkServlet.java:1006)
	at org.springframework.web.servlet.FrameworkServlet.doGet(FrameworkServlet.java:898)
	at org.springframework.web.servlet.FrameworkServlet.service(FrameworkServlet.java:883)
	at io.undertow.servlet.handlers.ServletHandler.handleRequest(ServletHandler.java:74)
	at io.undertow.servlet.handlers.FilterHandler$FilterChainImpl.doFilter(FilterHandler.java:129)
	at org.springframework.security.web.FilterChainProxy$VirtualFilterChain.doFilter(FilterChainProxy.java:352)
	at org.springframework.security.web.access.intercept.FilterSecurityInterceptor.invoke(FilterSecurityInterceptor.java:117)
	at org.springframework.security.web.access.intercept.FilterSecurityInterceptor.doFilter(FilterSecurityInterceptor.java:83)
	at org.springframework.security.web.FilterChainProxy$VirtualFilterChain.doFilter(FilterChainProxy.java:361)
	at org.springframework.security.web.access.ExceptionTranslationFilter.doFilter(ExceptionTranslationFilter.java:126)
	at org.springframework.security.web.access.ExceptionTranslationFilter.doFilter(ExceptionTranslationFilter.java:120)
	at grails.plugin.springsecurity.web.UpdateRequestContextHolderExceptionTranslationFilter.doFilter(UpdateRequestContextHolderExceptionTranslationFilter.groovy:64)
	at org.springframework.security.web.FilterChainProxy$VirtualFilterChain.doFilter(FilterChainProxy.java:361)
	at org.springframework.security.web.FilterChainProxy$VirtualFilterChain.doFilter(FilterChainProxy.java:361)
	at grails.plugin.springsecurity.web.filter.GrailsAnonymousAuthenticationFilter.doFilter(GrailsAnonymousAuthenticationFilter.groovy:52)
	at org.springframework.security.web.FilterChainProxy$VirtualFilterChain.doFilter(FilterChainProxy.java:361)
	at org.springframework.security.web.servletapi.SecurityContextHolderAwareRequestFilter.doFilter(SecurityContextHolderAwareRequestFilter.java:164)
	at org.springframework.security.web.FilterChainProxy$VirtualFilterChain.doFilter(FilterChainProxy.java:361)
	at org.springframework.security.web.authentication.AbstractAuthenticationProcessingFilter.doFilter(AbstractAuthenticationProcessingFilter.java:227)
	at org.springframework.security.web.authentication.AbstractAuthenticationProcessingFilter.doFilter(AbstractAuthenticationProcessingFilter.java:221)
	at org.springframework.security.web.FilterChainProxy$VirtualFilterChain.doFilter(FilterChainProxy.java:361)
	at grails.plugin.springsecurity.web.authentication.logout.MutableLogoutFilter.doFilter(MutableLogoutFilter.groovy:62)
	at org.springframework.security.web.FilterChainProxy$VirtualFilterChain.doFilter(FilterChainProxy.java:361)
	at grails.plugin.springsecurity.web.SecurityRequestHolderFilter.doFilter(SecurityRequestHolderFilter.groovy:58)
	at org.springframework.security.web.FilterChainProxy$VirtualFilterChain.doFilter(FilterChainProxy.java:361)
	at com.k_int.okapi.springsecurity.OkapiAuthenticationFilter.successfulAuthentication(OkapiAuthenticationFilter.groovy:127)
	at org.springframework.security.web.authentication.AbstractAuthenticationProcessingFilter.doFilter(AbstractAuthenticationProcessingFilter.java:241)
	at org.springframework.security.web.authentication.AbstractAuthenticationProcessingFilter.doFilter(AbstractAuthenticationProcessingFilter.java:221)
	at org.springframework.security.web.FilterChainProxy$VirtualFilterChain.doFilter(FilterChainProxy.java:361)
	at org.springframework.security.web.FilterChainProxy.doFilterInternal(FilterChainProxy.java:225)
	at org.springframework.security.web.FilterChainProxy.doFilter(FilterChainProxy.java:190)
	at io.undertow.servlet.core.ManagedFilter.doFilter(ManagedFilter.java:67)
	at io.undertow.servlet.handlers.FilterHandler$FilterChainImpl.doFilter(FilterHandler.java:131)
	at org.grails.web.servlet.mvc.GrailsWebRequestFilter.doFilterInternal(GrailsWebRequestFilter.java:77)
	at io.undertow.servlet.core.ManagedFilter.doFilter(ManagedFilter.java:67)
	at io.undertow.servlet.handlers.FilterHandler$FilterChainImpl.doFilter(FilterHandler.java:131)
	at org.grails.web.filters.HiddenHttpMethodFilter.doFilterInternal(HiddenHttpMethodFilter.java:67)
	at io.undertow.servlet.core.ManagedFilter.doFilter(ManagedFilter.java:67)
	at io.undertow.servlet.handlers.FilterHandler$FilterChainImpl.doFilter(FilterHandler.java:131)
	at io.undertow.servlet.core.ManagedFilter.doFilter(ManagedFilter.java:67)
	at io.undertow.servlet.handlers.FilterHandler$FilterChainImpl.doFilter(FilterHandler.java:131)
	at io.undertow.servlet.core.ManagedFilter.doFilter(ManagedFilter.java:67)
	at io.undertow.servlet.handlers.FilterHandler$FilterChainImpl.doFilter(FilterHandler.java:131)
	at io.undertow.servlet.core.ManagedFilter.doFilter(ManagedFilter.java:67)
	at io.undertow.servlet.handlers.FilterHandler$FilterChainImpl.doFilter(FilterHandler.java:131)
	at io.undertow.servlet.handlers.FilterHandler.handleRequest(FilterHandler.java:84)
	at io.undertow.servlet.handlers.security.ServletSecurityRoleHandler.handleRequest(ServletSecurityRoleHandler.java:62)
	at io.undertow.servlet.handlers.ServletChain$1.handleRequest(ServletChain.java:68)
	at io.undertow.servlet.handlers.ServletDispatchingHandler.handleRequest(ServletDispatchingHandler.java:36)
	at io.undertow.servlet.handlers.RedirectDirHandler.handleRequest(RedirectDirHandler.java:68)
	at io.undertow.servlet.handlers.security.SSLInformationAssociationHandler.handleRequest(SSLInformationAssociationHandler.java:117)
	at io.undertow.servlet.handlers.security.ServletAuthenticationCallHandler.handleRequest(ServletAuthenticationCallHandler.java:57)
	at io.undertow.server.handlers.PredicateHandler.handleRequest(PredicateHandler.java:43)
	at io.undertow.security.handlers.AbstractConfidentialityHandler.handleRequest(AbstractConfidentialityHandler.java:46)
	at io.undertow.servlet.handlers.security.ServletConfidentialityConstraintHandler.handleRequest(ServletConfidentialityConstraintHandler.java:64)
	at io.undertow.security.handlers.AuthenticationMechanismsHandler.handleRequest(AuthenticationMechanismsHandler.java:60)
	at io.undertow.servlet.handlers.security.CachedAuthenticatedSessionHandler.handleRequest(CachedAuthenticatedSessionHandler.java:75)
	at io.undertow.security.handlers.AbstractSecurityContextAssociationHandler.handleRequest(AbstractSecurityContextAssociationHandler.java:43)
	at io.undertow.server.handlers.PredicateHandler.handleRequest(PredicateHandler.java:43)
	at io.undertow.servlet.handlers.SendErrorPageHandler.handleRequest(SendErrorPageHandler.java:52)
	at io.undertow.server.handlers.PredicateHandler.handleRequest(PredicateHandler.java:43)
	at io.undertow.servlet.handlers.ServletInitialHandler.handleFirstRequest(ServletInitialHandler.java:270)
	at io.undertow.servlet.handlers.ServletInitialHandler.access$000(ServletInitialHandler.java:78)
	at io.undertow.servlet.handlers.ServletInitialHandler$1.call(ServletInitialHandler.java:129)
	at io.undertow.servlet.handlers.ServletInitialHandler$1.call(ServletInitialHandler.java:126)
	at io.undertow.servlet.core.ServletRequestContextThreadSetupAction$1.call(ServletRequestContextThreadSetupAction.java:48)
	at io.undertow.servlet.core.ContextClassLoaderSetupAction$1.call(ContextClassLoaderSetupAction.java:43)
	at io.undertow.servlet.handlers.ServletInitialHandler.dispatchRequest(ServletInitialHandler.java:250)
	at io.undertow.servlet.handlers.ServletInitialHandler.lambda$new$1(ServletInitialHandler.java:98)
	at io.undertow.server.Connectors.executeRootHandler(Connectors.java:395)
	at io.undertow.server.HttpServerExchange$1.run(HttpServerExchange.java:931)
	at org.jboss.threads.ContextHandler$1.runWith(ContextHandler.java:18)
	at org.jboss.threads.EnhancedQueueExecutor$Task.run(EnhancedQueueExecutor.java:2513)
	at org.jboss.threads.EnhancedQueueExecutor$ThreadBody.run(EnhancedQueueExecutor.java:1538)
	at org.xnio.XnioWorker$WorkerThreadFactory$1$1.run(XnioWorker.java:1282)
	at java.base/java.lang.Thread.run(Thread.java:840)

2026-07-21 07:21:13.996  ERROR  --- [  XNIO-1 task-2] o.g.web.errors.GrailsExceptionResolver   : IllegalStateException occurred when processing request: [GET] /servint/numberGeneratorSequences
More than 1 criterion resulted from group. Stacktrace follows:

java.lang.IllegalStateException: More than 1 criterion resulted from group
	at com.k_int.web.toolkit.grammar.SimpleLookupServiceListenerWtk.exitFilterGroup(SimpleLookupServiceListenerWtk.groovy:593)
	at com.k_int.web.toolkit.grammar.SimpleLookupWtkParser$FilterGroupContext.exitRule(SimpleLookupWtkParser.java:645)
	at org.antlr.v4.runtime.tree.ParseTreeWalker.exitRule(ParseTreeWalker.java:47)
	at org.antlr.v4.runtime.tree.ParseTreeWalker.walk(ParseTreeWalker.java:30)
	at org.antlr.v4.runtime.tree.ParseTreeWalker.walk(ParseTreeWalker.java:28)
	at com.k_int.web.toolkit.SimpleLookupService.parseFilterString(SimpleLookupService.groovy:141)
	at java.base/jdk.internal.reflect.NativeMethodAccessorImpl.invoke(NativeMethodAccessorImpl.java:77)
	at java.base/jdk.internal.reflect.DelegatingMethodAccessorImpl.invoke(DelegatingMethodAccessorImpl.java:43)
	at com.k_int.web.toolkit.SimpleLookupService.parseFilters(SimpleLookupService.groovy:153)
	at java.base/jdk.internal.reflect.NativeMethodAccessorImpl.invoke(NativeMethodAccessorImpl.java:77)
	at java.base/jdk.internal.reflect.DelegatingMethodAccessorImpl.invoke(DelegatingMethodAccessorImpl.java:43)
	at com.k_int.web.toolkit.SimpleLookupService.buildLookupCriteria(SimpleLookupService.groovy:244)
	at java.base/jdk.internal.reflect.NativeMethodAccessorImpl.invoke(NativeMethodAccessorImpl.java:77)
	at java.base/jdk.internal.reflect.DelegatingMethodAccessorImpl.invoke(DelegatingMethodAccessorImpl.java:43)
	at com.k_int.web.toolkit.SimpleLookupService$_lookup_closure3.doCall(SimpleLookupService.groovy:450)
	at java.base/jdk.internal.reflect.NativeMethodAccessorImpl.invoke(NativeMethodAccessorImpl.java:77)
	at java.base/jdk.internal.reflect.DelegatingMethodAccessorImpl.invoke(DelegatingMethodAccessorImpl.java:43)
	at com.k_int.web.toolkit.SimpleLookupService$_doMethod_closure6.doCall(SimpleLookupService.groovy:549)
	at java.base/jdk.internal.reflect.NativeMethodAccessorImpl.invoke(NativeMethodAccessorImpl.java:77)
	at java.base/jdk.internal.reflect.DelegatingMethodAccessorImpl.invoke(DelegatingMethodAccessorImpl.java:43)
	at org.grails.orm.hibernate.query.AbstractHibernateCriteriaBuilder.invokeClosureNode(AbstractHibernateCriteriaBuilder.java:1916)
	at org.grails.orm.hibernate.query.AbstractHibernateCriteriaBuilder.invokeMethod(AbstractHibernateCriteriaBuilder.java:1628)
	at org.grails.orm.hibernate.query.AbstractHibernateCriteriaBuilder.list(AbstractHibernateCriteriaBuilder.java:1575)
	at java.base/jdk.internal.reflect.NativeMethodAccessorImpl.invoke(NativeMethodAccessorImpl.java:77)
	at java.base/jdk.internal.reflect.DelegatingMethodAccessorImpl.invoke(DelegatingMethodAccessorImpl.java:43)
	at com.k_int.web.toolkit.SimpleLookupService.doMethod(SimpleLookupService.groovy:554)
	at java.base/jdk.internal.reflect.NativeMethodAccessorImpl.invoke(NativeMethodAccessorImpl.java:77)
	at java.base/jdk.internal.reflect.DelegatingMethodAccessorImpl.invoke(DelegatingMethodAccessorImpl.java:43)
	at com.k_int.web.toolkit.SimpleLookupService.doList(SimpleLookupService.groovy:534)
	at java.base/jdk.internal.reflect.NativeMethodAccessorImpl.invoke(NativeMethodAccessorImpl.java:77)
	at java.base/jdk.internal.reflect.DelegatingMethodAccessorImpl.invoke(DelegatingMethodAccessorImpl.java:43)
	at com.k_int.web.toolkit.SimpleLookupService.lookup(SimpleLookupService.groovy:439)
	at com.k_int.web.toolkit.rest.RestfulController.doTheLookup(RestfulController.groovy:46)
	at java.base/jdk.internal.reflect.NativeMethodAccessorImpl.invoke(NativeMethodAccessorImpl.java:77)
	at java.base/jdk.internal.reflect.DelegatingMethodAccessorImpl.invoke(DelegatingMethodAccessorImpl.java:43)
	at com.k_int.web.toolkit.rest.RestfulController.doTheLookup(RestfulController.groovy:28)
	at com.k_int.web.toolkit.rest.RestfulController.$tt__restfulController_index(RestfulController.groovy:62)
	at java.base/jdk.internal.reflect.NativeMethodAccessorImpl.invoke(NativeMethodAccessorImpl.java:77)
	at java.base/jdk.internal.reflect.DelegatingMethodAccessorImpl.invoke(DelegatingMethodAccessorImpl.java:43)
	at java.base/jdk.internal.reflect.NativeMethodAccessorImpl.invoke(NativeMethodAccessorImpl.java:77)
	at java.base/jdk.internal.reflect.DelegatingMethodAccessorImpl.invoke(DelegatingMethodAccessorImpl.java:43)
	at grails.gorm.transactions.GrailsTransactionTemplate$2.doInTransaction(GrailsTransactionTemplate.groovy:94)
	at org.springframework.transaction.support.TransactionTemplate.execute(TransactionTemplate.java:140)
	at grails.gorm.transactions.GrailsTransactionTemplate.execute(GrailsTransactionTemplate.groovy:91)
	at java.base/jdk.internal.reflect.NativeMethodAccessorImpl.invoke(NativeMethodAccessorImpl.java:77)
	at java.base/jdk.internal.reflect.DelegatingMethodAccessorImpl.invoke(DelegatingMethodAccessorImpl.java:43)
	at com.k_int.web.toolkit.rest.TenantAwareRestfulController.$tt__tenantAwareRestfulController_index(TenantAwareRestfulController.groovy:23)
	at java.base/jdk.internal.reflect.NativeMethodAccessorImpl.invoke(NativeMethodAccessorImpl.java:77)
	at java.base/jdk.internal.reflect.DelegatingMethodAccessorImpl.invoke(DelegatingMethodAccessorImpl.java:43)
	at grails.gorm.transactions.GrailsTransactionTemplate$2.doInTransaction(GrailsTransactionTemplate.groovy:94)
	at org.springframework.transaction.support.TransactionTemplate.execute(TransactionTemplate.java:140)
	at grails.gorm.transactions.GrailsTransactionTemplate.execute(GrailsTransactionTemplate.groovy:91)
	at java.base/jdk.internal.reflect.NativeMethodAccessorImpl.invoke(NativeMethodAccessorImpl.java:77)
	at java.base/jdk.internal.reflect.DelegatingMethodAccessorImpl.invoke(DelegatingMethodAccessorImpl.java:43)
	at java.base/jdk.internal.reflect.NativeMethodAccessorImpl.invoke(NativeMethodAccessorImpl.java:77)
	at java.base/jdk.internal.reflect.DelegatingMethodAccessorImpl.invoke(DelegatingMethodAccessorImpl.java:43)
	at grails.gorm.multitenancy.Tenants$_withId_closure2$_closure6.doCall(Tenants.groovy:265)
	at org.grails.orm.hibernate.GrailsHibernateTemplate.doExecute(GrailsHibernateTemplate.java:297)
	at org.grails.orm.hibernate.GrailsHibernateTemplate.execute(GrailsHibernateTemplate.java:241)
	at org.grails.orm.hibernate.GrailsHibernateTemplate.executeWithNewSession(GrailsHibernateTemplate.java:153)
	at org.grails.orm.hibernate.GrailsHibernateTemplate.executeWithExistingOrCreateNewSession(GrailsHibernateTemplate.java:207)
	at org.grails.orm.hibernate.AbstractHibernateDatastore.withNewSession(AbstractHibernateDatastore.java:369)
	at grails.gorm.multitenancy.Tenants$_withId_closure2.doCall(Tenants.groovy:258)
	at grails.gorm.multitenancy.Tenants$CurrentTenant.withTenant(Tenants.groovy:358)
	at grails.gorm.multitenancy.Tenants.withId(Tenants.groovy:236)
	at org.grails.datastore.gorm.services.DefaultTenantService.withCurrent(DefaultTenantService.groovy:71)
	at org.grails.core.DefaultGrailsControllerClass$MethodHandleInvoker.invoke(DefaultGrailsControllerClass.java:223)
	at org.grails.core.DefaultGrailsControllerClass.invoke(DefaultGrailsControllerClass.java:188)
	at org.grails.web.mapping.mvc.UrlMappingsInfoHandlerAdapter.handle(UrlMappingsInfoHandlerAdapter.groovy:90)
	at org.springframework.web.servlet.DispatcherServlet.doDispatch(DispatcherServlet.java:1072)
	at org.springframework.web.servlet.DispatcherServlet.doService(DispatcherServlet.java:965)
	at org.springframework.web.servlet.FrameworkServlet.processRequest(FrameworkServlet.java:1006)
	at org.springframework.web.servlet.FrameworkServlet.doGet(FrameworkServlet.java:898)
	at org.springframework.web.servlet.FrameworkServlet.service(FrameworkServlet.java:883)
	at io.undertow.servlet.handlers.ServletHandler.handleRequest(ServletHandler.java:74)
	at io.undertow.servlet.handlers.FilterHandler$FilterChainImpl.doFilter(FilterHandler.java:129)
	at org.springframework.security.web.FilterChainProxy$VirtualFilterChain.doFilter(FilterChainProxy.java:352)
	at org.springframework.security.web.access.intercept.FilterSecurityInterceptor.invoke(FilterSecurityInterceptor.java:117)
	at org.springframework.security.web.access.intercept.FilterSecurityInterceptor.doFilter(FilterSecurityInterceptor.java:83)
	at org.springframework.security.web.FilterChainProxy$VirtualFilterChain.doFilter(FilterChainProxy.java:361)
	at org.springframework.security.web.access.ExceptionTranslationFilter.doFilter(ExceptionTranslationFilter.java:126)
	at org.springframework.security.web.access.ExceptionTranslationFilter.doFilter(ExceptionTranslationFilter.java:120)
	at grails.plugin.springsecurity.web.UpdateRequestContextHolderExceptionTranslationFilter.doFilter(UpdateRequestContextHolderExceptionTranslationFilter.groovy:64)
	at org.springframework.security.web.FilterChainProxy$VirtualFilterChain.doFilter(FilterChainProxy.java:361)
	at org.springframework.security.web.FilterChainProxy$VirtualFilterChain.doFilter(FilterChainProxy.java:361)
	at grails.plugin.springsecurity.web.filter.GrailsAnonymousAuthenticationFilter.doFilter(GrailsAnonymousAuthenticationFilter.groovy:52)
	at org.springframework.security.web.FilterChainProxy$VirtualFilterChain.doFilter(FilterChainProxy.java:361)
	at org.springframework.security.web.servletapi.SecurityContextHolderAwareRequestFilter.doFilter(SecurityContextHolderAwareRequestFilter.java:164)
	at org.springframework.security.web.FilterChainProxy$VirtualFilterChain.doFilter(FilterChainProxy.java:361)
	at org.springframework.security.web.authentication.AbstractAuthenticationProcessingFilter.doFilter(AbstractAuthenticationProcessingFilter.java:227)
	at org.springframework.security.web.authentication.AbstractAuthenticationProcessingFilter.doFilter(AbstractAuthenticationProcessingFilter.java:221)
	at org.springframework.security.web.FilterChainProxy$VirtualFilterChain.doFilter(FilterChainProxy.java:361)
	at grails.plugin.springsecurity.web.authentication.logout.MutableLogoutFilter.doFilter(MutableLogoutFilter.groovy:62)
	at org.springframework.security.web.FilterChainProxy$VirtualFilterChain.doFilter(FilterChainProxy.java:361)
	at grails.plugin.springsecurity.web.SecurityRequestHolderFilter.doFilter(SecurityRequestHolderFilter.groovy:58)
	at org.springframework.security.web.FilterChainProxy$VirtualFilterChain.doFilter(FilterChainProxy.java:361)
	at com.k_int.okapi.springsecurity.OkapiAuthenticationFilter.successfulAuthentication(OkapiAuthenticationFilter.groovy:127)
	at org.springframework.security.web.authentication.AbstractAuthenticationProcessingFilter.doFilter(AbstractAuthenticationProcessingFilter.java:241)
	at org.springframework.security.web.authentication.AbstractAuthenticationProcessingFilter.doFilter(AbstractAuthenticationProcessingFilter.java:221)
	at org.springframework.security.web.FilterChainProxy$VirtualFilterChain.doFilter(FilterChainProxy.java:361)
	at org.springframework.security.web.FilterChainProxy.doFilterInternal(FilterChainProxy.java:225)
	at org.springframework.security.web.FilterChainProxy.doFilter(FilterChainProxy.java:190)
	at io.undertow.servlet.core.ManagedFilter.doFilter(ManagedFilter.java:67)
	at io.undertow.servlet.handlers.FilterHandler$FilterChainImpl.doFilter(FilterHandler.java:131)
	at org.grails.web.servlet.mvc.GrailsWebRequestFilter.doFilterInternal(GrailsWebRequestFilter.java:77)
	at io.undertow.servlet.core.ManagedFilter.doFilter(ManagedFilter.java:67)
	at io.undertow.servlet.handlers.FilterHandler$FilterChainImpl.doFilter(FilterHandler.java:131)
	at org.grails.web.filters.HiddenHttpMethodFilter.doFilterInternal(HiddenHttpMethodFilter.java:67)
	at io.undertow.servlet.core.ManagedFilter.doFilter(ManagedFilter.java:67)
	at io.undertow.servlet.handlers.FilterHandler$FilterChainImpl.doFilter(FilterHandler.java:131)
	at io.undertow.servlet.core.ManagedFilter.doFilter(ManagedFilter.java:67)
	at io.undertow.servlet.handlers.FilterHandler$FilterChainImpl.doFilter(FilterHandler.java:131)
	at io.undertow.servlet.core.ManagedFilter.doFilter(ManagedFilter.java:67)
	at io.undertow.servlet.handlers.FilterHandler$FilterChainImpl.doFilter(FilterHandler.java:131)
	at io.undertow.servlet.core.ManagedFilter.doFilter(ManagedFilter.java:67)
	at io.undertow.servlet.handlers.FilterHandler$FilterChainImpl.doFilter(FilterHandler.java:131)
	at io.undertow.servlet.handlers.FilterHandler.handleRequest(FilterHandler.java:84)
	at io.undertow.servlet.handlers.security.ServletSecurityRoleHandler.handleRequest(ServletSecurityRoleHandler.java:62)
	at io.undertow.servlet.handlers.ServletChain$1.handleRequest(ServletChain.java:68)
	at io.undertow.servlet.handlers.ServletDispatchingHandler.handleRequest(ServletDispatchingHandler.java:36)
	at io.undertow.servlet.handlers.RedirectDirHandler.handleRequest(RedirectDirHandler.java:68)
	at io.undertow.servlet.handlers.security.SSLInformationAssociationHandler.handleRequest(SSLInformationAssociationHandler.java:117)
	at io.undertow.servlet.handlers.security.ServletAuthenticationCallHandler.handleRequest(ServletAuthenticationCallHandler.java:57)
	at io.undertow.server.handlers.PredicateHandler.handleRequest(PredicateHandler.java:43)
	at io.undertow.security.handlers.AbstractConfidentialityHandler.handleRequest(AbstractConfidentialityHandler.java:46)
	at io.undertow.servlet.handlers.security.ServletConfidentialityConstraintHandler.handleRequest(ServletConfidentialityConstraintHandler.java:64)
	at io.undertow.security.handlers.AuthenticationMechanismsHandler.handleRequest(AuthenticationMechanismsHandler.java:60)
	at io.undertow.servlet.handlers.security.CachedAuthenticatedSessionHandler.handleRequest(CachedAuthenticatedSessionHandler.java:75)
	at io.undertow.security.handlers.AbstractSecurityContextAssociationHandler.handleRequest(AbstractSecurityContextAssociationHandler.java:43)
	at io.undertow.server.handlers.PredicateHandler.handleRequest(PredicateHandler.java:43)
	at io.undertow.servlet.handlers.SendErrorPageHandler.handleRequest(SendErrorPageHandler.java:52)
	at io.undertow.server.handlers.PredicateHandler.handleRequest(PredicateHandler.java:43)
	at io.undertow.servlet.handlers.ServletInitialHandler.handleFirstRequest(ServletInitialHandler.java:270)
	at io.undertow.servlet.handlers.ServletInitialHandler.access$000(ServletInitialHandler.java:78)
	at io.undertow.servlet.handlers.ServletInitialHandler$1.call(ServletInitialHandler.java:129)
	at io.undertow.servlet.handlers.ServletInitialHandler$1.call(ServletInitialHandler.java:126)
	at io.undertow.servlet.core.ServletRequestContextThreadSetupAction$1.call(ServletRequestContextThreadSetupAction.java:48)
	at io.undertow.servlet.core.ContextClassLoaderSetupAction$1.call(ContextClassLoaderSetupAction.java:43)
	at io.undertow.servlet.handlers.ServletInitialHandler.dispatchRequest(ServletInitialHandler.java:250)
	at io.undertow.servlet.handlers.ServletInitialHandler.lambda$new$1(ServletInitialHandler.java:98)
	at io.undertow.server.Connectors.executeRootHandler(Connectors.java:395)
	at io.undertow.server.HttpServerExchange$1.run(HttpServerExchange.java:931)
	at org.jboss.threads.ContextHandler$1.runWith(ContextHandler.java:18)
	at org.jboss.threads.EnhancedQueueExecutor$Task.run(EnhancedQueueExecutor.java:2513)
	at org.jboss.threads.EnhancedQueueExecutor$ThreadBody.run(EnhancedQueueExecutor.java:1538)
	at org.xnio.XnioWorker$WorkerThreadFactory$1$1.run(XnioWorker.java:1282)
	at java.base/java.lang.Thread.run(Thread.java:840)

2026-07-21 07:21:14.017  DEBUG  --- [  XNIO-1 task-2] c.k.o.s.OkapiAuthenticationFilter        : Set SecurityContextHolder to OkapiAuthenticationToken [Principal=com.k_int.okapi.springsecurity.OkapiAuthenticationToken$OkapiUserDetails@4d59a1e2, Credentials=[PROTECTED], Authenticated=true, Details=null, Granted Authorities=[]]
2026-07-21 07:21:14.017   INFO  --- [  XNIO-1 task-2] c.k.o.s.OkapiAuthenticationFilter        : OKAPI User added to security context OkapiAuthenticationToken [Principal=com.k_int.okapi.springsecurity.OkapiAuthenticationToken$OkapiUserDetails@4d59a1e2, Credentials=[PROTECTED], Authenticated=true, Details=null, Granted Authorities=[]]
2026-07-21 07:21:14.018  DEBUG  --- [  XNIO-1 task-2] com.k_int.okapi.OkapiTenantAdminService  : checkTenantAndEnsureDatasource
2026-07-21 07:21:14.020  DEBUG  --- [  XNIO-1 task-2] com.k_int.okapi.OkapiTenantAdminService  : Checking to see if r13a is already active
2026-07-21 07:21:14.021  DEBUG  --- [  XNIO-1 task-2] com.k_int.okapi.OkapiTenantAdminService  : ensureDatasource for r13a_mod_service_interaction
2026-07-21 07:21:14.022   INFO  --- [  XNIO-1 task-2] c.k_int.web.toolkit.SimpleLookupService  : Parse tree: (filters (filter_expr (standard_expr nextValue (operator >) (value_exp notanumber))) <EOF>)
2026-07-21 07:21:14.022   INFO  --- [  XNIO-1 task-2] c.k_int.web.toolkit.SimpleLookupService  : Begin parsing filters
2026-07-21 07:21:14.023  DEBUG  --- [  XNIO-1 task-2] com.k_int.web.toolkit.utils.DomainUtils  : Returning org.olf.numgen.NumberGeneratorSequence:nextValue from cache.
2026-07-21 07:21:14.023  DEBUG  --- [  XNIO-1 task-2] c.k_int.web.toolkit.SimpleLookupService  : Looking for property nextValue
2026-07-21 07:21:14.026  ERROR  --- [  XNIO-1 task-2] StackTrace                               : Full Stack Trace:

java.lang.NumberFormatException: Unable to parse number [notanumber]
	at org.grails.databinding.converters.web.LocaleAwareNumberConverter.convert(LocaleAwareNumberConverter.groovy:60)
	at grails.databinding.SimpleDataBinder.convert(SimpleDataBinder.groovy:802)
	at grails.web.databinding.GrailsWebDataBinder.convert(GrailsWebDataBinder.groovy:644)
	at com.k_int.web.toolkit.databinding.ExtendedWebDataBinder.convert(ExtendedWebDataBinder.groovy:492)
	at com.k_int.web.toolkit.databinding.ExtendedWebDataBinder.attemptConversion(ExtendedWebDataBinder.groovy:478)
	at java.base/jdk.internal.reflect.NativeMethodAccessorImpl.invoke0(Native Method)
	at java.base/jdk.internal.reflect.NativeMethodAccessorImpl.invoke(NativeMethodAccessorImpl.java:77)
	at java.base/jdk.internal.reflect.DelegatingMethodAccessorImpl.invoke(DelegatingMethodAccessorImpl.java:43)
	at java.base/java.lang.reflect.Method.invoke(Method.java:569)
	at org.codehaus.groovy.runtime.callsite.PlainObjectMetaMethodSite.doInvoke(PlainObjectMetaMethodSite.java:48)
	at org.codehaus.groovy.runtime.callsite.PogoMetaMethodSite$PogoCachedMethodSiteNoUnwrapNoCoerce.invoke(PogoMetaMethodSite.java:189)
	at org.codehaus.groovy.runtime.callsite.PogoMetaMethodSite.call(PogoMetaMethodSite.java:69)
	at org.codehaus.groovy.runtime.callsite.AbstractCallSite.call(AbstractCallSite.java:148)
	at com.k_int.web.toolkit.ValueConverterService.attemptConversion(ValueConverterService.groovy:17)
	at com.k_int.web.toolkit.grammar.SimpleLookupServiceListenerWtk.addCriterion(SimpleLookupServiceListenerWtk.groovy:448)
	at com.k_int.web.toolkit.grammar.SimpleLookupServiceListenerWtk.addCriterion(SimpleLookupServiceListenerWtk.groovy)
	at com.k_int.web.toolkit.grammar.SimpleLookupServiceListenerWtk.enterSubjectFirstFilter(SimpleLookupServiceListenerWtk.groovy:357)
	at com.k_int.web.toolkit.grammar.SimpleLookupWtkParser$SubjectFirstFilterContext.enterRule(SimpleLookupWtkParser.java:513)
	at org.antlr.v4.runtime.tree.ParseTreeWalker.enterRule(ParseTreeWalker.java:42)
	at org.antlr.v4.runtime.tree.ParseTreeWalker.walk(ParseTreeWalker.java:25)
	at org.antlr.v4.runtime.tree.ParseTreeWalker.walk(ParseTreeWalker.java:28)
	at org.antlr.v4.runtime.tree.ParseTreeWalker.walk(ParseTreeWalker.java:28)
	at org.antlr.v4.runtime.tree.ParseTreeWalker$walk.call(Unknown Source)
	at com.k_int.web.toolkit.SimpleLookupService.parseFilterString(SimpleLookupService.groovy:141)
	at com.k_int.web.toolkit.SimpleLookupService.parseFilterString(SimpleLookupService.groovy)
	at java.base/jdk.internal.reflect.NativeMethodAccessorImpl.invoke0(Native Method)
	at java.base/jdk.internal.reflect.NativeMethodAccessorImpl.invoke(NativeMethodAccessorImpl.java:77)
	at java.base/jdk.internal.reflect.DelegatingMethodAccessorImpl.invoke(DelegatingMethodAccessorImpl.java:43)
	at java.base/java.lang.reflect.Method.invoke(Method.java:569)
	at org.codehaus.groovy.runtime.callsite.PlainObjectMetaMethodSite.doInvoke(PlainObjectMetaMethodSite.java:48)
	at org.codehaus.groovy.runtime.callsite.PogoMetaMethodSite$PogoCachedMethodSiteNoUnwrapNoCoerce.invoke(PogoMetaMethodSite.java:189)
	at org.codehaus.groovy.runtime.callsite.PogoMetaMethodSite.callCurrent(PogoMetaMethodSite.java:57)
	at org.codehaus.groovy.runtime.callsite.AbstractCallSite.callCurrent(AbstractCallSite.java:203)
	at com.k_int.web.toolkit.SimpleLookupService.parseFilters(SimpleLookupService.groovy:153)
	at java.base/jdk.internal.reflect.NativeMethodAccessorImpl.invoke0(Native Method)
	at java.base/jdk.internal.reflect.NativeMethodAccessorImpl.invoke(NativeMethodAccessorImpl.java:77)
	at java.base/jdk.internal.reflect.DelegatingMethodAccessorImpl.invoke(DelegatingMethodAccessorImpl.java:43)
	at java.base/java.lang.reflect.Method.invoke(Method.java:569)
	at org.codehaus.groovy.runtime.callsite.PlainObjectMetaMethodSite.doInvoke(PlainObjectMetaMethodSite.java:48)
	at org.codehaus.groovy.runtime.callsite.PogoMetaMethodSite$PogoCachedMethodSiteNoUnwrapNoCoerce.invoke(PogoMetaMethodSite.java:189)
	at org.codehaus.groovy.runtime.callsite.PogoMetaMethodSite.callCurrent(PogoMetaMethodSite.java:57)
	at org.codehaus.groovy.runtime.callsite.AbstractCallSite.callCurrent(AbstractCallSite.java:203)
	at com.k_int.web.toolkit.SimpleLookupService.buildLookupCriteria(SimpleLookupService.groovy:244)
	at java.base/jdk.internal.reflect.NativeMethodAccessorImpl.invoke0(Native Method)
	at java.base/jdk.internal.reflect.NativeMethodAccessorImpl.invoke(NativeMethodAccessorImpl.java:77)
	at java.base/jdk.internal.reflect.DelegatingMethodAccessorImpl.invoke(DelegatingMethodAccessorImpl.java:43)
	at java.base/java.lang.reflect.Method.invoke(Method.java:569)
	at org.codehaus.groovy.reflection.CachedMethod.invoke(CachedMethod.java:107)
	at groovy.lang.MetaMethod.doMethodInvoke(MetaMethod.java:323)
	at org.codehaus.groovy.runtime.metaclass.ClosureMetaClass.invokeMethod(ClosureMetaClass.java:362)
	at org.codehaus.groovy.runtime.callsite.PogoMetaClassSite.callCurrent(PogoMetaClassSite.java:61)
	at org.codehaus.groovy.runtime.callsite.AbstractCallSite.callCurrent(AbstractCallSite.java:212)
	at com.k_int.web.toolkit.SimpleLookupService$_lookup_closure3.doCall(SimpleLookupService.groovy:450)
	at com.k_int.web.toolkit.SimpleLookupService$_lookup_closure3.doCall(SimpleLookupService.groovy)
	at java.base/jdk.internal.reflect.NativeMethodAccessorImpl.invoke0(Native Method)
	at java.base/jdk.internal.reflect.NativeMethodAccessorImpl.invoke(NativeMethodAccessorImpl.java:77)
	at java.base/jdk.internal.reflect.DelegatingMethodAccessorImpl.invoke(DelegatingMethodAccessorImpl.java:43)
	at java.base/java.lang.reflect.Method.invoke(Method.java:569)
	at org.codehaus.groovy.reflection.CachedMethod.invoke(CachedMethod.java:107)
	at groovy.lang.MetaMethod.doMethodInvoke(MetaMethod.java:323)
	at org.codehaus.groovy.runtime.metaclass.ClosureMetaClass.invokeMethod(ClosureMetaClass.java:274)
	at groovy.lang.MetaClassImpl.invokeMethod(MetaClassImpl.java:1030)
	at org.codehaus.groovy.runtime.callsite.PogoMetaClassSite.call(PogoMetaClassSite.java:38)
	at org.codehaus.groovy.runtime.callsite.AbstractCallSite.call(AbstractCallSite.java:130)
	at com.k_int.web.toolkit.SimpleLookupService$_doMethod_closure6.doCall(SimpleLookupService.groovy:549)
	at com.k_int.web.toolkit.SimpleLookupService$_doMethod_closure6.doCall(SimpleLookupService.groovy)
	at java.base/jdk.internal.reflect.NativeMethodAccessorImpl.invoke0(Native Method)
	at java.base/jdk.internal.reflect.NativeMethodAccessorImpl.invoke(NativeMethodAccessorImpl.java:77)
	at java.base/jdk.internal.reflect.DelegatingMethodAccessorImpl.invoke(DelegatingMethodAccessorImpl.java:43)
	at java.base/java.lang.reflect.Method.invoke(Method.java:569)
	at org.codehaus.groovy.reflection.CachedMethod.invoke(CachedMethod.java:107)
	at groovy.lang.MetaMethod.doMethodInvoke(MetaMethod.java:323)
	at org.codehaus.groovy.runtime.metaclass.ClosureMetaClass.invokeMethod(ClosureMetaClass.java:274)
	at groovy.lang.MetaClassImpl.invokeMethod(MetaClassImpl.java:1030)
	at groovy.lang.Closure.call(Closure.java:427)
	at groovy.lang.Closure.call(Closure.java:406)
	at org.grails.orm.hibernate.query.AbstractHibernateCriteriaBuilder.invokeClosureNode(AbstractHibernateCriteriaBuilder.java:1916)
	at org.grails.orm.hibernate.query.AbstractHibernateCriteriaBuilder.invokeMethod(AbstractHibernateCriteriaBuilder.java:1628)
	at org.grails.orm.hibernate.query.AbstractHibernateCriteriaBuilder.list(AbstractHibernateCriteriaBuilder.java:1575)
	at java.base/jdk.internal.reflect.NativeMethodAccessorImpl.invoke0(Native Method)
	at java.base/jdk.internal.reflect.NativeMethodAccessorImpl.invoke(NativeMethodAccessorImpl.java:77)
	at java.base/jdk.internal.reflect.DelegatingMethodAccessorImpl.invoke(DelegatingMethodAccessorImpl.java:43)
	at java.base/java.lang.reflect.Method.invoke(Method.java:569)
	at org.codehaus.groovy.reflection.CachedMethod.invoke(CachedMethod.java:107)
	at groovy.lang.MetaMethod.doMethodInvoke(MetaMethod.java:323)
	at groovy.lang.MetaClassImpl.invokeMethod(MetaClassImpl.java:1254)
	at groovy.lang.MetaClassImpl.invokeMethod(MetaClassImpl.java:1030)
	at org.codehaus.groovy.runtime.InvokerHelper.invokePogoMethod(InvokerHelper.java:1059)
	at org.codehaus.groovy.runtime.InvokerHelper.invokeMethod(InvokerHelper.java:1042)
	at org.codehaus.groovy.runtime.ScriptBytecodeAdapter.invokeMethodN(ScriptBytecodeAdapter.java:180)
	at com.k_int.web.toolkit.SimpleLookupService.doMethod(SimpleLookupService.groovy:554)
	at java.base/jdk.internal.reflect.NativeMethodAccessorImpl.invoke0(Native Method)
	at java.base/jdk.internal.reflect.NativeMethodAccessorImpl.invoke(NativeMethodAccessorImpl.java:77)
	at java.base/jdk.internal.reflect.DelegatingMethodAccessorImpl.invoke(DelegatingMethodAccessorImpl.java:43)
	at java.base/java.lang.reflect.Method.invoke(Method.java:569)
	at org.codehaus.groovy.runtime.callsite.PlainObjectMetaMethodSite.doInvoke(PlainObjectMetaMethodSite.java:48)
	at org.codehaus.groovy.runtime.callsite.PogoMetaMethodSite$PogoCachedMethodSiteNoUnwrapNoCoerce.invoke(PogoMetaMethodSite.java:189)
	at org.codehaus.groovy.runtime.callsite.PogoMetaMethodSite.callCurrent(PogoMetaMethodSite.java:57)
	at org.codehaus.groovy.runtime.callsite.AbstractCallSite.callCurrent(AbstractCallSite.java:212)
	at com.k_int.web.toolkit.SimpleLookupService.doList(SimpleLookupService.groovy:534)
	at java.base/jdk.internal.reflect.NativeMethodAccessorImpl.invoke0(Native Method)
	at java.base/jdk.internal.reflect.NativeMethodAccessorImpl.invoke(NativeMethodAccessorImpl.java:77)
	at java.base/jdk.internal.reflect.DelegatingMethodAccessorImpl.invoke(DelegatingMethodAccessorImpl.java:43)
	at java.base/java.lang.reflect.Method.invoke(Method.java:569)
	at org.codehaus.groovy.runtime.callsite.PlainObjectMetaMethodSite.doInvoke(PlainObjectMetaMethodSite.java:48)
	at org.codehaus.groovy.runtime.callsite.PogoMetaMethodSite$PogoCachedMethodSiteNoUnwrapNoCoerce.invoke(PogoMetaMethodSite.java:189)
	at org.codehaus.groovy.runtime.callsite.PogoMetaMethodSite.callCurrent(PogoMetaMethodSite.java:57)
	at org.codehaus.groovy.runtime.callsite.AbstractCallSite.callCurrent(AbstractCallSite.java:203)
	at com.k_int.web.toolkit.SimpleLookupService.lookup(SimpleLookupService.groovy:439)
	at com.k_int.web.toolkit.SimpleLookupService$lookup.call(Unknown Source)
	at com.k_int.web.toolkit.rest.RestfulController.doTheLookup(RestfulController.groovy:46)
	at java.base/jdk.internal.reflect.NativeMethodAccessorImpl.invoke0(Native Method)
	at java.base/jdk.internal.reflect.NativeMethodAccessorImpl.invoke(NativeMethodAccessorImpl.java:77)
	at java.base/jdk.internal.reflect.DelegatingMethodAccessorImpl.invoke(DelegatingMethodAccessorImpl.java:43)
	at java.base/java.lang.reflect.Method.invoke(Method.java:569)
	at org.codehaus.groovy.runtime.callsite.PlainObjectMetaMethodSite.doInvoke(PlainObjectMetaMethodSite.java:48)
	at org.codehaus.groovy.runtime.callsite.PogoMetaMethodSite$PogoCachedMethodSite.invoke(PogoMetaMethodSite.java:166)
	at org.codehaus.groovy.runtime.callsite.PogoMetaMethodSite.callCurrent(PogoMetaMethodSite.java:57)
	at org.codehaus.groovy.runtime.callsite.AbstractCallSite.callCurrent(AbstractCallSite.java:194)
	at com.k_int.web.toolkit.rest.RestfulController.doTheLookup(RestfulController.groovy:28)
	at com.k_int.web.toolkit.rest.RestfulController.doTheLookup(RestfulController.groovy)
	at com.k_int.web.toolkit.rest.RestfulController.$tt__restfulController_index(RestfulController.groovy:62)
	at java.base/jdk.internal.reflect.NativeMethodAccessorImpl.invoke0(Native Method)
	at java.base/jdk.internal.reflect.NativeMethodAccessorImpl.invoke(NativeMethodAccessorImpl.java:77)
	at java.base/jdk.internal.reflect.DelegatingMethodAccessorImpl.invoke(DelegatingMethodAccessorImpl.java:43)
	at java.base/java.lang.reflect.Method.invoke(Method.java:569)
	at org.codehaus.groovy.reflection.CachedMethod.invoke(CachedMethod.java:107)
	at groovy.lang.MetaMethod.doMethodInvoke(MetaMethod.java:323)
	at groovy.lang.MetaClassImpl.invokeMethod(MetaClassImpl.java:1254)
	at groovy.lang.MetaClassImpl.invokeMethod(MetaClassImpl.java:1030)
	at org.codehaus.groovy.runtime.InvokerHelper.invokePogoMethod(InvokerHelper.java:1059)
	at org.codehaus.groovy.runtime.InvokerHelper.invokeMethod(InvokerHelper.java:1042)
	at org.codehaus.groovy.runtime.InvokerHelper.invokeMethodSafe(InvokerHelper.java:97)
	at com.k_int.web.toolkit.rest.RestfulController$_index_closure1.doCall(RestfulController.groovy)
	at java.base/jdk.internal.reflect.NativeMethodAccessorImpl.invoke0(Native Method)
	at java.base/jdk.internal.reflect.NativeMethodAccessorImpl.invoke(NativeMethodAccessorImpl.java:77)
	at java.base/jdk.internal.reflect.DelegatingMethodAccessorImpl.invoke(DelegatingMethodAccessorImpl.java:43)
	at java.base/java.lang.reflect.Method.invoke(Method.java:569)
	at org.codehaus.groovy.reflection.CachedMethod.invoke(CachedMethod.java:107)
	at groovy.lang.MetaMethod.doMethodInvoke(MetaMethod.java:323)
	at org.codehaus.groovy.runtime.metaclass.ClosureMetaClass.invokeMethod(ClosureMetaClass.java:274)
	at groovy.lang.MetaClassImpl.invokeMethod(MetaClassImpl.java:1030)
	at groovy.lang.Closure.call(Closure.java:427)
	at groovy.lang.Closure.call(Closure.java:416)
	at grails.gorm.transactions.GrailsTransactionTemplate$2.doInTransaction(GrailsTransactionTemplate.groovy:94)
	at org.springframework.transaction.support.TransactionTemplate.execute(TransactionTemplate.java:140)
	at grails.gorm.transactions.GrailsTransactionTemplate.execute(GrailsTransactionTemplate.groovy:91)
	at com.k_int.web.toolkit.rest.RestfulController.index(RestfulController.groovy)
	at com.k_int.web.toolkit.rest.TenantAwareRestfulController.super$3$index(TenantAwareRestfulController.groovy)
	at java.base/jdk.internal.reflect.NativeMethodAccessorImpl.invoke0(Native Method)
	at java.base/jdk.internal.reflect.NativeMethodAccessorImpl.invoke(NativeMethodAccessorImpl.java:77)
	at java.base/jdk.internal.reflect.DelegatingMethodAccessorImpl.invoke(DelegatingMethodAccessorImpl.java:43)
	at java.base/java.lang.reflect.Method.invoke(Method.java:569)
	at org.codehaus.groovy.reflection.CachedMethod.invoke(CachedMethod.java:107)
	at groovy.lang.MetaMethod.doMethodInvoke(MetaMethod.java:323)
	at groovy.lang.MetaClassImpl.invokeMethod(MetaClassImpl.java:1254)
	at org.codehaus.groovy.runtime.ScriptBytecodeAdapter.invokeMethodOnSuperN(ScriptBytecodeAdapter.java:144)
	at com.k_int.web.toolkit.rest.TenantAwareRestfulController.$tt__tenantAwareRestfulController_index(TenantAwareRestfulController.groovy:23)
	at com.k_int.web.toolkit.rest.TenantAwareRestfulController$__mt__tenantAwareRestfulController_index_closure10.doCall(TenantAwareRestfulController.groovy)
	at java.base/jdk.internal.reflect.NativeMethodAccessorImpl.invoke0(Native Method)
	at java.base/jdk.internal.reflect.NativeMethodAccessorImpl.invoke(NativeMethodAccessorImpl.java:77)
	at java.base/jdk.internal.reflect.DelegatingMethodAccessorImpl.invoke(DelegatingMethodAccessorImpl.java:43)
	at java.base/java.lang.reflect.Method.invoke(Method.java:569)
	at org.codehaus.groovy.reflection.CachedMethod.invoke(CachedMethod.java:107)
	at groovy.lang.MetaMethod.doMethodInvoke(MetaMethod.java:323)
	at org.codehaus.groovy.runtime.metaclass.ClosureMetaClass.invokeMethod(ClosureMetaClass.java:274)
	at groovy.lang.MetaClassImpl.invokeMethod(MetaClassImpl.java:1030)
	at groovy.lang.Closure.call(Closure.java:427)
	at groovy.lang.Closure.call(Closure.java:416)
	at grails.gorm.transactions.GrailsTransactionTemplate$2.doInTransaction(GrailsTransactionTemplate.groovy:94)
	at org.springframework.transaction.support.TransactionTemplate.execute(TransactionTemplate.java:140)
	at grails.gorm.transactions.GrailsTransactionTemplate.execute(GrailsTransactionTemplate.groovy:91)
	at com.k_int.web.toolkit.rest.TenantAwareRestfulController.$mt__tenantAwareRestfulController_index(TenantAwareRestfulController.groovy)
	at java.base/jdk.internal.reflect.NativeMethodAccessorImpl.invoke0(Native Method)
	at java.base/jdk.internal.reflect.NativeMethodAccessorImpl.invoke(NativeMethodAccessorImpl.java:77)
	at java.base/jdk.internal.reflect.DelegatingMethodAccessorImpl.invoke(DelegatingMethodAccessorImpl.java:43)
	at java.base/java.lang.reflect.Method.invoke(Method.java:569)
	at org.codehaus.groovy.reflection.CachedMethod.invoke(CachedMethod.java:107)
	at groovy.lang.MetaMethod.doMethodInvoke(MetaMethod.java:323)
	at groovy.lang.MetaClassImpl.invokeMethod(MetaClassImpl.java:1254)
	at groovy.lang.MetaClassImpl.invokeMethod(MetaClassImpl.java:1030)
	at org.codehaus.groovy.runtime.InvokerHelper.invokePogoMethod(InvokerHelper.java:1059)
	at org.codehaus.groovy.runtime.InvokerHelper.invokeMethod(InvokerHelper.java:1042)
	at org.codehaus.groovy.runtime.InvokerHelper.invokeMethodSafe(InvokerHelper.java:97)
	at com.k_int.web.toolkit.rest.TenantAwareRestfulController$_index_closure1.doCall(TenantAwareRestfulController.groovy)
	at java.base/jdk.internal.reflect.NativeMethodAccessorImpl.invoke0(Native Method)
	at java.base/jdk.internal.reflect.NativeMethodAccessorImpl.invoke(NativeMethodAccessorImpl.java:77)
	at java.base/jdk.internal.reflect.DelegatingMethodAccessorImpl.invoke(DelegatingMethodAccessorImpl.java:43)
	at java.base/java.lang.reflect.Method.invoke(Method.java:569)
	at org.codehaus.groovy.reflection.CachedMethod.invoke(CachedMethod.java:107)
	at groovy.lang.MetaMethod.doMethodInvoke(MetaMethod.java:323)
	at org.codehaus.groovy.runtime.metaclass.ClosureMetaClass.invokeMethod(ClosureMetaClass.java:274)
	at groovy.lang.MetaClassImpl.invokeMethod(MetaClassImpl.java:1030)
	at groovy.lang.Closure.call(Closure.java:427)
	at groovy.lang.Closure.call(Closure.java:416)
	at grails.gorm.multitenancy.Tenants$_withId_closure2$_closure6.doCall(Tenants.groovy:265)
	at grails.gorm.multitenancy.Tenants$_withId_closure2$_closure6.call(Tenants.groovy)
	at org.grails.orm.hibernate.GrailsHibernateTemplate.doExecute(GrailsHibernateTemplate.java:297)
	at org.grails.orm.hibernate.GrailsHibernateTemplate.execute(GrailsHibernateTemplate.java:241)
	at org.grails.orm.hibernate.GrailsHibernateTemplate.executeWithNewSession(GrailsHibernateTemplate.java:153)
	at org.grails.orm.hibernate.GrailsHibernateTemplate.executeWithExistingOrCreateNewSession(GrailsHibernateTemplate.java:207)
	at org.grails.orm.hibernate.AbstractHibernateDatastore.withNewSession(AbstractHibernateDatastore.java:369)
	at grails.gorm.multitenancy.Tenants$_withId_closure2.doCall(Tenants.groovy:258)
	at grails.gorm.multitenancy.Tenants$_withId_closure2.call(Tenants.groovy)
	at grails.gorm.multitenancy.Tenants$CurrentTenant.withTenant(Tenants.groovy:358)
	at grails.gorm.multitenancy.Tenants.withId(Tenants.groovy:236)
	at org.grails.datastore.gorm.services.DefaultTenantService.withCurrent(DefaultTenantService.groovy:71)
	at com.k_int.web.toolkit.rest.TenantAwareRestfulController.index(TenantAwareRestfulController.groovy)
	at com.k_int.web.toolkit.rest.TenantAwareRestfulController.index(TenantAwareRestfulController.groovy)
	at org.grails.core.DefaultGrailsControllerClass$MethodHandleInvoker.invoke(DefaultGrailsControllerClass.java:223)
	at org.grails.core.DefaultGrailsControllerClass.invoke(DefaultGrailsControllerClass.java:188)
	at org.grails.web.mapping.mvc.UrlMappingsInfoHandlerAdapter.handle(UrlMappingsInfoHandlerAdapter.groovy:90)
	at org.springframework.web.servlet.DispatcherServlet.doDispatch(DispatcherServlet.java:1072)
	at org.springframework.web.servlet.DispatcherServlet.doService(DispatcherServlet.java:965)
	at org.springframework.web.servlet.FrameworkServlet.processRequest(FrameworkServlet.java:1006)
	at org.springframework.web.servlet.FrameworkServlet.doGet(FrameworkServlet.java:898)
	at javax.servlet.http.HttpServlet.service(HttpServlet.java:645)
	at org.springframework.web.servlet.FrameworkServlet.service(FrameworkServlet.java:883)
	at javax.servlet.http.HttpServlet.service(HttpServlet.java:750)
	at io.undertow.servlet.handlers.ServletHandler.handleRequest(ServletHandler.java:74)
	at io.undertow.servlet.handlers.FilterHandler$FilterChainImpl.doFilter(FilterHandler.java:129)
	at org.springframework.security.web.FilterChainProxy$VirtualFilterChain.doFilter(FilterChainProxy.java:352)
	at org.springframework.security.web.access.intercept.FilterSecurityInterceptor.invoke(FilterSecurityInterceptor.java:117)
	at org.springframework.security.web.access.intercept.FilterSecurityInterceptor.doFilter(FilterSecurityInterceptor.java:83)
	at org.springframework.security.web.FilterChainProxy$VirtualFilterChain.doFilter(FilterChainProxy.java:361)
	at org.springframework.security.web.access.ExceptionTranslationFilter.doFilter(ExceptionTranslationFilter.java:126)
	at org.springframework.security.web.access.ExceptionTranslationFilter.doFilter(ExceptionTranslationFilter.java:120)
	at grails.plugin.springsecurity.web.UpdateRequestContextHolderExceptionTranslationFilter.doFilter(UpdateRequestContextHolderExceptionTranslationFilter.groovy:64)
	at org.springframework.security.web.FilterChainProxy$VirtualFilterChain.doFilter(FilterChainProxy.java:361)
	at org.springframework.web.filter.FormContentFilter.doFilterInternal(FormContentFilter.java:93)
	at org.springframework.web.filter.OncePerRequestFilter.doFilter(OncePerRequestFilter.java:117)
	at org.springframework.security.web.FilterChainProxy$VirtualFilterChain.doFilter(FilterChainProxy.java:361)
	at grails.plugin.springsecurity.web.filter.GrailsAnonymousAuthenticationFilter.doFilter(GrailsAnonymousAuthenticationFilter.groovy:52)
	at org.springframework.security.web.FilterChainProxy$VirtualFilterChain.doFilter(FilterChainProxy.java:361)
	at org.springframework.security.web.servletapi.SecurityContextHolderAwareRequestFilter.doFilter(SecurityContextHolderAwareRequestFilter.java:164)
	at org.springframework.security.web.FilterChainProxy$VirtualFilterChain.doFilter(FilterChainProxy.java:361)
	at org.springframework.security.web.authentication.AbstractAuthenticationProcessingFilter.doFilter(AbstractAuthenticationProcessingFilter.java:227)
	at org.springframework.security.web.authentication.AbstractAuthenticationProcessingFilter.doFilter(AbstractAuthenticationProcessingFilter.java:221)
	at org.springframework.security.web.FilterChainProxy$VirtualFilterChain.doFilter(FilterChainProxy.java:361)
	at grails.plugin.springsecurity.web.authentication.logout.MutableLogoutFilter.doFilter(MutableLogoutFilter.groovy:62)
	at org.springframework.security.web.FilterChainProxy$VirtualFilterChain.doFilter(FilterChainProxy.java:361)
	at grails.plugin.springsecurity.web.SecurityRequestHolderFilter.doFilter(SecurityRequestHolderFilter.groovy:58)
	at org.springframework.security.web.FilterChainProxy$VirtualFilterChain.doFilter(FilterChainProxy.java:361)
	at javax.servlet.FilterChain$doFilter.call(Unknown Source)
	at com.k_int.okapi.springsecurity.OkapiAuthenticationFilter.successfulAuthentication(OkapiAuthenticationFilter.groovy:127)
	at org.springframework.security.web.authentication.AbstractAuthenticationProcessingFilter.doFilter(AbstractAuthenticationProcessingFilter.java:241)
	at org.springframework.security.web.authentication.AbstractAuthenticationProcessingFilter.doFilter(AbstractAuthenticationProcessingFilter.java:221)
	at org.springframework.security.web.FilterChainProxy$VirtualFilterChain.doFilter(FilterChainProxy.java:361)
	at org.springframework.security.web.FilterChainProxy.doFilterInternal(FilterChainProxy.java:225)
	at org.springframework.security.web.FilterChainProxy.doFilter(FilterChainProxy.java:190)
	at io.undertow.servlet.core.ManagedFilter.doFilter(ManagedFilter.java:67)
	at io.undertow.servlet.handlers.FilterHandler$FilterChainImpl.doFilter(FilterHandler.java:131)
	at org.grails.web.servlet.mvc.GrailsWebRequestFilter.doFilterInternal(GrailsWebRequestFilter.java:77)
	at org.springframework.web.filter.OncePerRequestFilter.doFilter(OncePerRequestFilter.java:117)
	at io.undertow.servlet.core.ManagedFilter.doFilter(ManagedFilter.java:67)
	at io.undertow.servlet.handlers.FilterHandler$FilterChainImpl.doFilter(FilterHandler.java:131)
	at org.grails.web.filters.HiddenHttpMethodFilter.doFilterInternal(HiddenHttpMethodFilter.java:67)
	at org.springframework.web.filter.OncePerRequestFilter.doFilter(OncePerRequestFilter.java:117)
	at io.undertow.servlet.core.ManagedFilter.doFilter(ManagedFilter.java:67)
	at io.undertow.servlet.handlers.FilterHandler$FilterChainImpl.doFilter(FilterHandler.java:131)
	at org.springframework.web.filter.CharacterEncodingFilter.doFilterInternal(CharacterEncodingFilter.java:201)
	at org.springframework.web.filter.OncePerRequestFilter.doFilter(OncePerRequestFilter.java:117)
	at io.undertow.servlet.core.ManagedFilter.doFilter(ManagedFilter.java:67)
	at io.undertow.servlet.handlers.FilterHandler$FilterChainImpl.doFilter(FilterHandler.java:131)
	at org.springframework.boot.actuate.metrics.web.servlet.WebMvcMetricsFilter.doFilterInternal(WebMvcMetricsFilter.java:96)
	at org.springframework.web.filter.OncePerRequestFilter.doFilter(OncePerRequestFilter.java:117)
	at io.undertow.servlet.core.ManagedFilter.doFilter(ManagedFilter.java:67)
	at io.undertow.servlet.handlers.FilterHandler$FilterChainImpl.doFilter(FilterHandler.java:131)
	at org.springframework.web.filter.CorsFilter.doFilterInternal(CorsFilter.java:91)
	at org.springframework.web.filter.OncePerRequestFilter.doFilter(OncePerRequestFilter.java:117)
	at io.undertow.servlet.core.ManagedFilter.doFilter(ManagedFilter.java:67)
	at io.undertow.servlet.handlers.FilterHandler$FilterChainImpl.doFilter(FilterHandler.java:131)
	at io.undertow.servlet.handlers.FilterHandler.handleRequest(FilterHandler.java:84)
	at io.undertow.servlet.handlers.security.ServletSecurityRoleHandler.handleRequest(ServletSecurityRoleHandler.java:62)
	at io.undertow.servlet.handlers.ServletChain$1.handleRequest(ServletChain.java:68)
	at io.undertow.servlet.handlers.ServletDispatchingHandler.handleRequest(ServletDispatchingHandler.java:36)
	at io.undertow.servlet.handlers.RedirectDirHandler.handleRequest(RedirectDirHandler.java:68)
	at io.undertow.servlet.handlers.security.SSLInformationAssociationHandler.handleRequest(SSLInformationAssociationHandler.java:117)
	at io.undertow.servlet.handlers.security.ServletAuthenticationCallHandler.handleRequest(ServletAuthenticationCallHandler.java:57)
	at io.undertow.server.handlers.PredicateHandler.handleRequest(PredicateHandler.java:43)
	at io.undertow.security.handlers.AbstractConfidentialityHandler.handleRequest(AbstractConfidentialityHandler.java:46)
	at io.undertow.servlet.handlers.security.ServletConfidentialityConstraintHandler.handleRequest(ServletConfidentialityConstraintHandler.java:64)
	at io.undertow.security.handlers.AuthenticationMechanismsHandler.handleRequest(AuthenticationMechanismsHandler.java:60)
	at io.undertow.servlet.handlers.security.CachedAuthenticatedSessionHandler.handleRequest(CachedAuthenticatedSessionHandler.java:75)
	at io.undertow.security.handlers.AbstractSecurityContextAssociationHandler.handleRequest(AbstractSecurityContextAssociationHandler.java:43)
	at io.undertow.server.handlers.PredicateHandler.handleRequest(PredicateHandler.java:43)
	at io.undertow.servlet.handlers.SendErrorPageHandler.handleRequest(SendErrorPageHandler.java:52)
	at io.undertow.server.handlers.PredicateHandler.handleRequest(PredicateHandler.java:43)
	at io.undertow.servlet.handlers.ServletInitialHandler.handleFirstRequest(ServletInitialHandler.java:270)
	at io.undertow.servlet.handlers.ServletInitialHandler.access$000(ServletInitialHandler.java:78)
	at io.undertow.servlet.handlers.ServletInitialHandler$1.call(ServletInitialHandler.java:129)
	at io.undertow.servlet.handlers.ServletInitialHandler$1.call(ServletInitialHandler.java:126)
	at io.undertow.servlet.core.ServletRequestContextThreadSetupAction$1.call(ServletRequestContextThreadSetupAction.java:48)
	at io.undertow.servlet.core.ContextClassLoaderSetupAction$1.call(ContextClassLoaderSetupAction.java:43)
	at io.undertow.servlet.handlers.ServletInitialHandler.dispatchRequest(ServletInitialHandler.java:250)
	at io.undertow.servlet.handlers.ServletInitialHandler.lambda$new$1(ServletInitialHandler.java:98)
	at io.undertow.server.Connectors.executeRootHandler(Connectors.java:395)
	at io.undertow.server.HttpServerExchange$1.run(HttpServerExchange.java:931)
	at org.jboss.threads.ContextHandler$1.runWith(ContextHandler.java:18)
	at org.jboss.threads.EnhancedQueueExecutor$Task.run(EnhancedQueueExecutor.java:2513)
	at org.jboss.threads.EnhancedQueueExecutor$ThreadBody.run(EnhancedQueueExecutor.java:1538)
	at org.xnio.XnioWorker$WorkerThreadFactory$1$1.run(XnioWorker.java:1282)
	at java.base/java.lang.Thread.run(Thread.java:840)

2026-07-21 07:21:14.027  ERROR  --- [  XNIO-1 task-2] StackTrace                               : Full Stack Trace:

java.lang.NumberFormatException: Unable to parse number [notanumber]
	at org.grails.databinding.converters.web.LocaleAwareNumberConverter.convert(LocaleAwareNumberConverter.groovy:60)
	at grails.databinding.SimpleDataBinder.convert(SimpleDataBinder.groovy:802)
	at grails.web.databinding.GrailsWebDataBinder.convert(GrailsWebDataBinder.groovy:644)
	at com.k_int.web.toolkit.databinding.ExtendedWebDataBinder.convert(ExtendedWebDataBinder.groovy:492)
	at com.k_int.web.toolkit.databinding.ExtendedWebDataBinder.attemptConversion(ExtendedWebDataBinder.groovy:478)
	at java.base/jdk.internal.reflect.NativeMethodAccessorImpl.invoke(NativeMethodAccessorImpl.java:77)
	at java.base/jdk.internal.reflect.DelegatingMethodAccessorImpl.invoke(DelegatingMethodAccessorImpl.java:43)
	at com.k_int.web.toolkit.ValueConverterService.attemptConversion(ValueConverterService.groovy:17)
	at com.k_int.web.toolkit.grammar.SimpleLookupServiceListenerWtk.addCriterion(SimpleLookupServiceListenerWtk.groovy:448)
	at com.k_int.web.toolkit.grammar.SimpleLookupServiceListenerWtk.enterSubjectFirstFilter(SimpleLookupServiceListenerWtk.groovy:357)
	at com.k_int.web.toolkit.grammar.SimpleLookupWtkParser$SubjectFirstFilterContext.enterRule(SimpleLookupWtkParser.java:513)
	at org.antlr.v4.runtime.tree.ParseTreeWalker.enterRule(ParseTreeWalker.java:42)
	at org.antlr.v4.runtime.tree.ParseTreeWalker.walk(ParseTreeWalker.java:25)
	at org.antlr.v4.runtime.tree.ParseTreeWalker.walk(ParseTreeWalker.java:28)
	at org.antlr.v4.runtime.tree.ParseTreeWalker.walk(ParseTreeWalker.java:28)
	at com.k_int.web.toolkit.SimpleLookupService.parseFilterString(SimpleLookupService.groovy:141)
	at java.base/jdk.internal.reflect.NativeMethodAccessorImpl.invoke(NativeMethodAccessorImpl.java:77)
	at java.base/jdk.internal.reflect.DelegatingMethodAccessorImpl.invoke(DelegatingMethodAccessorImpl.java:43)
	at com.k_int.web.toolkit.SimpleLookupService.parseFilters(SimpleLookupService.groovy:153)
	at java.base/jdk.internal.reflect.NativeMethodAccessorImpl.invoke(NativeMethodAccessorImpl.java:77)
	at java.base/jdk.internal.reflect.DelegatingMethodAccessorImpl.invoke(DelegatingMethodAccessorImpl.java:43)
	at com.k_int.web.toolkit.SimpleLookupService.buildLookupCriteria(SimpleLookupService.groovy:244)
	at java.base/jdk.internal.reflect.NativeMethodAccessorImpl.invoke(NativeMethodAccessorImpl.java:77)
	at java.base/jdk.internal.reflect.DelegatingMethodAccessorImpl.invoke(DelegatingMethodAccessorImpl.java:43)
	at com.k_int.web.toolkit.SimpleLookupService$_lookup_closure3.doCall(SimpleLookupService.groovy:450)
	at java.base/jdk.internal.reflect.NativeMethodAccessorImpl.invoke(NativeMethodAccessorImpl.java:77)
	at java.base/jdk.internal.reflect.DelegatingMethodAccessorImpl.invoke(DelegatingMethodAccessorImpl.java:43)
	at com.k_int.web.toolkit.SimpleLookupService$_doMethod_closure6.doCall(SimpleLookupService.groovy:549)
	at java.base/jdk.internal.reflect.NativeMethodAccessorImpl.invoke(NativeMethodAccessorImpl.java:77)
	at java.base/jdk.internal.reflect.DelegatingMethodAccessorImpl.invoke(DelegatingMethodAccessorImpl.java:43)
	at org.grails.orm.hibernate.query.AbstractHibernateCriteriaBuilder.invokeClosureNode(AbstractHibernateCriteriaBuilder.java:1916)
	at org.grails.orm.hibernate.query.AbstractHibernateCriteriaBuilder.invokeMethod(AbstractHibernateCriteriaBuilder.java:1628)
	at org.grails.orm.hibernate.query.AbstractHibernateCriteriaBuilder.list(AbstractHibernateCriteriaBuilder.java:1575)
	at java.base/jdk.internal.reflect.NativeMethodAccessorImpl.invoke(NativeMethodAccessorImpl.java:77)
	at java.base/jdk.internal.reflect.DelegatingMethodAccessorImpl.invoke(DelegatingMethodAccessorImpl.java:43)
	at com.k_int.web.toolkit.SimpleLookupService.doMethod(SimpleLookupService.groovy:554)
	at java.base/jdk.internal.reflect.NativeMethodAccessorImpl.invoke(NativeMethodAccessorImpl.java:77)
	at java.base/jdk.internal.reflect.DelegatingMethodAccessorImpl.invoke(DelegatingMethodAccessorImpl.java:43)
	at com.k_int.web.toolkit.SimpleLookupService.doList(SimpleLookupService.groovy:534)
	at java.base/jdk.internal.reflect.NativeMethodAccessorImpl.invoke(NativeMethodAccessorImpl.java:77)
	at java.base/jdk.internal.reflect.DelegatingMethodAccessorImpl.invoke(DelegatingMethodAccessorImpl.java:43)
	at com.k_int.web.toolkit.SimpleLookupService.lookup(SimpleLookupService.groovy:439)
	at com.k_int.web.toolkit.rest.RestfulController.doTheLookup(RestfulController.groovy:46)
	at java.base/jdk.internal.reflect.NativeMethodAccessorImpl.invoke(NativeMethodAccessorImpl.java:77)
	at java.base/jdk.internal.reflect.DelegatingMethodAccessorImpl.invoke(DelegatingMethodAccessorImpl.java:43)
	at com.k_int.web.toolkit.rest.RestfulController.doTheLookup(RestfulController.groovy:28)
	at com.k_int.web.toolkit.rest.RestfulController.$tt__restfulController_index(RestfulController.groovy:62)
	at java.base/jdk.internal.reflect.NativeMethodAccessorImpl.invoke(NativeMethodAccessorImpl.java:77)
	at java.base/jdk.internal.reflect.DelegatingMethodAccessorImpl.invoke(DelegatingMethodAccessorImpl.java:43)
	at java.base/jdk.internal.reflect.NativeMethodAccessorImpl.invoke(NativeMethodAccessorImpl.java:77)
	at java.base/jdk.internal.reflect.DelegatingMethodAccessorImpl.invoke(DelegatingMethodAccessorImpl.java:43)
	at grails.gorm.transactions.GrailsTransactionTemplate$2.doInTransaction(GrailsTransactionTemplate.groovy:94)
	at org.springframework.transaction.support.TransactionTemplate.execute(TransactionTemplate.java:140)
	at grails.gorm.transactions.GrailsTransactionTemplate.execute(GrailsTransactionTemplate.groovy:91)
	at java.base/jdk.internal.reflect.NativeMethodAccessorImpl.invoke(NativeMethodAccessorImpl.java:77)
	at java.base/jdk.internal.reflect.DelegatingMethodAccessorImpl.invoke(DelegatingMethodAccessorImpl.java:43)
	at com.k_int.web.toolkit.rest.TenantAwareRestfulController.$tt__tenantAwareRestfulController_index(TenantAwareRestfulController.groovy:23)
	at java.base/jdk.internal.reflect.NativeMethodAccessorImpl.invoke(NativeMethodAccessorImpl.java:77)
	at java.base/jdk.internal.reflect.DelegatingMethodAccessorImpl.invoke(DelegatingMethodAccessorImpl.java:43)
	at grails.gorm.transactions.GrailsTransactionTemplate$2.doInTransaction(GrailsTransactionTemplate.groovy:94)
	at org.springframework.transaction.support.TransactionTemplate.execute(TransactionTemplate.java:140)
	at grails.gorm.transactions.GrailsTransactionTemplate.execute(GrailsTransactionTemplate.groovy:91)
	at java.base/jdk.internal.reflect.NativeMethodAccessorImpl.invoke(NativeMethodAccessorImpl.java:77)
	at java.base/jdk.internal.reflect.DelegatingMethodAccessorImpl.invoke(DelegatingMethodAccessorImpl.java:43)
	at java.base/jdk.internal.reflect.NativeMethodAccessorImpl.invoke(NativeMethodAccessorImpl.java:77)
	at java.base/jdk.internal.reflect.DelegatingMethodAccessorImpl.invoke(DelegatingMethodAccessorImpl.java:43)
	at grails.gorm.multitenancy.Tenants$_withId_closure2$_closure6.doCall(Tenants.groovy:265)
	at org.grails.orm.hibernate.GrailsHibernateTemplate.doExecute(GrailsHibernateTemplate.java:297)
	at org.grails.orm.hibernate.GrailsHibernateTemplate.execute(GrailsHibernateTemplate.java:241)
	at org.grails.orm.hibernate.GrailsHibernateTemplate.executeWithNewSession(GrailsHibernateTemplate.java:153)
	at org.grails.orm.hibernate.GrailsHibernateTemplate.executeWithExistingOrCreateNewSession(GrailsHibernateTemplate.java:207)
	at org.grails.orm.hibernate.AbstractHibernateDatastore.withNewSession(AbstractHibernateDatastore.java:369)
	at grails.gorm.multitenancy.Tenants$_withId_closure2.doCall(Tenants.groovy:258)
	at grails.gorm.multitenancy.Tenants$CurrentTenant.withTenant(Tenants.groovy:358)
	at grails.gorm.multitenancy.Tenants.withId(Tenants.groovy:236)
	at org.grails.datastore.gorm.services.DefaultTenantService.withCurrent(DefaultTenantService.groovy:71)
	at org.grails.core.DefaultGrailsControllerClass$MethodHandleInvoker.invoke(DefaultGrailsControllerClass.java:223)
	at org.grails.core.DefaultGrailsControllerClass.invoke(DefaultGrailsControllerClass.java:188)
	at org.grails.web.mapping.mvc.UrlMappingsInfoHandlerAdapter.handle(UrlMappingsInfoHandlerAdapter.groovy:90)
	at org.springframework.web.servlet.DispatcherServlet.doDispatch(DispatcherServlet.java:1072)
	at org.springframework.web.servlet.DispatcherServlet.doService(DispatcherServlet.java:965)
	at org.springframework.web.servlet.FrameworkServlet.processRequest(FrameworkServlet.java:1006)
	at org.springframework.web.servlet.FrameworkServlet.doGet(FrameworkServlet.java:898)
	at org.springframework.web.servlet.FrameworkServlet.service(FrameworkServlet.java:883)
	at io.undertow.servlet.handlers.ServletHandler.handleRequest(ServletHandler.java:74)
	at io.undertow.servlet.handlers.FilterHandler$FilterChainImpl.doFilter(FilterHandler.java:129)
	at org.springframework.security.web.FilterChainProxy$VirtualFilterChain.doFilter(FilterChainProxy.java:352)
	at org.springframework.security.web.access.intercept.FilterSecurityInterceptor.invoke(FilterSecurityInterceptor.java:117)
	at org.springframework.security.web.access.intercept.FilterSecurityInterceptor.doFilter(FilterSecurityInterceptor.java:83)
	at org.springframework.security.web.FilterChainProxy$VirtualFilterChain.doFilter(FilterChainProxy.java:361)
	at org.springframework.security.web.access.ExceptionTranslationFilter.doFilter(ExceptionTranslationFilter.java:126)
	at org.springframework.security.web.access.ExceptionTranslationFilter.doFilter(ExceptionTranslationFilter.java:120)
	at grails.plugin.springsecurity.web.UpdateRequestContextHolderExceptionTranslationFilter.doFilter(UpdateRequestContextHolderExceptionTranslationFilter.groovy:64)
	at org.springframework.security.web.FilterChainProxy$VirtualFilterChain.doFilter(FilterChainProxy.java:361)
	at org.springframework.security.web.FilterChainProxy$VirtualFilterChain.doFilter(FilterChainProxy.java:361)
	at grails.plugin.springsecurity.web.filter.GrailsAnonymousAuthenticationFilter.doFilter(GrailsAnonymousAuthenticationFilter.groovy:52)
	at org.springframework.security.web.FilterChainProxy$VirtualFilterChain.doFilter(FilterChainProxy.java:361)
	at org.springframework.security.web.servletapi.SecurityContextHolderAwareRequestFilter.doFilter(SecurityContextHolderAwareRequestFilter.java:164)
	at org.springframework.security.web.FilterChainProxy$VirtualFilterChain.doFilter(FilterChainProxy.java:361)
	at org.springframework.security.web.authentication.AbstractAuthenticationProcessingFilter.doFilter(AbstractAuthenticationProcessingFilter.java:227)
	at org.springframework.security.web.authentication.AbstractAuthenticationProcessingFilter.doFilter(AbstractAuthenticationProcessingFilter.java:221)
	at org.springframework.security.web.FilterChainProxy$VirtualFilterChain.doFilter(FilterChainProxy.java:361)
	at grails.plugin.springsecurity.web.authentication.logout.MutableLogoutFilter.doFilter(MutableLogoutFilter.groovy:62)
	at org.springframework.security.web.FilterChainProxy$VirtualFilterChain.doFilter(FilterChainProxy.java:361)
	at grails.plugin.springsecurity.web.SecurityRequestHolderFilter.doFilter(SecurityRequestHolderFilter.groovy:58)
	at org.springframework.security.web.FilterChainProxy$VirtualFilterChain.doFilter(FilterChainProxy.java:361)
	at com.k_int.okapi.springsecurity.OkapiAuthenticationFilter.successfulAuthentication(OkapiAuthenticationFilter.groovy:127)
	at org.springframework.security.web.authentication.AbstractAuthenticationProcessingFilter.doFilter(AbstractAuthenticationProcessingFilter.java:241)
	at org.springframework.security.web.authentication.AbstractAuthenticationProcessingFilter.doFilter(AbstractAuthenticationProcessingFilter.java:221)
	at org.springframework.security.web.FilterChainProxy$VirtualFilterChain.doFilter(FilterChainProxy.java:361)
	at org.springframework.security.web.FilterChainProxy.doFilterInternal(FilterChainProxy.java:225)
	at org.springframework.security.web.FilterChainProxy.doFilter(FilterChainProxy.java:190)
	at io.undertow.servlet.core.ManagedFilter.doFilter(ManagedFilter.java:67)
	at io.undertow.servlet.handlers.FilterHandler$FilterChainImpl.doFilter(FilterHandler.java:131)
	at org.grails.web.servlet.mvc.GrailsWebRequestFilter.doFilterInternal(GrailsWebRequestFilter.java:77)
	at io.undertow.servlet.core.ManagedFilter.doFilter(ManagedFilter.java:67)
	at io.undertow.servlet.handlers.FilterHandler$FilterChainImpl.doFilter(FilterHandler.java:131)
	at org.grails.web.filters.HiddenHttpMethodFilter.doFilterInternal(HiddenHttpMethodFilter.java:67)
	at io.undertow.servlet.core.ManagedFilter.doFilter(ManagedFilter.java:67)
	at io.undertow.servlet.handlers.FilterHandler$FilterChainImpl.doFilter(FilterHandler.java:131)
	at io.undertow.servlet.core.ManagedFilter.doFilter(ManagedFilter.java:67)
	at io.undertow.servlet.handlers.FilterHandler$FilterChainImpl.doFilter(FilterHandler.java:131)
	at io.undertow.servlet.core.ManagedFilter.doFilter(ManagedFilter.java:67)
	at io.undertow.servlet.handlers.FilterHandler$FilterChainImpl.doFilter(FilterHandler.java:131)
	at io.undertow.servlet.core.ManagedFilter.doFilter(ManagedFilter.java:67)
	at io.undertow.servlet.handlers.FilterHandler$FilterChainImpl.doFilter(FilterHandler.java:131)
	at io.undertow.servlet.handlers.FilterHandler.handleRequest(FilterHandler.java:84)
	at io.undertow.servlet.handlers.security.ServletSecurityRoleHandler.handleRequest(ServletSecurityRoleHandler.java:62)
	at io.undertow.servlet.handlers.ServletChain$1.handleRequest(ServletChain.java:68)
	at io.undertow.servlet.handlers.ServletDispatchingHandler.handleRequest(ServletDispatchingHandler.java:36)
	at io.undertow.servlet.handlers.RedirectDirHandler.handleRequest(RedirectDirHandler.java:68)
	at io.undertow.servlet.handlers.security.SSLInformationAssociationHandler.handleRequest(SSLInformationAssociationHandler.java:117)
	at io.undertow.servlet.handlers.security.ServletAuthenticationCallHandler.handleRequest(ServletAuthenticationCallHandler.java:57)
	at io.undertow.server.handlers.PredicateHandler.handleRequest(PredicateHandler.java:43)
	at io.undertow.security.handlers.AbstractConfidentialityHandler.handleRequest(AbstractConfidentialityHandler.java:46)
	at io.undertow.servlet.handlers.security.ServletConfidentialityConstraintHandler.handleRequest(ServletConfidentialityConstraintHandler.java:64)
	at io.undertow.security.handlers.AuthenticationMechanismsHandler.handleRequest(AuthenticationMechanismsHandler.java:60)
	at io.undertow.servlet.handlers.security.CachedAuthenticatedSessionHandler.handleRequest(CachedAuthenticatedSessionHandler.java:75)
	at io.undertow.security.handlers.AbstractSecurityContextAssociationHandler.handleRequest(AbstractSecurityContextAssociationHandler.java:43)
	at io.undertow.server.handlers.PredicateHandler.handleRequest(PredicateHandler.java:43)
	at io.undertow.servlet.handlers.SendErrorPageHandler.handleRequest(SendErrorPageHandler.java:52)
	at io.undertow.server.handlers.PredicateHandler.handleRequest(PredicateHandler.java:43)
	at io.undertow.servlet.handlers.ServletInitialHandler.handleFirstRequest(ServletInitialHandler.java:270)
	at io.undertow.servlet.handlers.ServletInitialHandler.access$000(ServletInitialHandler.java:78)
	at io.undertow.servlet.handlers.ServletInitialHandler$1.call(ServletInitialHandler.java:129)
	at io.undertow.servlet.handlers.ServletInitialHandler$1.call(ServletInitialHandler.java:126)
	at io.undertow.servlet.core.ServletRequestContextThreadSetupAction$1.call(ServletRequestContextThreadSetupAction.java:48)
	at io.undertow.servlet.core.ContextClassLoaderSetupAction$1.call(ContextClassLoaderSetupAction.java:43)
	at io.undertow.servlet.handlers.ServletInitialHandler.dispatchRequest(ServletInitialHandler.java:250)
	at io.undertow.servlet.handlers.ServletInitialHandler.lambda$new$1(ServletInitialHandler.java:98)
	at io.undertow.server.Connectors.executeRootHandler(Connectors.java:395)
	at io.undertow.server.HttpServerExchange$1.run(HttpServerExchange.java:931)
	at org.jboss.threads.ContextHandler$1.runWith(ContextHandler.java:18)
	at org.jboss.threads.EnhancedQueueExecutor$Task.run(EnhancedQueueExecutor.java:2513)
	at org.jboss.threads.EnhancedQueueExecutor$ThreadBody.run(EnhancedQueueExecutor.java:1538)
	at org.xnio.XnioWorker$WorkerThreadFactory$1$1.run(XnioWorker.java:1282)
	at java.base/java.lang.Thread.run(Thread.java:840)

2026-07-21 07:21:14.029  ERROR  --- [  XNIO-1 task-2] o.g.web.errors.GrailsExceptionResolver   : NumberFormatException occurred when processing request: [GET] /servint/numberGeneratorSequences
Unable to parse number [notanumber]. Stacktrace follows:

java.lang.NumberFormatException: Unable to parse number [notanumber]
	at org.grails.databinding.converters.web.LocaleAwareNumberConverter.convert(LocaleAwareNumberConverter.groovy:60)
	at grails.databinding.SimpleDataBinder.convert(SimpleDataBinder.groovy:802)
	at grails.web.databinding.GrailsWebDataBinder.convert(GrailsWebDataBinder.groovy:644)
	at com.k_int.web.toolkit.databinding.ExtendedWebDataBinder.convert(ExtendedWebDataBinder.groovy:492)
	at com.k_int.web.toolkit.databinding.ExtendedWebDataBinder.attemptConversion(ExtendedWebDataBinder.groovy:478)
	at java.base/jdk.internal.reflect.NativeMethodAccessorImpl.invoke(NativeMethodAccessorImpl.java:77)
	at java.base/jdk.internal.reflect.DelegatingMethodAccessorImpl.invoke(DelegatingMethodAccessorImpl.java:43)
	at com.k_int.web.toolkit.ValueConverterService.attemptConversion(ValueConverterService.groovy:17)
	at com.k_int.web.toolkit.grammar.SimpleLookupServiceListenerWtk.addCriterion(SimpleLookupServiceListenerWtk.groovy:448)
	at com.k_int.web.toolkit.grammar.SimpleLookupServiceListenerWtk.enterSubjectFirstFilter(SimpleLookupServiceListenerWtk.groovy:357)
	at com.k_int.web.toolkit.grammar.SimpleLookupWtkParser$SubjectFirstFilterContext.enterRule(SimpleLookupWtkParser.java:513)
	at org.antlr.v4.runtime.tree.ParseTreeWalker.enterRule(ParseTreeWalker.java:42)
	at org.antlr.v4.runtime.tree.ParseTreeWalker.walk(ParseTreeWalker.java:25)
	at org.antlr.v4.runtime.tree.ParseTreeWalker.walk(ParseTreeWalker.java:28)
	at org.antlr.v4.runtime.tree.ParseTreeWalker.walk(ParseTreeWalker.java:28)
	at com.k_int.web.toolkit.SimpleLookupService.parseFilterString(SimpleLookupService.groovy:141)
	at java.base/jdk.internal.reflect.NativeMethodAccessorImpl.invoke(NativeMethodAccessorImpl.java:77)
	at java.base/jdk.internal.reflect.DelegatingMethodAccessorImpl.invoke(DelegatingMethodAccessorImpl.java:43)
	at com.k_int.web.toolkit.SimpleLookupService.parseFilters(SimpleLookupService.groovy:153)
	at java.base/jdk.internal.reflect.NativeMethodAccessorImpl.invoke(NativeMethodAccessorImpl.java:77)
	at java.base/jdk.internal.reflect.DelegatingMethodAccessorImpl.invoke(DelegatingMethodAccessorImpl.java:43)
	at com.k_int.web.toolkit.SimpleLookupService.buildLookupCriteria(SimpleLookupService.groovy:244)
	at java.base/jdk.internal.reflect.NativeMethodAccessorImpl.invoke(NativeMethodAccessorImpl.java:77)
	at java.base/jdk.internal.reflect.DelegatingMethodAccessorImpl.invoke(DelegatingMethodAccessorImpl.java:43)
	at com.k_int.web.toolkit.SimpleLookupService$_lookup_closure3.doCall(SimpleLookupService.groovy:450)
	at java.base/jdk.internal.reflect.NativeMethodAccessorImpl.invoke(NativeMethodAccessorImpl.java:77)
	at java.base/jdk.internal.reflect.DelegatingMethodAccessorImpl.invoke(DelegatingMethodAccessorImpl.java:43)
	at com.k_int.web.toolkit.SimpleLookupService$_doMethod_closure6.doCall(SimpleLookupService.groovy:549)
	at java.base/jdk.internal.reflect.NativeMethodAccessorImpl.invoke(NativeMethodAccessorImpl.java:77)
	at java.base/jdk.internal.reflect.DelegatingMethodAccessorImpl.invoke(DelegatingMethodAccessorImpl.java:43)
	at org.grails.orm.hibernate.query.AbstractHibernateCriteriaBuilder.invokeClosureNode(AbstractHibernateCriteriaBuilder.java:1916)
	at org.grails.orm.hibernate.query.AbstractHibernateCriteriaBuilder.invokeMethod(AbstractHibernateCriteriaBuilder.java:1628)
	at org.grails.orm.hibernate.query.AbstractHibernateCriteriaBuilder.list(AbstractHibernateCriteriaBuilder.java:1575)
	at java.base/jdk.internal.reflect.NativeMethodAccessorImpl.invoke(NativeMethodAccessorImpl.java:77)
	at java.base/jdk.internal.reflect.DelegatingMethodAccessorImpl.invoke(DelegatingMethodAccessorImpl.java:43)
	at com.k_int.web.toolkit.SimpleLookupService.doMethod(SimpleLookupService.groovy:554)
	at java.base/jdk.internal.reflect.NativeMethodAccessorImpl.invoke(NativeMethodAccessorImpl.java:77)
	at java.base/jdk.internal.reflect.DelegatingMethodAccessorImpl.invoke(DelegatingMethodAccessorImpl.java:43)
	at com.k_int.web.toolkit.SimpleLookupService.doList(SimpleLookupService.groovy:534)
	at java.base/jdk.internal.reflect.NativeMethodAccessorImpl.invoke(NativeMethodAccessorImpl.java:77)
	at java.base/jdk.internal.reflect.DelegatingMethodAccessorImpl.invoke(DelegatingMethodAccessorImpl.java:43)
	at com.k_int.web.toolkit.SimpleLookupService.lookup(SimpleLookupService.groovy:439)
	at com.k_int.web.toolkit.rest.RestfulController.doTheLookup(RestfulController.groovy:46)
	at java.base/jdk.internal.reflect.NativeMethodAccessorImpl.invoke(NativeMethodAccessorImpl.java:77)
	at java.base/jdk.internal.reflect.DelegatingMethodAccessorImpl.invoke(DelegatingMethodAccessorImpl.java:43)
	at com.k_int.web.toolkit.rest.RestfulController.doTheLookup(RestfulController.groovy:28)
	at com.k_int.web.toolkit.rest.RestfulController.$tt__restfulController_index(RestfulController.groovy:62)
	at java.base/jdk.internal.reflect.NativeMethodAccessorImpl.invoke(NativeMethodAccessorImpl.java:77)
	at java.base/jdk.internal.reflect.DelegatingMethodAccessorImpl.invoke(DelegatingMethodAccessorImpl.java:43)
	at java.base/jdk.internal.reflect.NativeMethodAccessorImpl.invoke(NativeMethodAccessorImpl.java:77)
	at java.base/jdk.internal.reflect.DelegatingMethodAccessorImpl.invoke(DelegatingMethodAccessorImpl.java:43)
	at grails.gorm.transactions.GrailsTransactionTemplate$2.doInTransaction(GrailsTransactionTemplate.groovy:94)
	at org.springframework.transaction.support.TransactionTemplate.execute(TransactionTemplate.java:140)
	at grails.gorm.transactions.GrailsTransactionTemplate.execute(GrailsTransactionTemplate.groovy:91)
	at java.base/jdk.internal.reflect.NativeMethodAccessorImpl.invoke(NativeMethodAccessorImpl.java:77)
	at java.base/jdk.internal.reflect.DelegatingMethodAccessorImpl.invoke(DelegatingMethodAccessorImpl.java:43)
	at com.k_int.web.toolkit.rest.TenantAwareRestfulController.$tt__tenantAwareRestfulController_index(TenantAwareRestfulController.groovy:23)
	at java.base/jdk.internal.reflect.NativeMethodAccessorImpl.invoke(NativeMethodAccessorImpl.java:77)
	at java.base/jdk.internal.reflect.DelegatingMethodAccessorImpl.invoke(DelegatingMethodAccessorImpl.java:43)
	at grails.gorm.transactions.GrailsTransactionTemplate$2.doInTransaction(GrailsTransactionTemplate.groovy:94)
	at org.springframework.transaction.support.TransactionTemplate.execute(TransactionTemplate.java:140)
	at grails.gorm.transactions.GrailsTransactionTemplate.execute(GrailsTransactionTemplate.groovy:91)
	at java.base/jdk.internal.reflect.NativeMethodAccessorImpl.invoke(NativeMethodAccessorImpl.java:77)
	at java.base/jdk.internal.reflect.DelegatingMethodAccessorImpl.invoke(DelegatingMethodAccessorImpl.java:43)
	at java.base/jdk.internal.reflect.NativeMethodAccessorImpl.invoke(NativeMethodAccessorImpl.java:77)
	at java.base/jdk.internal.reflect.DelegatingMethodAccessorImpl.invoke(DelegatingMethodAccessorImpl.java:43)
	at grails.gorm.multitenancy.Tenants$_withId_closure2$_closure6.doCall(Tenants.groovy:265)
	at org.grails.orm.hibernate.GrailsHibernateTemplate.doExecute(GrailsHibernateTemplate.java:297)
	at org.grails.orm.hibernate.GrailsHibernateTemplate.execute(GrailsHibernateTemplate.java:241)
	at org.grails.orm.hibernate.GrailsHibernateTemplate.executeWithNewSession(GrailsHibernateTemplate.java:153)
	at org.grails.orm.hibernate.GrailsHibernateTemplate.executeWithExistingOrCreateNewSession(GrailsHibernateTemplate.java:207)
	at org.grails.orm.hibernate.AbstractHibernateDatastore.withNewSession(AbstractHibernateDatastore.java:369)
	at grails.gorm.multitenancy.Tenants$_withId_closure2.doCall(Tenants.groovy:258)
	at grails.gorm.multitenancy.Tenants$CurrentTenant.withTenant(Tenants.groovy:358)
	at grails.gorm.multitenancy.Tenants.withId(Tenants.groovy:236)
	at org.grails.datastore.gorm.services.DefaultTenantService.withCurrent(DefaultTenantService.groovy:71)
	at org.grails.core.DefaultGrailsControllerClass$MethodHandleInvoker.invoke(DefaultGrailsControllerClass.java:223)
	at org.grails.core.DefaultGrailsControllerClass.invoke(DefaultGrailsControllerClass.java:188)
	at org.grails.web.mapping.mvc.UrlMappingsInfoHandlerAdapter.handle(UrlMappingsInfoHandlerAdapter.groovy:90)
	at org.springframework.web.servlet.DispatcherServlet.doDispatch(DispatcherServlet.java:1072)
	at org.springframework.web.servlet.DispatcherServlet.doService(DispatcherServlet.java:965)
	at org.springframework.web.servlet.FrameworkServlet.processRequest(FrameworkServlet.java:1006)
	at org.springframework.web.servlet.FrameworkServlet.doGet(FrameworkServlet.java:898)
	at org.springframework.web.servlet.FrameworkServlet.service(FrameworkServlet.java:883)
	at io.undertow.servlet.handlers.ServletHandler.handleRequest(ServletHandler.java:74)
	at io.undertow.servlet.handlers.FilterHandler$FilterChainImpl.doFilter(FilterHandler.java:129)
	at org.springframework.security.web.FilterChainProxy$VirtualFilterChain.doFilter(FilterChainProxy.java:352)
	at org.springframework.security.web.access.intercept.FilterSecurityInterceptor.invoke(FilterSecurityInterceptor.java:117)
	at org.springframework.security.web.access.intercept.FilterSecurityInterceptor.doFilter(FilterSecurityInterceptor.java:83)
	at org.springframework.security.web.FilterChainProxy$VirtualFilterChain.doFilter(FilterChainProxy.java:361)
	at org.springframework.security.web.access.ExceptionTranslationFilter.doFilter(ExceptionTranslationFilter.java:126)
	at org.springframework.security.web.access.ExceptionTranslationFilter.doFilter(ExceptionTranslationFilter.java:120)
	at grails.plugin.springsecurity.web.UpdateRequestContextHolderExceptionTranslationFilter.doFilter(UpdateRequestContextHolderExceptionTranslationFilter.groovy:64)
	at org.springframework.security.web.FilterChainProxy$VirtualFilterChain.doFilter(FilterChainProxy.java:361)
	at org.springframework.security.web.FilterChainProxy$VirtualFilterChain.doFilter(FilterChainProxy.java:361)
	at grails.plugin.springsecurity.web.filter.GrailsAnonymousAuthenticationFilter.doFilter(GrailsAnonymousAuthenticationFilter.groovy:52)
	at org.springframework.security.web.FilterChainProxy$VirtualFilterChain.doFilter(FilterChainProxy.java:361)
	at org.springframework.security.web.servletapi.SecurityContextHolderAwareRequestFilter.doFilter(SecurityContextHolderAwareRequestFilter.java:164)
	at org.springframework.security.web.FilterChainProxy$VirtualFilterChain.doFilter(FilterChainProxy.java:361)
	at org.springframework.security.web.authentication.AbstractAuthenticationProcessingFilter.doFilter(AbstractAuthenticationProcessingFilter.java:227)
	at org.springframework.security.web.authentication.AbstractAuthenticationProcessingFilter.doFilter(AbstractAuthenticationProcessingFilter.java:221)
	at org.springframework.security.web.FilterChainProxy$VirtualFilterChain.doFilter(FilterChainProxy.java:361)
	at grails.plugin.springsecurity.web.authentication.logout.MutableLogoutFilter.doFilter(MutableLogoutFilter.groovy:62)
	at org.springframework.security.web.FilterChainProxy$VirtualFilterChain.doFilter(FilterChainProxy.java:361)
	at grails.plugin.springsecurity.web.SecurityRequestHolderFilter.doFilter(SecurityRequestHolderFilter.groovy:58)
	at org.springframework.security.web.FilterChainProxy$VirtualFilterChain.doFilter(FilterChainProxy.java:361)
	at com.k_int.okapi.springsecurity.OkapiAuthenticationFilter.successfulAuthentication(OkapiAuthenticationFilter.groovy:127)
	at org.springframework.security.web.authentication.AbstractAuthenticationProcessingFilter.doFilter(AbstractAuthenticationProcessingFilter.java:241)
	at org.springframework.security.web.authentication.AbstractAuthenticationProcessingFilter.doFilter(AbstractAuthenticationProcessingFilter.java:221)
	at org.springframework.security.web.FilterChainProxy$VirtualFilterChain.doFilter(FilterChainProxy.java:361)
	at org.springframework.security.web.FilterChainProxy.doFilterInternal(FilterChainProxy.java:225)
	at org.springframework.security.web.FilterChainProxy.doFilter(FilterChainProxy.java:190)
	at io.undertow.servlet.core.ManagedFilter.doFilter(ManagedFilter.java:67)
	at io.undertow.servlet.handlers.FilterHandler$FilterChainImpl.doFilter(FilterHandler.java:131)
	at org.grails.web.servlet.mvc.GrailsWebRequestFilter.doFilterInternal(GrailsWebRequestFilter.java:77)
	at io.undertow.servlet.core.ManagedFilter.doFilter(ManagedFilter.java:67)
	at io.undertow.servlet.handlers.FilterHandler$FilterChainImpl.doFilter(FilterHandler.java:131)
	at org.grails.web.filters.HiddenHttpMethodFilter.doFilterInternal(HiddenHttpMethodFilter.java:67)
	at io.undertow.servlet.core.ManagedFilter.doFilter(ManagedFilter.java:67)
	at io.undertow.servlet.handlers.FilterHandler$FilterChainImpl.doFilter(FilterHandler.java:131)
	at io.undertow.servlet.core.ManagedFilter.doFilter(ManagedFilter.java:67)
	at io.undertow.servlet.handlers.FilterHandler$FilterChainImpl.doFilter(FilterHandler.java:131)
	at io.undertow.servlet.core.ManagedFilter.doFilter(ManagedFilter.java:67)
	at io.undertow.servlet.handlers.FilterHandler$FilterChainImpl.doFilter(FilterHandler.java:131)
	at io.undertow.servlet.core.ManagedFilter.doFilter(ManagedFilter.java:67)
	at io.undertow.servlet.handlers.FilterHandler$FilterChainImpl.doFilter(FilterHandler.java:131)
	at io.undertow.servlet.handlers.FilterHandler.handleRequest(FilterHandler.java:84)
	at io.undertow.servlet.handlers.security.ServletSecurityRoleHandler.handleRequest(ServletSecurityRoleHandler.java:62)
	at io.undertow.servlet.handlers.ServletChain$1.handleRequest(ServletChain.java:68)
	at io.undertow.servlet.handlers.ServletDispatchingHandler.handleRequest(ServletDispatchingHandler.java:36)
	at io.undertow.servlet.handlers.RedirectDirHandler.handleRequest(RedirectDirHandler.java:68)
	at io.undertow.servlet.handlers.security.SSLInformationAssociationHandler.handleRequest(SSLInformationAssociationHandler.java:117)
	at io.undertow.servlet.handlers.security.ServletAuthenticationCallHandler.handleRequest(ServletAuthenticationCallHandler.java:57)
	at io.undertow.server.handlers.PredicateHandler.handleRequest(PredicateHandler.java:43)
	at io.undertow.security.handlers.AbstractConfidentialityHandler.handleRequest(AbstractConfidentialityHandler.java:46)
	at io.undertow.servlet.handlers.security.ServletConfidentialityConstraintHandler.handleRequest(ServletConfidentialityConstraintHandler.java:64)
	at io.undertow.security.handlers.AuthenticationMechanismsHandler.handleRequest(AuthenticationMechanismsHandler.java:60)
	at io.undertow.servlet.handlers.security.CachedAuthenticatedSessionHandler.handleRequest(CachedAuthenticatedSessionHandler.java:75)
	at io.undertow.security.handlers.AbstractSecurityContextAssociationHandler.handleRequest(AbstractSecurityContextAssociationHandler.java:43)
	at io.undertow.server.handlers.PredicateHandler.handleRequest(PredicateHandler.java:43)
	at io.undertow.servlet.handlers.SendErrorPageHandler.handleRequest(SendErrorPageHandler.java:52)
	at io.undertow.server.handlers.PredicateHandler.handleRequest(PredicateHandler.java:43)
	at io.undertow.servlet.handlers.ServletInitialHandler.handleFirstRequest(ServletInitialHandler.java:270)
	at io.undertow.servlet.handlers.ServletInitialHandler.access$000(ServletInitialHandler.java:78)
	at io.undertow.servlet.handlers.ServletInitialHandler$1.call(ServletInitialHandler.java:129)
	at io.undertow.servlet.handlers.ServletInitialHandler$1.call(ServletInitialHandler.java:126)
	at io.undertow.servlet.core.ServletRequestContextThreadSetupAction$1.call(ServletRequestContextThreadSetupAction.java:48)
	at io.undertow.servlet.core.ContextClassLoaderSetupAction$1.call(ContextClassLoaderSetupAction.java:43)
	at io.undertow.servlet.handlers.ServletInitialHandler.dispatchRequest(ServletInitialHandler.java:250)
	at io.undertow.servlet.handlers.ServletInitialHandler.lambda$new$1(ServletInitialHandler.java:98)
	at io.undertow.server.Connectors.executeRootHandler(Connectors.java:395)
	at io.undertow.server.HttpServerExchange$1.run(HttpServerExchange.java:931)
	at org.jboss.threads.ContextHandler$1.runWith(ContextHandler.java:18)
	at org.jboss.threads.EnhancedQueueExecutor$Task.run(EnhancedQueueExecutor.java:2513)
	at org.jboss.threads.EnhancedQueueExecutor$ThreadBody.run(EnhancedQueueExecutor.java:1538)
	at org.xnio.XnioWorker$WorkerThreadFactory$1$1.run(XnioWorker.java:1282)
	at java.base/java.lang.Thread.run(Thread.java:840)

2026-07-21 07:21:14.071  DEBUG  --- [  XNIO-1 task-2] c.k.o.s.OkapiAuthenticationFilter        : Set SecurityContextHolder to OkapiAuthenticationToken [Principal=com.k_int.okapi.springsecurity.OkapiAuthenticationToken$OkapiUserDetails@14e8cab7, Credentials=[PROTECTED], Authenticated=true, Details=null, Granted Authorities=[]]
2026-07-21 07:21:14.071   INFO  --- [  XNIO-1 task-2] c.k.o.s.OkapiAuthenticationFilter        : OKAPI User added to security context OkapiAuthenticationToken [Principal=com.k_int.okapi.springsecurity.OkapiAuthenticationToken$OkapiUserDetails@14e8cab7, Credentials=[PROTECTED], Authenticated=true, Details=null, Granted Authorities=[]]
2026-07-21 07:21:14.073  DEBUG  --- [  XNIO-1 task-2] com.k_int.okapi.OkapiTenantAdminService  : checkTenantAndEnsureDatasource
2026-07-21 07:21:14.075  DEBUG  --- [  XNIO-1 task-2] com.k_int.okapi.OkapiTenantAdminService  : Checking to see if r13a is already active
2026-07-21 07:21:14.077  DEBUG  --- [  XNIO-1 task-2] com.k_int.okapi.OkapiTenantAdminService  : ensureDatasource for r13a_mod_service_interaction
2026-07-21 07:21:14.083   INFO  --- [  XNIO-1 task-2] c.k_int.web.toolkit.SimpleLookupService  : Parse tree: (filters (filter_expr (standard_expr code (operator ==) (value_exp plain))) <EOF>)
2026-07-21 07:21:14.083   INFO  --- [  XNIO-1 task-2] c.k_int.web.toolkit.SimpleLookupService  : Begin parsing filters
2026-07-21 07:21:14.084  DEBUG  --- [  XNIO-1 task-2] com.k_int.web.toolkit.utils.DomainUtils  : Returning org.olf.numgen.NumberGeneratorSequence:code from cache.
2026-07-21 07:21:14.085  DEBUG  --- [  XNIO-1 task-2] com.k_int.web.toolkit.utils.DomainUtils  : Returning org.olf.numgen.NumberGeneratorSequence:code from cache.
2026-07-21 07:21:14.085  DEBUG  --- [  XNIO-1 task-2] c.k_int.web.toolkit.SimpleLookupService  : Looking for property code
2026-07-21 07:21:14.085  DEBUG  --- [  XNIO-1 task-2] c.k_int.web.toolkit.SimpleLookupService  : equality filter
2026-07-21 07:21:14.085   INFO  --- [  XNIO-1 task-2] c.k_int.web.toolkit.SimpleLookupService  : Finished parsing filters
2026-07-21 07:21:14.086  DEBUG  --- [  XNIO-1 task-2] com.k_int.web.toolkit.utils.DomainUtils  : Returning org.olf.numgen.NumberGeneratorSequence:code from cache.
2026-07-21 07:21:14.086  DEBUG  --- [  XNIO-1 task-2] c.k_int.web.toolkit.SimpleLookupService  : Looking for property code
2026-07-21 07:21:14.087  DEBUG  --- [  XNIO-1 task-2] c.k_int.web.toolkit.SimpleLookupService  : Sort on code asc.
2026-07-21 07:21:14.111  DEBUG  --- [  XNIO-1 task-2] c.k.o.s.OkapiAuthenticationFilter        : Set SecurityContextHolder to OkapiAuthenticationToken [Principal=com.k_int.okapi.springsecurity.OkapiAuthenticationToken$OkapiUserDetails@72688429, Credentials=[PROTECTED], Authenticated=true, Details=null, Granted Authorities=[]]
2026-07-21 07:21:14.111   INFO  --- [  XNIO-1 task-2] c.k.o.s.OkapiAuthenticationFilter        : OKAPI User added to security context OkapiAuthenticationToken [Principal=com.k_int.okapi.springsecurity.OkapiAuthenticationToken$OkapiUserDetails@72688429, Credentials=[PROTECTED], Authenticated=true, Details=null, Granted Authorities=[]]
2026-07-21 07:21:14.112  DEBUG  --- [  XNIO-1 task-2] com.k_int.okapi.OkapiTenantAdminService  : checkTenantAndEnsureDatasource
2026-07-21 07:21:14.114  DEBUG  --- [  XNIO-1 task-2] com.k_int.okapi.OkapiTenantAdminService  : Checking to see if r13a is already active
2026-07-21 07:21:14.115  DEBUG  --- [  XNIO-1 task-2] com.k_int.okapi.OkapiTenantAdminService  : ensureDatasource for r13a_mod_service_interaction
2026-07-21 07:21:14.120  ERROR  --- [  XNIO-1 task-2] StackTrace                               : Full Stack Trace:

org.grails.web.converters.exceptions.ConverterException: Error parsing JSON
	at grails.converters.JSON.parse(JSON.java:260)
	at grails.converters.JSON.parse(JSON.java:273)
	at grails.converters.JSON.parse(JSON.java:307)
	at org.grails.web.converters.ConvertersExtension.getJSON(ConvertersExtension.groovy:42)
	at java.base/jdk.internal.reflect.NativeMethodAccessorImpl.invoke0(Native Method)
	at java.base/jdk.internal.reflect.NativeMethodAccessorImpl.invoke(NativeMethodAccessorImpl.java:77)
	at java.base/jdk.internal.reflect.DelegatingMethodAccessorImpl.invoke(DelegatingMethodAccessorImpl.java:43)
	at java.base/java.lang.reflect.Method.invoke(Method.java:569)
	at org.codehaus.groovy.runtime.metaclass.ReflectionMetaMethod.invoke(ReflectionMetaMethod.java:54)
	at org.codehaus.groovy.runtime.metaclass.NewInstanceMetaMethod.invoke(NewInstanceMetaMethod.java:54)
	at groovy.lang.MetaMethod.doMethodInvoke(MetaMethod.java:323)
	at org.codehaus.groovy.runtime.metaclass.MethodMetaProperty$GetBeanMethodMetaProperty.getProperty(MethodMetaProperty.java:76)
	at org.codehaus.groovy.runtime.callsite.GetEffectivePojoPropertySite.getProperty(GetEffectivePojoPropertySite.java:63)
	at org.codehaus.groovy.runtime.callsite.AbstractCallSite.callGetProperty(AbstractCallSite.java:329)
	at com.k_int.okapi.OkapiTenantAwareController.$mt__okapiTenantAwareController_getObjectToBind(OkapiTenantAwareController.groovy:29)
	at java.base/jdk.internal.reflect.NativeMethodAccessorImpl.invoke0(Native Method)
	at java.base/jdk.internal.reflect.NativeMethodAccessorImpl.invoke(NativeMethodAccessorImpl.java:77)
	at java.base/jdk.internal.reflect.DelegatingMethodAccessorImpl.invoke(DelegatingMethodAccessorImpl.java:43)
	at java.base/java.lang.reflect.Method.invoke(Method.java:569)
	at org.codehaus.groovy.reflection.CachedMethod.invoke(CachedMethod.java:107)
	at groovy.lang.MetaMethod.doMethodInvoke(MetaMethod.java:323)
	at groovy.lang.MetaClassImpl.invokeMethod(MetaClassImpl.java:1254)
	at groovy.lang.MetaClassImpl.invokeMethod(MetaClassImpl.java:1030)
	at org.codehaus.groovy.runtime.InvokerHelper.invokePogoMethod(InvokerHelper.java:1059)
	at org.codehaus.groovy.runtime.InvokerHelper.invokeMethod(InvokerHelper.java:1042)
	at org.codehaus.groovy.runtime.InvokerHelper.invokeMethodSafe(InvokerHelper.java:97)
	at com.k_int.okapi.OkapiTenantAwareController$_getObjectToBind_closure1.doCall(OkapiTenantAwareController.groovy)
	at java.base/jdk.internal.reflect.NativeMethodAccessorImpl.invoke0(Native Method)
	at java.base/jdk.internal.reflect.NativeMethodAccessorImpl.invoke(NativeMethodAccessorImpl.java:77)
	at java.base/jdk.internal.reflect.DelegatingMethodAccessorImpl.invoke(DelegatingMethodAccessorImpl.java:43)
	at java.base/java.lang.reflect.Method.invoke(Method.java:569)
	at org.codehaus.groovy.reflection.CachedMethod.invoke(CachedMethod.java:107)
	at groovy.lang.MetaMethod.doMethodInvoke(MetaMethod.java:323)
	at org.codehaus.groovy.runtime.metaclass.ClosureMetaClass.invokeMethod(ClosureMetaClass.java:274)
	at groovy.lang.MetaClassImpl.invokeMethod(MetaClassImpl.java:1030)
	at groovy.lang.Closure.call(Closure.java:427)
	at groovy.lang.Closure.call(Closure.java:416)
	at grails.gorm.multitenancy.Tenants$_withId_closure2$_closure6.doCall(Tenants.groovy:265)
	at grails.gorm.multitenancy.Tenants$_withId_closure2$_closure6.call(Tenants.groovy)
	at org.grails.orm.hibernate.GrailsHibernateTemplate.executeWithExistingOrCreateNewSession(GrailsHibernateTemplate.java:210)
	at org.grails.orm.hibernate.AbstractHibernateDatastore.withNewSession(AbstractHibernateDatastore.java:369)
	at grails.gorm.multitenancy.Tenants$_withId_closure2.doCall(Tenants.groovy:258)
	at grails.gorm.multitenancy.Tenants$_withId_closure2.call(Tenants.groovy)
	at grails.gorm.multitenancy.Tenants$CurrentTenant.withTenant(Tenants.groovy:358)
	at grails.gorm.multitenancy.Tenants.withId(Tenants.groovy:236)
	at org.grails.datastore.gorm.services.DefaultTenantService.withCurrent(DefaultTenantService.groovy:71)
	at com.k_int.okapi.OkapiTenantAwareController.getObjectToBind(OkapiTenantAwareController.groovy)
	at grails.rest.RestfulController.createResource(RestfulController.groovy:258)
	at com.k_int.web.toolkit.rest.TenantAwareRestfulController.super$2$createResource(TenantAwareRestfulController.groovy)
	at java.base/jdk.internal.reflect.NativeMethodAccessorImpl.invoke0(Native Method)
	at java.base/jdk.internal.reflect.NativeMethodAccessorImpl.invoke(NativeMethodAccessorImpl.java:77)
	at java.base/jdk.internal.reflect.DelegatingMethodAccessorImpl.invoke(DelegatingMethodAccessorImpl.java:43)
	at java.base/java.lang.reflect.Method.invoke(Method.java:569)
	at org.codehaus.groovy.reflection.CachedMethod.invoke(CachedMethod.java:107)
	at groovy.lang.MetaMethod.doMethodInvoke(MetaMethod.java:323)
	at groovy.lang.MetaClassImpl.invokeMethod(MetaClassImpl.java:1254)
	at org.codehaus.groovy.runtime.ScriptBytecodeAdapter.invokeMethodOnSuperN(ScriptBytecodeAdapter.java:144)
	at org.codehaus.groovy.runtime.ScriptBytecodeAdapter.invokeMethodOnSuper0(ScriptBytecodeAdapter.java:164)
	at com.k_int.web.toolkit.rest.TenantAwareRestfulController.createResource(TenantAwareRestfulController.groovy:72)
	at grails.rest.RestfulController.$tt__save(RestfulController.groovy:93)
	at java.base/jdk.internal.reflect.NativeMethodAccessorImpl.invoke0(Native Method)
	at java.base/jdk.internal.reflect.NativeMethodAccessorImpl.invoke(NativeMethodAccessorImpl.java:77)
	at java.base/jdk.internal.reflect.DelegatingMethodAccessorImpl.invoke(DelegatingMethodAccessorImpl.java:43)
	at java.base/java.lang.reflect.Method.invoke(Method.java:569)
	at org.codehaus.groovy.reflection.CachedMethod.invoke(CachedMethod.java:107)
	at groovy.lang.MetaMethod.doMethodInvoke(MetaMethod.java:323)
	at groovy.lang.MetaClassImpl.invokeMethod(MetaClassImpl.java:1254)
	at groovy.lang.MetaClassImpl.invokeMethod(MetaClassImpl.java:1030)
	at org.codehaus.groovy.runtime.InvokerHelper.invokePogoMethod(InvokerHelper.java:1059)
	at org.codehaus.groovy.runtime.InvokerHelper.invokeMethod(InvokerHelper.java:1042)
	at org.codehaus.groovy.runtime.InvokerHelper.invokeMethodSafe(InvokerHelper.java:97)
	at grails.rest.RestfulController$_save_closure3.doCall(RestfulController.groovy)
	at java.base/jdk.internal.reflect.NativeMethodAccessorImpl.invoke0(Native Method)
	at java.base/jdk.internal.reflect.NativeMethodAccessorImpl.invoke(NativeMethodAccessorImpl.java:77)
	at java.base/jdk.internal.reflect.DelegatingMethodAccessorImpl.invoke(DelegatingMethodAccessorImpl.java:43)
	at java.base/java.lang.reflect.Method.invoke(Method.java:569)
	at org.codehaus.groovy.reflection.CachedMethod.invoke(CachedMethod.java:107)
	at groovy.lang.MetaMethod.doMethodInvoke(MetaMethod.java:323)
	at org.codehaus.groovy.runtime.metaclass.ClosureMetaClass.invokeMethod(ClosureMetaClass.java:274)
	at groovy.lang.MetaClassImpl.invokeMethod(MetaClassImpl.java:1030)
	at groovy.lang.Closure.call(Closure.java:427)
	at groovy.lang.Closure.call(Closure.java:416)
	at grails.gorm.transactions.GrailsTransactionTemplate$2.doInTransaction(GrailsTransactionTemplate.groovy:94)
	at org.springframework.transaction.support.TransactionTemplate.execute(TransactionTemplate.java:140)
	at grails.gorm.transactions.GrailsTransactionTemplate.execute(GrailsTransactionTemplate.groovy:91)
	at grails.rest.RestfulController.save(RestfulController.groovy)
	at com.k_int.web.toolkit.rest.TenantAwareRestfulController.super$2$save(TenantAwareRestfulController.groovy)
	at java.base/jdk.internal.reflect.NativeMethodAccessorImpl.invoke0(Native Method)
	at java.base/jdk.internal.reflect.NativeMethodAccessorImpl.invoke(NativeMethodAccessorImpl.java:77)
	at java.base/jdk.internal.reflect.DelegatingMethodAccessorImpl.invoke(DelegatingMethodAccessorImpl.java:43)
	at java.base/java.lang.reflect.Method.invoke(Method.java:569)
	at org.codehaus.groovy.reflection.CachedMethod.invoke(CachedMethod.java:107)
	at groovy.lang.MetaMethod.doMethodInvoke(MetaMethod.java:323)
	at groovy.lang.MetaClassImpl.invokeMethod(MetaClassImpl.java:1254)
	at org.codehaus.groovy.runtime.ScriptBytecodeAdapter.invokeMethodOnSuperN(ScriptBytecodeAdapter.java:144)
	at org.codehaus.groovy.runtime.ScriptBytecodeAdapter.invokeMethodOnSuper0(ScriptBytecodeAdapter.java:164)
	at com.k_int.web.toolkit.rest.TenantAwareRestfulController.$tt__tenantAwareRestfulController_save(TenantAwareRestfulController.groovy:42)
	at com.k_int.web.toolkit.rest.TenantAwareRestfulController$__mt__tenantAwareRestfulController_save_closure13.doCall(TenantAwareRestfulController.groovy)
	at java.base/jdk.internal.reflect.NativeMethodAccessorImpl.invoke0(Native Method)
	at java.base/jdk.internal.reflect.NativeMethodAccessorImpl.invoke(NativeMethodAccessorImpl.java:77)
	at java.base/jdk.internal.reflect.DelegatingMethodAccessorImpl.invoke(DelegatingMethodAccessorImpl.java:43)
	at java.base/java.lang.reflect.Method.invoke(Method.java:569)
	at org.codehaus.groovy.reflection.CachedMethod.invoke(CachedMethod.java:107)
	at groovy.lang.MetaMethod.doMethodInvoke(MetaMethod.java:323)
	at org.codehaus.groovy.runtime.metaclass.ClosureMetaClass.invokeMethod(ClosureMetaClass.java:274)
	at groovy.lang.MetaClassImpl.invokeMethod(MetaClassImpl.java:1030)
	at groovy.lang.Closure.call(Closure.java:427)
	at groovy.lang.Closure.call(Closure.java:416)
	at grails.gorm.transactions.GrailsTransactionTemplate$2.doInTransaction(GrailsTransactionTemplate.groovy:94)
	at org.springframework.transaction.support.TransactionTemplate.execute(TransactionTemplate.java:140)
	at grails.gorm.transactions.GrailsTransactionTemplate.execute(GrailsTransactionTemplate.groovy:91)
	at com.k_int.web.toolkit.rest.TenantAwareRestfulController.$mt__tenantAwareRestfulController_save(TenantAwareRestfulController.groovy)
	at java.base/jdk.internal.reflect.NativeMethodAccessorImpl.invoke0(Native Method)
	at java.base/jdk.internal.reflect.NativeMethodAccessorImpl.invoke(NativeMethodAccessorImpl.java:77)
	at java.base/jdk.internal.reflect.DelegatingMethodAccessorImpl.invoke(DelegatingMethodAccessorImpl.java:43)
	at java.base/java.lang.reflect.Method.invoke(Method.java:569)
	at org.codehaus.groovy.reflection.CachedMethod.invoke(CachedMethod.java:107)
	at groovy.lang.MetaMethod.doMethodInvoke(MetaMethod.java:323)
	at groovy.lang.MetaClassImpl.invokeMethod(MetaClassImpl.java:1254)
	at groovy.lang.MetaClassImpl.invokeMethod(MetaClassImpl.java:1030)
	at org.codehaus.groovy.runtime.InvokerHelper.invokePogoMethod(InvokerHelper.java:1059)
	at org.codehaus.groovy.runtime.InvokerHelper.invokeMethod(InvokerHelper.java:1042)
	at org.codehaus.groovy.runtime.InvokerHelper.invokeMethodSafe(InvokerHelper.java:97)
	at com.k_int.web.toolkit.rest.TenantAwareRestfulController$_save_closure4.doCall(TenantAwareRestfulController.groovy)
	at java.base/jdk.internal.reflect.NativeMethodAccessorImpl.invoke0(Native Method)
	at java.base/jdk.internal.reflect.NativeMethodAccessorImpl.invoke(NativeMethodAccessorImpl.java:77)
	at java.base/jdk.internal.reflect.DelegatingMethodAccessorImpl.invoke(DelegatingMethodAccessorImpl.java:43)
	at java.base/java.lang.reflect.Method.invoke(Method.java:569)
	at org.codehaus.groovy.reflection.CachedMethod.invoke(CachedMethod.java:107)
	at groovy.lang.MetaMethod.doMethodInvoke(MetaMethod.java:323)
	at org.codehaus.groovy.runtime.metaclass.ClosureMetaClass.invokeMethod(ClosureMetaClass.java:274)
	at groovy.lang.MetaClassImpl.invokeMethod(MetaClassImpl.java:1030)
	at groovy.lang.Closure.call(Closure.java:427)
	at groovy.lang.Closure.call(Closure.java:416)
	at grails.gorm.multitenancy.Tenants$_withId_closure2$_closure6.doCall(Tenants.groovy:265)
	at grails.gorm.multitenancy.Tenants$_withId_closure2$_closure6.call(Tenants.groovy)
	at org.grails.orm.hibernate.GrailsHibernateTemplate.doExecute(GrailsHibernateTemplate.java:297)
	at org.grails.orm.hibernate.GrailsHibernateTemplate.execute(GrailsHibernateTemplate.java:241)
	at org.grails.orm.hibernate.GrailsHibernateTemplate.executeWithNewSession(GrailsHibernateTemplate.java:153)
	at org.grails.orm.hibernate.GrailsHibernateTemplate.executeWithExistingOrCreateNewSession(GrailsHibernateTemplate.java:207)
	at org.grails.orm.hibernate.AbstractHibernateDatastore.withNewSession(AbstractHibernateDatastore.java:369)
	at grails.gorm.multitenancy.Tenants$_withId_closure2.doCall(Tenants.groovy:258)
	at grails.gorm.multitenancy.Tenants$_withId_closure2.call(Tenants.groovy)
	at grails.gorm.multitenancy.Tenants$CurrentTenant.withTenant(Tenants.groovy:358)
	at grails.gorm.multitenancy.Tenants.withId(Tenants.groovy:236)
	at org.grails.datastore.gorm.services.DefaultTenantService.withCurrent(DefaultTenantService.groovy:71)
	at com.k_int.web.toolkit.rest.TenantAwareRestfulController.save(TenantAwareRestfulController.groovy)
	at org.grails.core.DefaultGrailsControllerClass$MethodHandleInvoker.invoke(DefaultGrailsControllerClass.java:223)
	at org.grails.core.DefaultGrailsControllerClass.invoke(DefaultGrailsControllerClass.java:188)
	at org.grails.web.mapping.mvc.UrlMappingsInfoHandlerAdapter.handle(UrlMappingsInfoHandlerAdapter.groovy:90)
	at org.springframework.web.servlet.DispatcherServlet.doDispatch(DispatcherServlet.java:1072)
	at org.springframework.web.servlet.DispatcherServlet.doService(DispatcherServlet.java:965)
	at org.springframework.web.servlet.FrameworkServlet.processRequest(FrameworkServlet.java:1006)
	at org.springframework.web.servlet.FrameworkServlet.doPost(FrameworkServlet.java:909)
	at javax.servlet.http.HttpServlet.service(HttpServlet.java:665)
	at org.springframework.web.servlet.FrameworkServlet.service(FrameworkServlet.java:883)
	at javax.servlet.http.HttpServlet.service(HttpServlet.java:750)
	at io.undertow.servlet.handlers.ServletHandler.handleRequest(ServletHandler.java:74)
	at io.undertow.servlet.handlers.FilterHandler$FilterChainImpl.doFilter(FilterHandler.java:129)
	at org.springframework.security.web.FilterChainProxy$VirtualFilterChain.doFilter(FilterChainProxy.java:352)
	at org.springframework.security.web.access.intercept.FilterSecurityInterceptor.invoke(FilterSecurityInterceptor.java:117)
	at org.springframework.security.web.access.intercept.FilterSecurityInterceptor.doFilter(FilterSecurityInterceptor.java:83)
	at org.springframework.security.web.FilterChainProxy$VirtualFilterChain.doFilter(FilterChainProxy.java:361)
	at org.springframework.security.web.access.ExceptionTranslationFilter.doFilter(ExceptionTranslationFilter.java:126)
	at org.springframework.security.web.access.ExceptionTranslationFilter.doFilter(ExceptionTranslationFilter.java:120)
	at grails.plugin.springsecurity.web.UpdateRequestContextHolderExceptionTranslationFilter.doFilter(UpdateRequestContextHolderExceptionTranslationFilter.groovy:64)
	at org.springframework.security.web.FilterChainProxy$VirtualFilterChain.doFilter(FilterChainProxy.java:361)
	at org.springframework.web.filter.FormContentFilter.doFilterInternal(FormContentFilter.java:93)
	at org.springframework.web.filter.OncePerRequestFilter.doFilter(OncePerRequestFilter.java:117)
	at org.springframework.security.web.FilterChainProxy$VirtualFilterChain.doFilter(FilterChainProxy.java:361)
	at grails.plugin.springsecurity.web.filter.GrailsAnonymousAuthenticationFilter.doFilter(GrailsAnonymousAuthenticationFilter.groovy:52)
	at org.springframework.security.web.FilterChainProxy$VirtualFilterChain.doFilter(FilterChainProxy.java:361)
	at org.springframework.security.web.servletapi.SecurityContextHolderAwareRequestFilter.doFilter(SecurityContextHolderAwareRequestFilter.java:164)
	at org.springframework.security.web.FilterChainProxy$VirtualFilterChain.doFilter(FilterChainProxy.java:361)
	at org.springframework.security.web.authentication.AbstractAuthenticationProcessingFilter.doFilter(AbstractAuthenticationProcessingFilter.java:227)
	at org.springframework.security.web.authentication.AbstractAuthenticationProcessingFilter.doFilter(AbstractAuthenticationProcessingFilter.java:221)
	at org.springframework.security.web.FilterChainProxy$VirtualFilterChain.doFilter(FilterChainProxy.java:361)
	at grails.plugin.springsecurity.web.authentication.logout.MutableLogoutFilter.doFilter(MutableLogoutFilter.groovy:62)
	at org.springframework.security.web.FilterChainProxy$VirtualFilterChain.doFilter(FilterChainProxy.java:361)
	at grails.plugin.springsecurity.web.SecurityRequestHolderFilter.doFilter(SecurityRequestHolderFilter.groovy:58)
	at org.springframework.security.web.FilterChainProxy$VirtualFilterChain.doFilter(FilterChainProxy.java:361)
	at javax.servlet.FilterChain$doFilter.call(Unknown Source)
	at com.k_int.okapi.springsecurity.OkapiAuthenticationFilter.successfulAuthentication(OkapiAuthenticationFilter.groovy:127)
	at org.springframework.security.web.authentication.AbstractAuthenticationProcessingFilter.doFilter(AbstractAuthenticationProcessingFilter.java:241)
	at org.springframework.security.web.authentication.AbstractAuthenticationProcessingFilter.doFilter(AbstractAuthenticationProcessingFilter.java:221)
	at org.springframework.security.web.FilterChainProxy$VirtualFilterChain.doFilter(FilterChainProxy.java:361)
	at org.springframework.security.web.FilterChainProxy.doFilterInternal(FilterChainProxy.java:225)
	at org.springframework.security.web.FilterChainProxy.doFilter(FilterChainProxy.java:190)
	at io.undertow.servlet.core.ManagedFilter.doFilter(ManagedFilter.java:67)
	at io.undertow.servlet.handlers.FilterHandler$FilterChainImpl.doFilter(FilterHandler.java:131)
	at org.grails.web.servlet.mvc.GrailsWebRequestFilter.doFilterInternal(GrailsWebRequestFilter.java:77)
	at org.springframework.web.filter.OncePerRequestFilter.doFilter(OncePerRequestFilter.java:117)
	at io.undertow.servlet.core.ManagedFilter.doFilter(ManagedFilter.java:67)
	at io.undertow.servlet.handlers.FilterHandler$FilterChainImpl.doFilter(FilterHandler.java:131)
	at org.grails.web.filters.HiddenHttpMethodFilter.doFilterInternal(HiddenHttpMethodFilter.java:67)
	at org.springframework.web.filter.OncePerRequestFilter.doFilter(OncePerRequestFilter.java:117)
	at io.undertow.servlet.core.ManagedFilter.doFilter(ManagedFilter.java:67)
	at io.undertow.servlet.handlers.FilterHandler$FilterChainImpl.doFilter(FilterHandler.java:131)
	at org.springframework.web.filter.CharacterEncodingFilter.doFilterInternal(CharacterEncodingFilter.java:201)
	at org.springframework.web.filter.OncePerRequestFilter.doFilter(OncePerRequestFilter.java:117)
	at io.undertow.servlet.core.ManagedFilter.doFilter(ManagedFilter.java:67)
	at io.undertow.servlet.handlers.FilterHandler$FilterChainImpl.doFilter(FilterHandler.java:131)
	at org.springframework.boot.actuate.metrics.web.servlet.WebMvcMetricsFilter.doFilterInternal(WebMvcMetricsFilter.java:96)
	at org.springframework.web.filter.OncePerRequestFilter.doFilter(OncePerRequestFilter.java:117)
	at io.undertow.servlet.core.ManagedFilter.doFilter(ManagedFilter.java:67)
	at io.undertow.servlet.handlers.FilterHandler$FilterChainImpl.doFilter(FilterHandler.java:131)
	at org.springframework.web.filter.CorsFilter.doFilterInternal(CorsFilter.java:91)
	at org.springframework.web.filter.OncePerRequestFilter.doFilter(OncePerRequestFilter.java:117)
	at io.undertow.servlet.core.ManagedFilter.doFilter(ManagedFilter.java:67)
	at io.undertow.servlet.handlers.FilterHandler$FilterChainImpl.doFilter(FilterHandler.java:131)
	at io.undertow.servlet.handlers.FilterHandler.handleRequest(FilterHandler.java:84)
	at io.undertow.servlet.handlers.security.ServletSecurityRoleHandler.handleRequest(ServletSecurityRoleHandler.java:62)
	at io.undertow.servlet.handlers.ServletChain$1.handleRequest(ServletChain.java:68)
	at io.undertow.servlet.handlers.ServletDispatchingHandler.handleRequest(ServletDispatchingHandler.java:36)
	at io.undertow.servlet.handlers.RedirectDirHandler.handleRequest(RedirectDirHandler.java:68)
	at io.undertow.servlet.handlers.security.SSLInformationAssociationHandler.handleRequest(SSLInformationAssociationHandler.java:117)
	at io.undertow.servlet.handlers.security.ServletAuthenticationCallHandler.handleRequest(ServletAuthenticationCallHandler.java:57)
	at io.undertow.server.handlers.PredicateHandler.handleRequest(PredicateHandler.java:43)
	at io.undertow.security.handlers.AbstractConfidentialityHandler.handleRequest(AbstractConfidentialityHandler.java:46)
	at io.undertow.servlet.handlers.security.ServletConfidentialityConstraintHandler.handleRequest(ServletConfidentialityConstraintHandler.java:64)
	at io.undertow.security.handlers.AuthenticationMechanismsHandler.handleRequest(AuthenticationMechanismsHandler.java:60)
	at io.undertow.servlet.handlers.security.CachedAuthenticatedSessionHandler.handleRequest(CachedAuthenticatedSessionHandler.java:75)
	at io.undertow.security.handlers.AbstractSecurityContextAssociationHandler.handleRequest(AbstractSecurityContextAssociationHandler.java:43)
	at io.undertow.server.handlers.PredicateHandler.handleRequest(PredicateHandler.java:43)
	at io.undertow.servlet.handlers.SendErrorPageHandler.handleRequest(SendErrorPageHandler.java:52)
	at io.undertow.server.handlers.PredicateHandler.handleRequest(PredicateHandler.java:43)
	at io.undertow.servlet.handlers.ServletInitialHandler.handleFirstRequest(ServletInitialHandler.java:270)
	at io.undertow.servlet.handlers.ServletInitialHandler.access$000(ServletInitialHandler.java:78)
	at io.undertow.servlet.handlers.ServletInitialHandler$1.call(ServletInitialHandler.java:129)
	at io.undertow.servlet.handlers.ServletInitialHandler$1.call(ServletInitialHandler.java:126)
	at io.undertow.servlet.core.ServletRequestContextThreadSetupAction$1.call(ServletRequestContextThreadSetupAction.java:48)
	at io.undertow.servlet.core.ContextClassLoaderSetupAction$1.call(ContextClassLoaderSetupAction.java:43)
	at io.undertow.servlet.handlers.ServletInitialHandler.dispatchRequest(ServletInitialHandler.java:250)
	at io.undertow.servlet.handlers.ServletInitialHandler.lambda$new$1(ServletInitialHandler.java:98)
	at io.undertow.server.Connectors.executeRootHandler(Connectors.java:395)
	at io.undertow.server.HttpServerExchange$1.run(HttpServerExchange.java:931)
	at org.jboss.threads.ContextHandler$1.runWith(ContextHandler.java:18)
	at org.jboss.threads.EnhancedQueueExecutor$Task.run(EnhancedQueueExecutor.java:2513)
	at org.jboss.threads.EnhancedQueueExecutor$ThreadBody.run(EnhancedQueueExecutor.java:1538)
	at org.xnio.XnioWorker$WorkerThreadFactory$1$1.run(XnioWorker.java:1282)
	at java.base/java.lang.Thread.run(Thread.java:840)
Caused by: org.grails.web.json.JSONException: Expected a ',' or '}' at character 16 of {"code":"broken"
	at org.grails.web.json.JSONTokener.syntaxError(JSONTokener.java:481)
	at org.grails.web.json.JSONObject.<init>(JSONObject.java:192)
	at org.grails.web.json.JSONTokener.nextValue(JSONTokener.java:329)
	at grails.converters.JSON.parse(JSON.java:251)
	... 240 common frames omitted

2026-07-21 07:21:14.120  ERROR  --- [  XNIO-1 task-2] StackTrace                               : Full Stack Trace:

org.grails.web.json.JSONException: Expected a ',' or '}' at character 16 of {"code":"broken"
	at org.grails.web.json.JSONTokener.syntaxError(JSONTokener.java:481)
	at org.grails.web.json.JSONObject.<init>(JSONObject.java:192)
	at org.grails.web.json.JSONTokener.nextValue(JSONTokener.java:329)
	at grails.converters.JSON.parse(JSON.java:251)
	at grails.converters.JSON.parse(JSON.java:273)
	at grails.converters.JSON.parse(JSON.java:307)
	at org.grails.web.converters.ConvertersExtension.getJSON(ConvertersExtension.groovy:42)
	at java.base/jdk.internal.reflect.NativeMethodAccessorImpl.invoke0(Native Method)
	at java.base/jdk.internal.reflect.NativeMethodAccessorImpl.invoke(NativeMethodAccessorImpl.java:77)
	at java.base/jdk.internal.reflect.DelegatingMethodAccessorImpl.invoke(DelegatingMethodAccessorImpl.java:43)
	at java.base/java.lang.reflect.Method.invoke(Method.java:569)
	at org.codehaus.groovy.runtime.metaclass.ReflectionMetaMethod.invoke(ReflectionMetaMethod.java:54)
	at org.codehaus.groovy.runtime.metaclass.NewInstanceMetaMethod.invoke(NewInstanceMetaMethod.java:54)
	at groovy.lang.MetaMethod.doMethodInvoke(MetaMethod.java:323)
	at org.codehaus.groovy.runtime.metaclass.MethodMetaProperty$GetBeanMethodMetaProperty.getProperty(MethodMetaProperty.java:76)
	at org.codehaus.groovy.runtime.callsite.GetEffectivePojoPropertySite.getProperty(GetEffectivePojoPropertySite.java:63)
	at org.codehaus.groovy.runtime.callsite.AbstractCallSite.callGetProperty(AbstractCallSite.java:329)
	at com.k_int.okapi.OkapiTenantAwareController.$mt__okapiTenantAwareController_getObjectToBind(OkapiTenantAwareController.groovy:29)
	at java.base/jdk.internal.reflect.NativeMethodAccessorImpl.invoke0(Native Method)
	at java.base/jdk.internal.reflect.NativeMethodAccessorImpl.invoke(NativeMethodAccessorImpl.java:77)
	at java.base/jdk.internal.reflect.DelegatingMethodAccessorImpl.invoke(DelegatingMethodAccessorImpl.java:43)
	at java.base/java.lang.reflect.Method.invoke(Method.java:569)
	at org.codehaus.groovy.reflection.CachedMethod.invoke(CachedMethod.java:107)
	at groovy.lang.MetaMethod.doMethodInvoke(MetaMethod.java:323)
	at groovy.lang.MetaClassImpl.invokeMethod(MetaClassImpl.java:1254)
	at groovy.lang.MetaClassImpl.invokeMethod(MetaClassImpl.java:1030)
	at org.codehaus.groovy.runtime.InvokerHelper.invokePogoMethod(InvokerHelper.java:1059)
	at org.codehaus.groovy.runtime.InvokerHelper.invokeMethod(InvokerHelper.java:1042)
	at org.codehaus.groovy.runtime.InvokerHelper.invokeMethodSafe(InvokerHelper.java:97)
	at com.k_int.okapi.OkapiTenantAwareController$_getObjectToBind_closure1.doCall(OkapiTenantAwareController.groovy)
	at java.base/jdk.internal.reflect.NativeMethodAccessorImpl.invoke0(Native Method)
	at java.base/jdk.internal.reflect.NativeMethodAccessorImpl.invoke(NativeMethodAccessorImpl.java:77)
	at java.base/jdk.internal.reflect.DelegatingMethodAccessorImpl.invoke(DelegatingMethodAccessorImpl.java:43)
	at java.base/java.lang.reflect.Method.invoke(Method.java:569)
	at org.codehaus.groovy.reflection.CachedMethod.invoke(CachedMethod.java:107)
	at groovy.lang.MetaMethod.doMethodInvoke(MetaMethod.java:323)
	at org.codehaus.groovy.runtime.metaclass.ClosureMetaClass.invokeMethod(ClosureMetaClass.java:274)
	at groovy.lang.MetaClassImpl.invokeMethod(MetaClassImpl.java:1030)
	at groovy.lang.Closure.call(Closure.java:427)
	at groovy.lang.Closure.call(Closure.java:416)
	at grails.gorm.multitenancy.Tenants$_withId_closure2$_closure6.doCall(Tenants.groovy:265)
	at grails.gorm.multitenancy.Tenants$_withId_closure2$_closure6.call(Tenants.groovy)
	at org.grails.orm.hibernate.GrailsHibernateTemplate.executeWithExistingOrCreateNewSession(GrailsHibernateTemplate.java:210)
	at org.grails.orm.hibernate.AbstractHibernateDatastore.withNewSession(AbstractHibernateDatastore.java:369)
	at grails.gorm.multitenancy.Tenants$_withId_closure2.doCall(Tenants.groovy:258)
	at grails.gorm.multitenancy.Tenants$_withId_closure2.call(Tenants.groovy)
	at grails.gorm.multitenancy.Tenants$CurrentTenant.withTenant(Tenants.groovy:358)
	at grails.gorm.multitenancy.Tenants.withId(Tenants.groovy:236)
	at org.grails.datastore.gorm.services.DefaultTenantService.withCurrent(DefaultTenantService.groovy:71)
	at com.k_int.okapi.OkapiTenantAwareController.getObjectToBind(OkapiTenantAwareController.groovy)
	at grails.rest.RestfulController.createResource(RestfulController.groovy:258)
	at com.k_int.web.toolkit.rest.TenantAwareRestfulController.super$2$createResource(TenantAwareRestfulController.groovy)
	at java.base/jdk.internal.reflect.NativeMethodAccessorImpl.invoke0(Native Method)
	at java.base/jdk.internal.reflect.NativeMethodAccessorImpl.invoke(NativeMethodAccessorImpl.java:77)
	at java.base/jdk.internal.reflect.DelegatingMethodAccessorImpl.invoke(DelegatingMethodAccessorImpl.java:43)
	at java.base/java.lang.reflect.Method.invoke(Method.java:569)
	at org.codehaus.groovy.reflection.CachedMethod.invoke(CachedMethod.java:107)
	at groovy.lang.MetaMethod.doMethodInvoke(MetaMethod.java:323)
	at groovy.lang.MetaClassImpl.invokeMethod(MetaClassImpl.java:1254)
	at org.codehaus.groovy.runtime.ScriptBytecodeAdapter.invokeMethodOnSuperN(ScriptBytecodeAdapter.java:144)
	at org.codehaus.groovy.runtime.ScriptBytecodeAdapter.invokeMethodOnSuper0(ScriptBytecodeAdapter.java:164)
	at com.k_int.web.toolkit.rest.TenantAwareRestfulController.createResource(TenantAwareRestfulController.groovy:72)
	at grails.rest.RestfulController.$tt__save(RestfulController.groovy:93)
	at java.base/jdk.internal.reflect.NativeMethodAccessorImpl.invoke0(Native Method)
	at java.base/jdk.internal.reflect.NativeMethodAccessorImpl.invoke(NativeMethodAccessorImpl.java:77)
	at java.base/jdk.internal.reflect.DelegatingMethodAccessorImpl.invoke(DelegatingMethodAccessorImpl.java:43)
	at java.base/java.lang.reflect.Method.invoke(Method.java:569)
	at org.codehaus.groovy.reflection.CachedMethod.invoke(CachedMethod.java:107)
	at groovy.lang.MetaMethod.doMethodInvoke(MetaMethod.java:323)
	at groovy.lang.MetaClassImpl.invokeMethod(MetaClassImpl.java:1254)
	at groovy.lang.MetaClassImpl.invokeMethod(MetaClassImpl.java:1030)
	at org.codehaus.groovy.runtime.InvokerHelper.invokePogoMethod(InvokerHelper.java:1059)
	at org.codehaus.groovy.runtime.InvokerHelper.invokeMethod(InvokerHelper.java:1042)
	at org.codehaus.groovy.runtime.InvokerHelper.invokeMethodSafe(InvokerHelper.java:97)
	at grails.rest.RestfulController$_save_closure3.doCall(RestfulController.groovy)
	at java.base/jdk.internal.reflect.NativeMethodAccessorImpl.invoke0(Native Method)
	at java.base/jdk.internal.reflect.NativeMethodAccessorImpl.invoke(NativeMethodAccessorImpl.java:77)
	at java.base/jdk.internal.reflect.DelegatingMethodAccessorImpl.invoke(DelegatingMethodAccessorImpl.java:43)
	at java.base/java.lang.reflect.Method.invoke(Method.java:569)
	at org.codehaus.groovy.reflection.CachedMethod.invoke(CachedMethod.java:107)
	at groovy.lang.MetaMethod.doMethodInvoke(MetaMethod.java:323)
	at org.codehaus.groovy.runtime.metaclass.ClosureMetaClass.invokeMethod(ClosureMetaClass.java:274)
	at groovy.lang.MetaClassImpl.invokeMethod(MetaClassImpl.java:1030)
	at groovy.lang.Closure.call(Closure.java:427)
	at groovy.lang.Closure.call(Closure.java:416)
	at grails.gorm.transactions.GrailsTransactionTemplate$2.doInTransaction(GrailsTransactionTemplate.groovy:94)
	at org.springframework.transaction.support.TransactionTemplate.execute(TransactionTemplate.java:140)
	at grails.gorm.transactions.GrailsTransactionTemplate.execute(GrailsTransactionTemplate.groovy:91)
	at grails.rest.RestfulController.save(RestfulController.groovy)
	at com.k_int.web.toolkit.rest.TenantAwareRestfulController.super$2$save(TenantAwareRestfulController.groovy)
	at java.base/jdk.internal.reflect.NativeMethodAccessorImpl.invoke0(Native Method)
	at java.base/jdk.internal.reflect.NativeMethodAccessorImpl.invoke(NativeMethodAccessorImpl.java:77)
	at java.base/jdk.internal.reflect.DelegatingMethodAccessorImpl.invoke(DelegatingMethodAccessorImpl.java:43)
	at java.base/java.lang.reflect.Method.invoke(Method.java:569)
	at org.codehaus.groovy.reflection.CachedMethod.invoke(CachedMethod.java:107)
	at groovy.lang.MetaMethod.doMethodInvoke(MetaMethod.java:323)
	at groovy.lang.MetaClassImpl.invokeMethod(MetaClassImpl.java:1254)
	at org.codehaus.groovy.runtime.ScriptBytecodeAdapter.invokeMethodOnSuperN(ScriptBytecodeAdapter.java:144)
	at org.codehaus.groovy.runtime.ScriptBytecodeAdapter.invokeMethodOnSuper0(ScriptBytecodeAdapter.java:164)
	at com.k_int.web.toolkit.rest.TenantAwareRestfulController.$tt__tenantAwareRestfulController_save(TenantAwareRestfulController.groovy:42)
	at com.k_int.web.toolkit.rest.TenantAwareRestfulController$__mt__tenantAwareRestfulController_save_closure13.doCall(TenantAwareRestfulController.groovy)
	at java.base/jdk.internal.reflect.NativeMethodAccessorImpl.invoke0(Native Method)
	at java.base/jdk.internal.reflect.NativeMethodAccessorImpl.invoke(NativeMethodAccessorImpl.java:77)
	at java.base/jdk.internal.reflect.DelegatingMethodAccessorImpl.invoke(DelegatingMethodAccessorImpl.java:43)
	at java.base/java.lang.reflect.Method.invoke(Method.java:569)
	at org.codehaus.groovy.reflection.CachedMethod.invoke(CachedMethod.java:107)
	at groovy.lang.MetaMethod.doMethodInvoke(MetaMethod.java:323)
	at org.codehaus.groovy.runtime.metaclass.ClosureMetaClass.invokeMethod(ClosureMetaClass.java:274)
	at groovy.lang.MetaClassImpl.invokeMethod(MetaClassImpl.java:1030)
	at groovy.lang.Closure.call(Closure.java:427)
	at groovy.lang.Closure.call(Closure.java:416)
	at grails.gorm.transactions.GrailsTransactionTemplate$2.doInTransaction(GrailsTransactionTemplate.groovy:94)
	at org.springframework.transaction.support.TransactionTemplate.execute(TransactionTemplate.java:140)
	at grails.gorm.transactions.GrailsTransactionTemplate.execute(GrailsTransactionTemplate.groovy:91)
	at com.k_int.web.toolkit.rest.TenantAwareRestfulController.$mt__tenantAwareRestfulController_save(TenantAwareRestfulController.groovy)
	at java.base/jdk.internal.reflect.NativeMethodAccessorImpl.invoke0(Native Method)
	at java.base/jdk.internal.reflect.NativeMethodAccessorImpl.invoke(NativeMethodAccessorImpl.java:77)
	at java.base/jdk.internal.reflect.DelegatingMethodAccessorImpl.invoke(DelegatingMethodAccessorImpl.java:43)
	at java.base/java.lang.reflect.Method.invoke(Method.java:569)
	at org.codehaus.groovy.reflection.CachedMethod.invoke(CachedMethod.java:107)
	at groovy.lang.MetaMethod.doMethodInvoke(MetaMethod.java:323)
	at groovy.lang.MetaClassImpl.invokeMethod(MetaClassImpl.java:1254)
	at groovy.lang.MetaClassImpl.invokeMethod(MetaClassImpl.java:1030)
	at org.codehaus.groovy.runtime.InvokerHelper.invokePogoMethod(InvokerHelper.java:1059)
	at org.codehaus.groovy.runtime.InvokerHelper.invokeMethod(InvokerHelper.java:1042)
	at org.codehaus.groovy.runtime.InvokerHelper.invokeMethodSafe(InvokerHelper.java:97)
	at com.k_int.web.toolkit.rest.TenantAwareRestfulController$_save_closure4.doCall(TenantAwareRestfulController.groovy)
	at java.base/jdk.internal.reflect.NativeMethodAccessorImpl.invoke0(Native Method)
	at java.base/jdk.internal.reflect.NativeMethodAccessorImpl.invoke(NativeMethodAccessorImpl.java:77)
	at java.base/jdk.internal.reflect.DelegatingMethodAccessorImpl.invoke(DelegatingMethodAccessorImpl.java:43)
	at java.base/java.lang.reflect.Method.invoke(Method.java:569)
	at org.codehaus.groovy.reflection.CachedMethod.invoke(CachedMethod.java:107)
	at groovy.lang.MetaMethod.doMethodInvoke(MetaMethod.java:323)
	at org.codehaus.groovy.runtime.metaclass.ClosureMetaClass.invokeMethod(ClosureMetaClass.java:274)
	at groovy.lang.MetaClassImpl.invokeMethod(MetaClassImpl.java:1030)
	at groovy.lang.Closure.call(Closure.java:427)
	at groovy.lang.Closure.call(Closure.java:416)
	at grails.gorm.multitenancy.Tenants$_withId_closure2$_closure6.doCall(Tenants.groovy:265)
	at grails.gorm.multitenancy.Tenants$_withId_closure2$_closure6.call(Tenants.groovy)
	at org.grails.orm.hibernate.GrailsHibernateTemplate.doExecute(GrailsHibernateTemplate.java:297)
	at org.grails.orm.hibernate.GrailsHibernateTemplate.execute(GrailsHibernateTemplate.java:241)
	at org.grails.orm.hibernate.GrailsHibernateTemplate.executeWithNewSession(GrailsHibernateTemplate.java:153)
	at org.grails.orm.hibernate.GrailsHibernateTemplate.executeWithExistingOrCreateNewSession(GrailsHibernateTemplate.java:207)
	at org.grails.orm.hibernate.AbstractHibernateDatastore.withNewSession(AbstractHibernateDatastore.java:369)
	at grails.gorm.multitenancy.Tenants$_withId_closure2.doCall(Tenants.groovy:258)
	at grails.gorm.multitenancy.Tenants$_withId_closure2.call(Tenants.groovy)
	at grails.gorm.multitenancy.Tenants$CurrentTenant.withTenant(Tenants.groovy:358)
	at grails.gorm.multitenancy.Tenants.withId(Tenants.groovy:236)
	at org.grails.datastore.gorm.services.DefaultTenantService.withCurrent(DefaultTenantService.groovy:71)
	at com.k_int.web.toolkit.rest.TenantAwareRestfulController.save(TenantAwareRestfulController.groovy)
	at org.grails.core.DefaultGrailsControllerClass$MethodHandleInvoker.invoke(DefaultGrailsControllerClass.java:223)
	at org.grails.core.DefaultGrailsControllerClass.invoke(DefaultGrailsControllerClass.java:188)
	at org.grails.web.mapping.mvc.UrlMappingsInfoHandlerAdapter.handle(UrlMappingsInfoHandlerAdapter.groovy:90)
	at org.springframework.web.servlet.DispatcherServlet.doDispatch(DispatcherServlet.java:1072)
	at org.springframework.web.servlet.DispatcherServlet.doService(DispatcherServlet.java:965)
	at org.springframework.web.servlet.FrameworkServlet.processRequest(FrameworkServlet.java:1006)
	at org.springframework.web.servlet.FrameworkServlet.doPost(FrameworkServlet.java:909)
	at javax.servlet.http.HttpServlet.service(HttpServlet.java:665)
	at org.springframework.web.servlet.FrameworkServlet.service(FrameworkServlet.java:883)
	at javax.servlet.http.HttpServlet.service(HttpServlet.java:750)
	at io.undertow.servlet.handlers.ServletHandler.handleRequest(ServletHandler.java:74)
	at io.undertow.servlet.handlers.FilterHandler$FilterChainImpl.doFilter(FilterHandler.java:129)
	at org.springframework.security.web.FilterChainProxy$VirtualFilterChain.doFilter(FilterChainProxy.java:352)
	at org.springframework.security.web.access.intercept.FilterSecurityInterceptor.invoke(FilterSecurityInterceptor.java:117)
	at org.springframework.security.web.access.intercept.FilterSecurityInterceptor.doFilter(FilterSecurityInterceptor.java:83)
	at org.springframework.security.web.FilterChainProxy$VirtualFilterChain.doFilter(FilterChainProxy.java:361)
	at org.springframework.security.web.access.ExceptionTranslationFilter.doFilter(ExceptionTranslationFilter.java:126)
	at org.springframework.security.web.access.ExceptionTranslationFilter.doFilter(ExceptionTranslationFilter.java:120)
	at grails.plugin.springsecurity.web.UpdateRequestContextHolderExceptionTranslationFilter.doFilter(UpdateRequestContextHolderExceptionTranslationFilter.groovy:64)
	at org.springframework.security.web.FilterChainProxy$VirtualFilterChain.doFilter(FilterChainProxy.java:361)
	at org.springframework.web.filter.FormContentFilter.doFilterInternal(FormContentFilter.java:93)
	at org.springframework.web.filter.OncePerRequestFilter.doFilter(OncePerRequestFilter.java:117)
	at org.springframework.security.web.FilterChainProxy$VirtualFilterChain.doFilter(FilterChainProxy.java:361)
	at grails.plugin.springsecurity.web.filter.GrailsAnonymousAuthenticationFilter.doFilter(GrailsAnonymousAuthenticationFilter.groovy:52)
	at org.springframework.security.web.FilterChainProxy$VirtualFilterChain.doFilter(FilterChainProxy.java:361)
	at org.springframework.security.web.servletapi.SecurityContextHolderAwareRequestFilter.doFilter(SecurityContextHolderAwareRequestFilter.java:164)
	at org.springframework.security.web.FilterChainProxy$VirtualFilterChain.doFilter(FilterChainProxy.java:361)
	at org.springframework.security.web.authentication.AbstractAuthenticationProcessingFilter.doFilter(AbstractAuthenticationProcessingFilter.java:227)
	at org.springframework.security.web.authentication.AbstractAuthenticationProcessingFilter.doFilter(AbstractAuthenticationProcessingFilter.java:221)
	at org.springframework.security.web.FilterChainProxy$VirtualFilterChain.doFilter(FilterChainProxy.java:361)
	at grails.plugin.springsecurity.web.authentication.logout.MutableLogoutFilter.doFilter(MutableLogoutFilter.groovy:62)
	at org.springframework.security.web.FilterChainProxy$VirtualFilterChain.doFilter(FilterChainProxy.java:361)
	at grails.plugin.springsecurity.web.SecurityRequestHolderFilter.doFilter(SecurityRequestHolderFilter.groovy:58)
	at org.springframework.security.web.FilterChainProxy$VirtualFilterChain.doFilter(FilterChainProxy.java:361)
	at javax.servlet.FilterChain$doFilter.call(Unknown Source)
	at com.k_int.okapi.springsecurity.OkapiAuthenticationFilter.successfulAuthentication(OkapiAuthenticationFilter.groovy:127)
	at org.springframework.security.web.authentication.AbstractAuthenticationProcessingFilter.doFilter(AbstractAuthenticationProcessingFilter.java:241)
	at org.springframework.security.web.authentication.AbstractAuthenticationProcessingFilter.doFilter(AbstractAuthenticationProcessingFilter.java:221)
	at org.springframework.security.web.FilterChainProxy$VirtualFilterChain.doFilter(FilterChainProxy.java:361)
	at org.springframework.security.web.FilterChainProxy.doFilterInternal(FilterChainProxy.java:225)
	at org.springframework.security.web.FilterChainProxy.doFilter(FilterChainProxy.java:190)
	at io.undertow.servlet.core.ManagedFilter.doFilter(ManagedFilter.java:67)
	at io.undertow.servlet.handlers.FilterHandler$FilterChainImpl.doFilter(FilterHandler.java:131)
	at org.grails.web.servlet.mvc.GrailsWebRequestFilter.doFilterInternal(GrailsWebRequestFilter.java:77)
	at org.springframework.web.filter.OncePerRequestFilter.doFilter(OncePerRequestFilter.java:117)
	at io.undertow.servlet.core.ManagedFilter.doFilter(ManagedFilter.java:67)
	at io.undertow.servlet.handlers.FilterHandler$FilterChainImpl.doFilter(FilterHandler.java:131)
	at org.grails.web.filters.HiddenHttpMethodFilter.doFilterInternal(HiddenHttpMethodFilter.java:67)
	at org.springframework.web.filter.OncePerRequestFilter.doFilter(OncePerRequestFilter.java:117)
	at io.undertow.servlet.core.ManagedFilter.doFilter(ManagedFilter.java:67)
	at io.undertow.servlet.handlers.FilterHandler$FilterChainImpl.doFilter(FilterHandler.java:131)
	at org.springframework.web.filter.CharacterEncodingFilter.doFilterInternal(CharacterEncodingFilter.java:201)
	at org.springframework.web.filter.OncePerRequestFilter.doFilter(OncePerRequestFilter.java:117)
	at io.undertow.servlet.core.ManagedFilter.doFilter(ManagedFilter.java:67)
	at io.undertow.servlet.handlers.FilterHandler$FilterChainImpl.doFilter(FilterHandler.java:131)
	at org.springframework.boot.actuate.metrics.web.servlet.WebMvcMetricsFilter.doFilterInternal(WebMvcMetricsFilter.java:96)
	at org.springframework.web.filter.OncePerRequestFilter.doFilter(OncePerRequestFilter.java:117)
	at io.undertow.servlet.core.ManagedFilter.doFilter(ManagedFilter.java:67)
	at io.undertow.servlet.handlers.FilterHandler$FilterChainImpl.doFilter(FilterHandler.java:131)
	at org.springframework.web.filter.CorsFilter.doFilterInternal(CorsFilter.java:91)
	at org.springframework.web.filter.OncePerRequestFilter.doFilter(OncePerRequestFilter.java:117)
	at io.undertow.servlet.core.ManagedFilter.doFilter(ManagedFilter.java:67)
	at io.undertow.servlet.handlers.FilterHandler$FilterChainImpl.doFilter(FilterHandler.java:131)
	at io.undertow.servlet.handlers.FilterHandler.handleRequest(FilterHandler.java:84)
	at io.undertow.servlet.handlers.security.ServletSecurityRoleHandler.handleRequest(ServletSecurityRoleHandler.java:62)
	at io.undertow.servlet.handlers.ServletChain$1.handleRequest(ServletChain.java:68)
	at io.undertow.servlet.handlers.ServletDispatchingHandler.handleRequest(ServletDispatchingHandler.java:36)
	at io.undertow.servlet.handlers.RedirectDirHandler.handleRequest(RedirectDirHandler.java:68)
	at io.undertow.servlet.handlers.security.SSLInformationAssociationHandler.handleRequest(SSLInformationAssociationHandler.java:117)
	at io.undertow.servlet.handlers.security.ServletAuthenticationCallHandler.handleRequest(ServletAuthenticationCallHandler.java:57)
	at io.undertow.server.handlers.PredicateHandler.handleRequest(PredicateHandler.java:43)
	at io.undertow.security.handlers.AbstractConfidentialityHandler.handleRequest(AbstractConfidentialityHandler.java:46)
	at io.undertow.servlet.handlers.security.ServletConfidentialityConstraintHandler.handleRequest(ServletConfidentialityConstraintHandler.java:64)
	at io.undertow.security.handlers.AuthenticationMechanismsHandler.handleRequest(AuthenticationMechanismsHandler.java:60)
	at io.undertow.servlet.handlers.security.CachedAuthenticatedSessionHandler.handleRequest(CachedAuthenticatedSessionHandler.java:75)
	at io.undertow.security.handlers.AbstractSecurityContextAssociationHandler.handleRequest(AbstractSecurityContextAssociationHandler.java:43)
	at io.undertow.server.handlers.PredicateHandler.handleRequest(PredicateHandler.java:43)
	at io.undertow.servlet.handlers.SendErrorPageHandler.handleRequest(SendErrorPageHandler.java:52)
	at io.undertow.server.handlers.PredicateHandler.handleRequest(PredicateHandler.java:43)
	at io.undertow.servlet.handlers.ServletInitialHandler.handleFirstRequest(ServletInitialHandler.java:270)
	at io.undertow.servlet.handlers.ServletInitialHandler.access$000(ServletInitialHandler.java:78)
	at io.undertow.servlet.handlers.ServletInitialHandler$1.call(ServletInitialHandler.java:129)
	at io.undertow.servlet.handlers.ServletInitialHandler$1.call(ServletInitialHandler.java:126)
	at io.undertow.servlet.core.ServletRequestContextThreadSetupAction$1.call(ServletRequestContextThreadSetupAction.java:48)
	at io.undertow.servlet.core.ContextClassLoaderSetupAction$1.call(ContextClassLoaderSetupAction.java:43)
	at io.undertow.servlet.handlers.ServletInitialHandler.dispatchRequest(ServletInitialHandler.java:250)
	at io.undertow.servlet.handlers.ServletInitialHandler.lambda$new$1(ServletInitialHandler.java:98)
	at io.undertow.server.Connectors.executeRootHandler(Connectors.java:395)
	at io.undertow.server.HttpServerExchange$1.run(HttpServerExchange.java:931)
	at org.jboss.threads.ContextHandler$1.runWith(ContextHandler.java:18)
	at org.jboss.threads.EnhancedQueueExecutor$Task.run(EnhancedQueueExecutor.java:2513)
	at org.jboss.threads.EnhancedQueueExecutor$ThreadBody.run(EnhancedQueueExecutor.java:1538)
	at org.xnio.XnioWorker$WorkerThreadFactory$1$1.run(XnioWorker.java:1282)
	at java.base/java.lang.Thread.run(Thread.java:840)

2026-07-21 07:21:14.120  ERROR  --- [  XNIO-1 task-2] StackTrace                               : Full Stack Trace:

org.grails.web.converters.exceptions.ConverterException: Error parsing JSON
	at grails.converters.JSON.parse(JSON.java:260)
	at grails.converters.JSON.parse(JSON.java:273)
	at grails.converters.JSON.parse(JSON.java:307)
	at org.grails.web.converters.ConvertersExtension.getJSON(ConvertersExtension.groovy:42)
	at java.base/jdk.internal.reflect.NativeMethodAccessorImpl.invoke(NativeMethodAccessorImpl.java:77)
	at java.base/jdk.internal.reflect.DelegatingMethodAccessorImpl.invoke(DelegatingMethodAccessorImpl.java:43)
	at com.k_int.okapi.OkapiTenantAwareController.$mt__okapiTenantAwareController_getObjectToBind(OkapiTenantAwareController.groovy:29)
	at java.base/jdk.internal.reflect.NativeMethodAccessorImpl.invoke(NativeMethodAccessorImpl.java:77)
	at java.base/jdk.internal.reflect.DelegatingMethodAccessorImpl.invoke(DelegatingMethodAccessorImpl.java:43)
	at java.base/jdk.internal.reflect.NativeMethodAccessorImpl.invoke(NativeMethodAccessorImpl.java:77)
	at java.base/jdk.internal.reflect.DelegatingMethodAccessorImpl.invoke(DelegatingMethodAccessorImpl.java:43)
	at grails.gorm.multitenancy.Tenants$_withId_closure2$_closure6.doCall(Tenants.groovy:265)
	at org.grails.orm.hibernate.GrailsHibernateTemplate.executeWithExistingOrCreateNewSession(GrailsHibernateTemplate.java:210)
	at org.grails.orm.hibernate.AbstractHibernateDatastore.withNewSession(AbstractHibernateDatastore.java:369)
	at grails.gorm.multitenancy.Tenants$_withId_closure2.doCall(Tenants.groovy:258)
	at grails.gorm.multitenancy.Tenants$CurrentTenant.withTenant(Tenants.groovy:358)
	at grails.gorm.multitenancy.Tenants.withId(Tenants.groovy:236)
	at org.grails.datastore.gorm.services.DefaultTenantService.withCurrent(DefaultTenantService.groovy:71)
	at grails.rest.RestfulController.createResource(RestfulController.groovy:258)
	at java.base/jdk.internal.reflect.NativeMethodAccessorImpl.invoke(NativeMethodAccessorImpl.java:77)
	at java.base/jdk.internal.reflect.DelegatingMethodAccessorImpl.invoke(DelegatingMethodAccessorImpl.java:43)
	at com.k_int.web.toolkit.rest.TenantAwareRestfulController.createResource(TenantAwareRestfulController.groovy:72)
	at grails.rest.RestfulController.$tt__save(RestfulController.groovy:93)
	at java.base/jdk.internal.reflect.NativeMethodAccessorImpl.invoke(NativeMethodAccessorImpl.java:77)
	at java.base/jdk.internal.reflect.DelegatingMethodAccessorImpl.invoke(DelegatingMethodAccessorImpl.java:43)
	at java.base/jdk.internal.reflect.NativeMethodAccessorImpl.invoke(NativeMethodAccessorImpl.java:77)
	at java.base/jdk.internal.reflect.DelegatingMethodAccessorImpl.invoke(DelegatingMethodAccessorImpl.java:43)
	at grails.gorm.transactions.GrailsTransactionTemplate$2.doInTransaction(GrailsTransactionTemplate.groovy:94)
	at org.springframework.transaction.support.TransactionTemplate.execute(TransactionTemplate.java:140)
	at grails.gorm.transactions.GrailsTransactionTemplate.execute(GrailsTransactionTemplate.groovy:91)
	at java.base/jdk.internal.reflect.NativeMethodAccessorImpl.invoke(NativeMethodAccessorImpl.java:77)
	at java.base/jdk.internal.reflect.DelegatingMethodAccessorImpl.invoke(DelegatingMethodAccessorImpl.java:43)
	at com.k_int.web.toolkit.rest.TenantAwareRestfulController.$tt__tenantAwareRestfulController_save(TenantAwareRestfulController.groovy:42)
	at java.base/jdk.internal.reflect.NativeMethodAccessorImpl.invoke(NativeMethodAccessorImpl.java:77)
	at java.base/jdk.internal.reflect.DelegatingMethodAccessorImpl.invoke(DelegatingMethodAccessorImpl.java:43)
	at grails.gorm.transactions.GrailsTransactionTemplate$2.doInTransaction(GrailsTransactionTemplate.groovy:94)
	at org.springframework.transaction.support.TransactionTemplate.execute(TransactionTemplate.java:140)
	at grails.gorm.transactions.GrailsTransactionTemplate.execute(GrailsTransactionTemplate.groovy:91)
	at java.base/jdk.internal.reflect.NativeMethodAccessorImpl.invoke(NativeMethodAccessorImpl.java:77)
	at java.base/jdk.internal.reflect.DelegatingMethodAccessorImpl.invoke(DelegatingMethodAccessorImpl.java:43)
	at java.base/jdk.internal.reflect.NativeMethodAccessorImpl.invoke(NativeMethodAccessorImpl.java:77)
	at java.base/jdk.internal.reflect.DelegatingMethodAccessorImpl.invoke(DelegatingMethodAccessorImpl.java:43)
	at grails.gorm.multitenancy.Tenants$_withId_closure2$_closure6.doCall(Tenants.groovy:265)
	at org.grails.orm.hibernate.GrailsHibernateTemplate.doExecute(GrailsHibernateTemplate.java:297)
	at org.grails.orm.hibernate.GrailsHibernateTemplate.execute(GrailsHibernateTemplate.java:241)
	at org.grails.orm.hibernate.GrailsHibernateTemplate.executeWithNewSession(GrailsHibernateTemplate.java:153)
	at org.grails.orm.hibernate.GrailsHibernateTemplate.executeWithExistingOrCreateNewSession(GrailsHibernateTemplate.java:207)
	at org.grails.orm.hibernate.AbstractHibernateDatastore.withNewSession(AbstractHibernateDatastore.java:369)
	at grails.gorm.multitenancy.Tenants$_withId_closure2.doCall(Tenants.groovy:258)
	at grails.gorm.multitenancy.Tenants$CurrentTenant.withTenant(Tenants.groovy:358)
	at grails.gorm.multitenancy.Tenants.withId(Tenants.groovy:236)
	at org.grails.datastore.gorm.services.DefaultTenantService.withCurrent(DefaultTenantService.groovy:71)
	at org.grails.core.DefaultGrailsControllerClass$MethodHandleInvoker.invoke(DefaultGrailsControllerClass.java:223)
	at org.grails.core.DefaultGrailsControllerClass.invoke(DefaultGrailsControllerClass.java:188)
	at org.grails.web.mapping.mvc.UrlMappingsInfoHandlerAdapter.handle(UrlMappingsInfoHandlerAdapter.groovy:90)
	at org.springframework.web.servlet.DispatcherServlet.doDispatch(DispatcherServlet.java:1072)
	at org.springframework.web.servlet.DispatcherServlet.doService(DispatcherServlet.java:965)
	at org.springframework.web.servlet.FrameworkServlet.processRequest(FrameworkServlet.java:1006)
	at org.springframework.web.servlet.FrameworkServlet.doPost(FrameworkServlet.java:909)
	at org.springframework.web.servlet.FrameworkServlet.service(FrameworkServlet.java:883)
	at io.undertow.servlet.handlers.ServletHandler.handleRequest(ServletHandler.java:74)
	at io.undertow.servlet.handlers.FilterHandler$FilterChainImpl.doFilter(FilterHandler.java:129)
	at org.springframework.security.web.FilterChainProxy$VirtualFilterChain.doFilter(FilterChainProxy.java:352)
	at org.springframework.security.web.access.intercept.FilterSecurityInterceptor.invoke(FilterSecurityInterceptor.java:117)
	at org.springframework.security.web.access.intercept.FilterSecurityInterceptor.doFilter(FilterSecurityInterceptor.java:83)
	at org.springframework.security.web.FilterChainProxy$VirtualFilterChain.doFilter(FilterChainProxy.java:361)
	at org.springframework.security.web.access.ExceptionTranslationFilter.doFilter(ExceptionTranslationFilter.java:126)
	at org.springframework.security.web.access.ExceptionTranslationFilter.doFilter(ExceptionTranslationFilter.java:120)
	at grails.plugin.springsecurity.web.UpdateRequestContextHolderExceptionTranslationFilter.doFilter(UpdateRequestContextHolderExceptionTranslationFilter.groovy:64)
	at org.springframework.security.web.FilterChainProxy$VirtualFilterChain.doFilter(FilterChainProxy.java:361)
	at org.springframework.security.web.FilterChainProxy$VirtualFilterChain.doFilter(FilterChainProxy.java:361)
	at grails.plugin.springsecurity.web.filter.GrailsAnonymousAuthenticationFilter.doFilter(GrailsAnonymousAuthenticationFilter.groovy:52)
	at org.springframework.security.web.FilterChainProxy$VirtualFilterChain.doFilter(FilterChainProxy.java:361)
	at org.springframework.security.web.servletapi.SecurityContextHolderAwareRequestFilter.doFilter(SecurityContextHolderAwareRequestFilter.java:164)
	at org.springframework.security.web.FilterChainProxy$VirtualFilterChain.doFilter(FilterChainProxy.java:361)
	at org.springframework.security.web.authentication.AbstractAuthenticationProcessingFilter.doFilter(AbstractAuthenticationProcessingFilter.java:227)
	at org.springframework.security.web.authentication.AbstractAuthenticationProcessingFilter.doFilter(AbstractAuthenticationProcessingFilter.java:221)
	at org.springframework.security.web.FilterChainProxy$VirtualFilterChain.doFilter(FilterChainProxy.java:361)
	at grails.plugin.springsecurity.web.authentication.logout.MutableLogoutFilter.doFilter(MutableLogoutFilter.groovy:62)
	at org.springframework.security.web.FilterChainProxy$VirtualFilterChain.doFilter(FilterChainProxy.java:361)
	at grails.plugin.springsecurity.web.SecurityRequestHolderFilter.doFilter(SecurityRequestHolderFilter.groovy:58)
	at org.springframework.security.web.FilterChainProxy$VirtualFilterChain.doFilter(FilterChainProxy.java:361)
	at com.k_int.okapi.springsecurity.OkapiAuthenticationFilter.successfulAuthentication(OkapiAuthenticationFilter.groovy:127)
	at org.springframework.security.web.authentication.AbstractAuthenticationProcessingFilter.doFilter(AbstractAuthenticationProcessingFilter.java:241)
	at org.springframework.security.web.authentication.AbstractAuthenticationProcessingFilter.doFilter(AbstractAuthenticationProcessingFilter.java:221)
	at org.springframework.security.web.FilterChainProxy$VirtualFilterChain.doFilter(FilterChainProxy.java:361)
	at org.springframework.security.web.FilterChainProxy.doFilterInternal(FilterChainProxy.java:225)
	at org.springframework.security.web.FilterChainProxy.doFilter(FilterChainProxy.java:190)
	at io.undertow.servlet.core.ManagedFilter.doFilter(ManagedFilter.java:67)
	at io.undertow.servlet.handlers.FilterHandler$FilterChainImpl.doFilter(FilterHandler.java:131)
	at org.grails.web.servlet.mvc.GrailsWebRequestFilter.doFilterInternal(GrailsWebRequestFilter.java:77)
	at io.undertow.servlet.core.ManagedFilter.doFilter(ManagedFilter.java:67)
	at io.undertow.servlet.handlers.FilterHandler$FilterChainImpl.doFilter(FilterHandler.java:131)
	at org.grails.web.filters.HiddenHttpMethodFilter.doFilterInternal(HiddenHttpMethodFilter.java:67)
	at io.undertow.servlet.core.ManagedFilter.doFilter(ManagedFilter.java:67)
	at io.undertow.servlet.handlers.FilterHandler$FilterChainImpl.doFilter(FilterHandler.java:131)
	at io.undertow.servlet.core.ManagedFilter.doFilter(ManagedFilter.java:67)
	at io.undertow.servlet.handlers.FilterHandler$FilterChainImpl.doFilter(FilterHandler.java:131)
	at io.undertow.servlet.core.ManagedFilter.doFilter(ManagedFilter.java:67)
	at io.undertow.servlet.handlers.FilterHandler$FilterChainImpl.doFilter(FilterHandler.java:131)
	at io.undertow.servlet.core.ManagedFilter.doFilter(ManagedFilter.java:67)
	at io.undertow.servlet.handlers.FilterHandler$FilterChainImpl.doFilter(FilterHandler.java:131)
	at io.undertow.servlet.handlers.FilterHandler.handleRequest(FilterHandler.java:84)
	at io.undertow.servlet.handlers.security.ServletSecurityRoleHandler.handleRequest(ServletSecurityRoleHandler.java:62)
	at io.undertow.servlet.handlers.ServletChain$1.handleRequest(ServletChain.java:68)
	at io.undertow.servlet.handlers.ServletDispatchingHandler.handleRequest(ServletDispatchingHandler.java:36)
	at io.undertow.servlet.handlers.RedirectDirHandler.handleRequest(RedirectDirHandler.java:68)
	at io.undertow.servlet.handlers.security.SSLInformationAssociationHandler.handleRequest(SSLInformationAssociationHandler.java:117)
	at io.undertow.servlet.handlers.security.ServletAuthenticationCallHandler.handleRequest(ServletAuthenticationCallHandler.java:57)
	at io.undertow.server.handlers.PredicateHandler.handleRequest(PredicateHandler.java:43)
	at io.undertow.security.handlers.AbstractConfidentialityHandler.handleRequest(AbstractConfidentialityHandler.java:46)
	at io.undertow.servlet.handlers.security.ServletConfidentialityConstraintHandler.handleRequest(ServletConfidentialityConstraintHandler.java:64)
	at io.undertow.security.handlers.AuthenticationMechanismsHandler.handleRequest(AuthenticationMechanismsHandler.java:60)
	at io.undertow.servlet.handlers.security.CachedAuthenticatedSessionHandler.handleRequest(CachedAuthenticatedSessionHandler.java:75)
	at io.undertow.security.handlers.AbstractSecurityContextAssociationHandler.handleRequest(AbstractSecurityContextAssociationHandler.java:43)
	at io.undertow.server.handlers.PredicateHandler.handleRequest(PredicateHandler.java:43)
	at io.undertow.servlet.handlers.SendErrorPageHandler.handleRequest(SendErrorPageHandler.java:52)
	at io.undertow.server.handlers.PredicateHandler.handleRequest(PredicateHandler.java:43)
	at io.undertow.servlet.handlers.ServletInitialHandler.handleFirstRequest(ServletInitialHandler.java:270)
	at io.undertow.servlet.handlers.ServletInitialHandler.access$000(ServletInitialHandler.java:78)
	at io.undertow.servlet.handlers.ServletInitialHandler$1.call(ServletInitialHandler.java:129)
	at io.undertow.servlet.handlers.ServletInitialHandler$1.call(ServletInitialHandler.java:126)
	at io.undertow.servlet.core.ServletRequestContextThreadSetupAction$1.call(ServletRequestContextThreadSetupAction.java:48)
	at io.undertow.servlet.core.ContextClassLoaderSetupAction$1.call(ContextClassLoaderSetupAction.java:43)
	at io.undertow.servlet.handlers.ServletInitialHandler.dispatchRequest(ServletInitialHandler.java:250)
	at io.undertow.servlet.handlers.ServletInitialHandler.lambda$new$1(ServletInitialHandler.java:98)
	at io.undertow.server.Connectors.executeRootHandler(Connectors.java:395)
	at io.undertow.server.HttpServerExchange$1.run(HttpServerExchange.java:931)
	at org.jboss.threads.ContextHandler$1.runWith(ContextHandler.java:18)
	at org.jboss.threads.EnhancedQueueExecutor$Task.run(EnhancedQueueExecutor.java:2513)
	at org.jboss.threads.EnhancedQueueExecutor$ThreadBody.run(EnhancedQueueExecutor.java:1538)
	at org.xnio.XnioWorker$WorkerThreadFactory$1$1.run(XnioWorker.java:1282)
	at java.base/java.lang.Thread.run(Thread.java:840)
Caused by: org.grails.web.json.JSONException: Expected a ',' or '}' at character 16 of {"code":"broken"
	at org.grails.web.json.JSONTokener.syntaxError(JSONTokener.java:481)
	at org.grails.web.json.JSONObject.<init>(JSONObject.java:192)
	at org.grails.web.json.JSONTokener.nextValue(JSONTokener.java:329)
	at grails.converters.JSON.parse(JSON.java:251)
	... 132 common frames omitted

2026-07-21 07:21:14.123  ERROR  --- [  XNIO-1 task-2] o.g.web.errors.GrailsExceptionResolver   : JSONException occurred when processing request: [POST] /servint/numberGenerators
Expected a ',' or '}' at character 16 of {"code":"broken". Stacktrace follows:

org.grails.web.converters.exceptions.ConverterException: Error parsing JSON
	at grails.converters.JSON.parse(JSON.java:260)
	at grails.converters.JSON.parse(JSON.java:273)
	at grails.converters.JSON.parse(JSON.java:307)
	at org.grails.web.converters.ConvertersExtension.getJSON(ConvertersExtension.groovy:42)
	at java.base/jdk.internal.reflect.NativeMethodAccessorImpl.invoke(NativeMethodAccessorImpl.java:77)
	at java.base/jdk.internal.reflect.DelegatingMethodAccessorImpl.invoke(DelegatingMethodAccessorImpl.java:43)
	at com.k_int.okapi.OkapiTenantAwareController.$mt__okapiTenantAwareController_getObjectToBind(OkapiTenantAwareController.groovy:29)
	at java.base/jdk.internal.reflect.NativeMethodAccessorImpl.invoke(NativeMethodAccessorImpl.java:77)
	at java.base/jdk.internal.reflect.DelegatingMethodAccessorImpl.invoke(DelegatingMethodAccessorImpl.java:43)
	at java.base/jdk.internal.reflect.NativeMethodAccessorImpl.invoke(NativeMethodAccessorImpl.java:77)
	at java.base/jdk.internal.reflect.DelegatingMethodAccessorImpl.invoke(DelegatingMethodAccessorImpl.java:43)
	at grails.gorm.multitenancy.Tenants$_withId_closure2$_closure6.doCall(Tenants.groovy:265)
	at org.grails.orm.hibernate.GrailsHibernateTemplate.executeWithExistingOrCreateNewSession(GrailsHibernateTemplate.java:210)
	at org.grails.orm.hibernate.AbstractHibernateDatastore.withNewSession(AbstractHibernateDatastore.java:369)
	at grails.gorm.multitenancy.Tenants$_withId_closure2.doCall(Tenants.groovy:258)
	at grails.gorm.multitenancy.Tenants$CurrentTenant.withTenant(Tenants.groovy:358)
	at grails.gorm.multitenancy.Tenants.withId(Tenants.groovy:236)
	at org.grails.datastore.gorm.services.DefaultTenantService.withCurrent(DefaultTenantService.groovy:71)
	at grails.rest.RestfulController.createResource(RestfulController.groovy:258)
	at java.base/jdk.internal.reflect.NativeMethodAccessorImpl.invoke(NativeMethodAccessorImpl.java:77)
	at java.base/jdk.internal.reflect.DelegatingMethodAccessorImpl.invoke(DelegatingMethodAccessorImpl.java:43)
	at com.k_int.web.toolkit.rest.TenantAwareRestfulController.createResource(TenantAwareRestfulController.groovy:72)
	at grails.rest.RestfulController.$tt__save(RestfulController.groovy:93)
	at java.base/jdk.internal.reflect.NativeMethodAccessorImpl.invoke(NativeMethodAccessorImpl.java:77)
	at java.base/jdk.internal.reflect.DelegatingMethodAccessorImpl.invoke(DelegatingMethodAccessorImpl.java:43)
	at java.base/jdk.internal.reflect.NativeMethodAccessorImpl.invoke(NativeMethodAccessorImpl.java:77)
	at java.base/jdk.internal.reflect.DelegatingMethodAccessorImpl.invoke(DelegatingMethodAccessorImpl.java:43)
	at grails.gorm.transactions.GrailsTransactionTemplate$2.doInTransaction(GrailsTransactionTemplate.groovy:94)
	at org.springframework.transaction.support.TransactionTemplate.execute(TransactionTemplate.java:140)
	at grails.gorm.transactions.GrailsTransactionTemplate.execute(GrailsTransactionTemplate.groovy:91)
	at java.base/jdk.internal.reflect.NativeMethodAccessorImpl.invoke(NativeMethodAccessorImpl.java:77)
	at java.base/jdk.internal.reflect.DelegatingMethodAccessorImpl.invoke(DelegatingMethodAccessorImpl.java:43)
	at com.k_int.web.toolkit.rest.TenantAwareRestfulController.$tt__tenantAwareRestfulController_save(TenantAwareRestfulController.groovy:42)
	at java.base/jdk.internal.reflect.NativeMethodAccessorImpl.invoke(NativeMethodAccessorImpl.java:77)
	at java.base/jdk.internal.reflect.DelegatingMethodAccessorImpl.invoke(DelegatingMethodAccessorImpl.java:43)
	at grails.gorm.transactions.GrailsTransactionTemplate$2.doInTransaction(GrailsTransactionTemplate.groovy:94)
	at org.springframework.transaction.support.TransactionTemplate.execute(TransactionTemplate.java:140)
	at grails.gorm.transactions.GrailsTransactionTemplate.execute(GrailsTransactionTemplate.groovy:91)
	at java.base/jdk.internal.reflect.NativeMethodAccessorImpl.invoke(NativeMethodAccessorImpl.java:77)
	at java.base/jdk.internal.reflect.DelegatingMethodAccessorImpl.invoke(DelegatingMethodAccessorImpl.java:43)
	at java.base/jdk.internal.reflect.NativeMethodAccessorImpl.invoke(NativeMethodAccessorImpl.java:77)
	at java.base/jdk.internal.reflect.DelegatingMethodAccessorImpl.invoke(DelegatingMethodAccessorImpl.java:43)
	at grails.gorm.multitenancy.Tenants$_withId_closure2$_closure6.doCall(Tenants.groovy:265)
	at org.grails.orm.hibernate.GrailsHibernateTemplate.doExecute(GrailsHibernateTemplate.java:297)
	at org.grails.orm.hibernate.GrailsHibernateTemplate.execute(GrailsHibernateTemplate.java:241)
	at org.grails.orm.hibernate.GrailsHibernateTemplate.executeWithNewSession(GrailsHibernateTemplate.java:153)
	at org.grails.orm.hibernate.GrailsHibernateTemplate.executeWithExistingOrCreateNewSession(GrailsHibernateTemplate.java:207)
	at org.grails.orm.hibernate.AbstractHibernateDatastore.withNewSession(AbstractHibernateDatastore.java:369)
	at grails.gorm.multitenancy.Tenants$_withId_closure2.doCall(Tenants.groovy:258)
	at grails.gorm.multitenancy.Tenants$CurrentTenant.withTenant(Tenants.groovy:358)
	at grails.gorm.multitenancy.Tenants.withId(Tenants.groovy:236)
	at org.grails.datastore.gorm.services.DefaultTenantService.withCurrent(DefaultTenantService.groovy:71)
	at org.grails.core.DefaultGrailsControllerClass$MethodHandleInvoker.invoke(DefaultGrailsControllerClass.java:223)
	at org.grails.core.DefaultGrailsControllerClass.invoke(DefaultGrailsControllerClass.java:188)
	at org.grails.web.mapping.mvc.UrlMappingsInfoHandlerAdapter.handle(UrlMappingsInfoHandlerAdapter.groovy:90)
	at org.springframework.web.servlet.DispatcherServlet.doDispatch(DispatcherServlet.java:1072)
	at org.springframework.web.servlet.DispatcherServlet.doService(DispatcherServlet.java:965)
	at org.springframework.web.servlet.FrameworkServlet.processRequest(FrameworkServlet.java:1006)
	at org.springframework.web.servlet.FrameworkServlet.doPost(FrameworkServlet.java:909)
	at org.springframework.web.servlet.FrameworkServlet.service(FrameworkServlet.java:883)
	at io.undertow.servlet.handlers.ServletHandler.handleRequest(ServletHandler.java:74)
	at io.undertow.servlet.handlers.FilterHandler$FilterChainImpl.doFilter(FilterHandler.java:129)
	at org.springframework.security.web.FilterChainProxy$VirtualFilterChain.doFilter(FilterChainProxy.java:352)
	at org.springframework.security.web.access.intercept.FilterSecurityInterceptor.invoke(FilterSecurityInterceptor.java:117)
	at org.springframework.security.web.access.intercept.FilterSecurityInterceptor.doFilter(FilterSecurityInterceptor.java:83)
	at org.springframework.security.web.FilterChainProxy$VirtualFilterChain.doFilter(FilterChainProxy.java:361)
	at org.springframework.security.web.access.ExceptionTranslationFilter.doFilter(ExceptionTranslationFilter.java:126)
	at org.springframework.security.web.access.ExceptionTranslationFilter.doFilter(ExceptionTranslationFilter.java:120)
	at grails.plugin.springsecurity.web.UpdateRequestContextHolderExceptionTranslationFilter.doFilter(UpdateRequestContextHolderExceptionTranslationFilter.groovy:64)
	at org.springframework.security.web.FilterChainProxy$VirtualFilterChain.doFilter(FilterChainProxy.java:361)
	at org.springframework.security.web.FilterChainProxy$VirtualFilterChain.doFilter(FilterChainProxy.java:361)
	at grails.plugin.springsecurity.web.filter.GrailsAnonymousAuthenticationFilter.doFilter(GrailsAnonymousAuthenticationFilter.groovy:52)
	at org.springframework.security.web.FilterChainProxy$VirtualFilterChain.doFilter(FilterChainProxy.java:361)
	at org.springframework.security.web.servletapi.SecurityContextHolderAwareRequestFilter.doFilter(SecurityContextHolderAwareRequestFilter.java:164)
	at org.springframework.security.web.FilterChainProxy$VirtualFilterChain.doFilter(FilterChainProxy.java:361)
	at org.springframework.security.web.authentication.AbstractAuthenticationProcessingFilter.doFilter(AbstractAuthenticationProcessingFilter.java:227)
	at org.springframework.security.web.authentication.AbstractAuthenticationProcessingFilter.doFilter(AbstractAuthenticationProcessingFilter.java:221)
	at org.springframework.security.web.FilterChainProxy$VirtualFilterChain.doFilter(FilterChainProxy.java:361)
	at grails.plugin.springsecurity.web.authentication.logout.MutableLogoutFilter.doFilter(MutableLogoutFilter.groovy:62)
	at org.springframework.security.web.FilterChainProxy$VirtualFilterChain.doFilter(FilterChainProxy.java:361)
	at grails.plugin.springsecurity.web.SecurityRequestHolderFilter.doFilter(SecurityRequestHolderFilter.groovy:58)
	at org.springframework.security.web.FilterChainProxy$VirtualFilterChain.doFilter(FilterChainProxy.java:361)
	at com.k_int.okapi.springsecurity.OkapiAuthenticationFilter.successfulAuthentication(OkapiAuthenticationFilter.groovy:127)
	at org.springframework.security.web.authentication.AbstractAuthenticationProcessingFilter.doFilter(AbstractAuthenticationProcessingFilter.java:241)
	at org.springframework.security.web.authentication.AbstractAuthenticationProcessingFilter.doFilter(AbstractAuthenticationProcessingFilter.java:221)
	at org.springframework.security.web.FilterChainProxy$VirtualFilterChain.doFilter(FilterChainProxy.java:361)
	at org.springframework.security.web.FilterChainProxy.doFilterInternal(FilterChainProxy.java:225)
	at org.springframework.security.web.FilterChainProxy.doFilter(FilterChainProxy.java:190)
	at io.undertow.servlet.core.ManagedFilter.doFilter(ManagedFilter.java:67)
	at io.undertow.servlet.handlers.FilterHandler$FilterChainImpl.doFilter(FilterHandler.java:131)
	at org.grails.web.servlet.mvc.GrailsWebRequestFilter.doFilterInternal(GrailsWebRequestFilter.java:77)
	at io.undertow.servlet.core.ManagedFilter.doFilter(ManagedFilter.java:67)
	at io.undertow.servlet.handlers.FilterHandler$FilterChainImpl.doFilter(FilterHandler.java:131)
	at org.grails.web.filters.HiddenHttpMethodFilter.doFilterInternal(HiddenHttpMethodFilter.java:67)
	at io.undertow.servlet.core.ManagedFilter.doFilter(ManagedFilter.java:67)
	at io.undertow.servlet.handlers.FilterHandler$FilterChainImpl.doFilter(FilterHandler.java:131)
	at io.undertow.servlet.core.ManagedFilter.doFilter(ManagedFilter.java:67)
	at io.undertow.servlet.handlers.FilterHandler$FilterChainImpl.doFilter(FilterHandler.java:131)
	at io.undertow.servlet.core.ManagedFilter.doFilter(ManagedFilter.java:67)
	at io.undertow.servlet.handlers.FilterHandler$FilterChainImpl.doFilter(FilterHandler.java:131)
	at io.undertow.servlet.core.ManagedFilter.doFilter(ManagedFilter.java:67)
	at io.undertow.servlet.handlers.FilterHandler$FilterChainImpl.doFilter(FilterHandler.java:131)
	at io.undertow.servlet.handlers.FilterHandler.handleRequest(FilterHandler.java:84)
	at io.undertow.servlet.handlers.security.ServletSecurityRoleHandler.handleRequest(ServletSecurityRoleHandler.java:62)
	at io.undertow.servlet.handlers.ServletChain$1.handleRequest(ServletChain.java:68)
	at io.undertow.servlet.handlers.ServletDispatchingHandler.handleRequest(ServletDispatchingHandler.java:36)
	at io.undertow.servlet.handlers.RedirectDirHandler.handleRequest(RedirectDirHandler.java:68)
	at io.undertow.servlet.handlers.security.SSLInformationAssociationHandler.handleRequest(SSLInformationAssociationHandler.java:117)
	at io.undertow.servlet.handlers.security.ServletAuthenticationCallHandler.handleRequest(ServletAuthenticationCallHandler.java:57)
	at io.undertow.server.handlers.PredicateHandler.handleRequest(PredicateHandler.java:43)
	at io.undertow.security.handlers.AbstractConfidentialityHandler.handleRequest(AbstractConfidentialityHandler.java:46)
	at io.undertow.servlet.handlers.security.ServletConfidentialityConstraintHandler.handleRequest(ServletConfidentialityConstraintHandler.java:64)
	at io.undertow.security.handlers.AuthenticationMechanismsHandler.handleRequest(AuthenticationMechanismsHandler.java:60)
	at io.undertow.servlet.handlers.security.CachedAuthenticatedSessionHandler.handleRequest(CachedAuthenticatedSessionHandler.java:75)
	at io.undertow.security.handlers.AbstractSecurityContextAssociationHandler.handleRequest(AbstractSecurityContextAssociationHandler.java:43)
	at io.undertow.server.handlers.PredicateHandler.handleRequest(PredicateHandler.java:43)
	at io.undertow.servlet.handlers.SendErrorPageHandler.handleRequest(SendErrorPageHandler.java:52)
	at io.undertow.server.handlers.PredicateHandler.handleRequest(PredicateHandler.java:43)
	at io.undertow.servlet.handlers.ServletInitialHandler.handleFirstRequest(ServletInitialHandler.java:270)
	at io.undertow.servlet.handlers.ServletInitialHandler.access$000(ServletInitialHandler.java:78)
	at io.undertow.servlet.handlers.ServletInitialHandler$1.call(ServletInitialHandler.java:129)
	at io.undertow.servlet.handlers.ServletInitialHandler$1.call(ServletInitialHandler.java:126)
	at io.undertow.servlet.core.ServletRequestContextThreadSetupAction$1.call(ServletRequestContextThreadSetupAction.java:48)
	at io.undertow.servlet.core.ContextClassLoaderSetupAction$1.call(ContextClassLoaderSetupAction.java:43)
	at io.undertow.servlet.handlers.ServletInitialHandler.dispatchRequest(ServletInitialHandler.java:250)
	at io.undertow.servlet.handlers.ServletInitialHandler.lambda$new$1(ServletInitialHandler.java:98)
	at io.undertow.server.Connectors.executeRootHandler(Connectors.java:395)
	at io.undertow.server.HttpServerExchange$1.run(HttpServerExchange.java:931)
	at org.jboss.threads.ContextHandler$1.runWith(ContextHandler.java:18)
	at org.jboss.threads.EnhancedQueueExecutor$Task.run(EnhancedQueueExecutor.java:2513)
	at org.jboss.threads.EnhancedQueueExecutor$ThreadBody.run(EnhancedQueueExecutor.java:1538)
	at org.xnio.XnioWorker$WorkerThreadFactory$1$1.run(XnioWorker.java:1282)
	at java.base/java.lang.Thread.run(Thread.java:840)
Caused by: org.grails.web.json.JSONException: Expected a ',' or '}' at character 16 of {"code":"broken"
	at org.grails.web.json.JSONTokener.syntaxError(JSONTokener.java:481)
	at org.grails.web.json.JSONObject.<init>(JSONObject.java:192)
	at org.grails.web.json.JSONTokener.nextValue(JSONTokener.java:329)
	at grails.converters.JSON.parse(JSON.java:251)
	... 132 common frames omitted

2026-07-21 07:21:14.159  ERROR  --- [  XNIO-1 task-2] StackTrace                               : Full Stack Trace:

org.grails.datastore.mapping.multitenancy.exceptions.TenantNotFoundException: Tenant could not be resolved from HTTP Header: X-Okapi-Tenant
	at com.k_int.okapi.OkapiTenantResolver.resolveTenantIdentifier(OkapiTenantResolver.groovy:84)
	at grails.gorm.multitenancy.Tenants.currentId(Tenants.groovy:73)
	at org.grails.datastore.gorm.services.DefaultTenantService.currentId(DefaultTenantService.groovy:47)
	at org.grails.datastore.gorm.services.DefaultTenantService.withCurrent(DefaultTenantService.groovy:71)
	at com.k_int.web.toolkit.rest.TenantAwareRestfulController.index(TenantAwareRestfulController.groovy)
	at com.k_int.web.toolkit.rest.TenantAwareRestfulController.index(TenantAwareRestfulController.groovy)
	at org.grails.core.DefaultGrailsControllerClass$MethodHandleInvoker.invoke(DefaultGrailsControllerClass.java:223)
	at org.grails.core.DefaultGrailsControllerClass.invoke(DefaultGrailsControllerClass.java:188)
	at org.grails.web.mapping.mvc.UrlMappingsInfoHandlerAdapter.handle(UrlMappingsInfoHandlerAdapter.groovy:90)
	at org.springframework.web.servlet.DispatcherServlet.doDispatch(DispatcherServlet.java:1072)
	at org.springframework.web.servlet.DispatcherServlet.doService(DispatcherServlet.java:965)
	at org.springframework.web.servlet.FrameworkServlet.processRequest(FrameworkServlet.java:1006)
	at org.springframework.web.servlet.FrameworkServlet.doGet(FrameworkServlet.java:898)
	at javax.servlet.http.HttpServlet.service(HttpServlet.java:645)
	at org.springframework.web.servlet.FrameworkServlet.service(FrameworkServlet.java:883)
	at javax.servlet.http.HttpServlet.service(HttpServlet.java:750)
	at io.undertow.servlet.handlers.ServletHandler.handleRequest(ServletHandler.java:74)
	at io.undertow.servlet.handlers.FilterHandler$FilterChainImpl.doFilter(FilterHandler.java:129)
	at org.springframework.security.web.FilterChainProxy$VirtualFilterChain.doFilter(FilterChainProxy.java:352)
	at org.springframework.security.web.access.intercept.FilterSecurityInterceptor.invoke(FilterSecurityInterceptor.java:117)
	at org.springframework.security.web.access.intercept.FilterSecurityInterceptor.doFilter(FilterSecurityInterceptor.java:83)
	at org.springframework.security.web.FilterChainProxy$VirtualFilterChain.doFilter(FilterChainProxy.java:361)
	at org.springframework.security.web.access.ExceptionTranslationFilter.doFilter(ExceptionTranslationFilter.java:126)
	at org.springframework.security.web.access.ExceptionTranslationFilter.doFilter(ExceptionTranslationFilter.java:120)
	at grails.plugin.springsecurity.web.UpdateRequestContextHolderExceptionTranslationFilter.doFilter(UpdateRequestContextHolderExceptionTranslationFilter.groovy:64)
	at org.springframework.security.web.FilterChainProxy$VirtualFilterChain.doFilter(FilterChainProxy.java:361)
	at org.springframework.web.filter.FormContentFilter.doFilterInternal(FormContentFilter.java:93)
	at org.springframework.web.filter.OncePerRequestFilter.doFilter(OncePerRequestFilter.java:117)
	at org.springframework.security.web.FilterChainProxy$VirtualFilterChain.doFilter(FilterChainProxy.java:361)
	at grails.plugin.springsecurity.web.filter.GrailsAnonymousAuthenticationFilter.doFilter(GrailsAnonymousAuthenticationFilter.groovy:52)
	at org.springframework.security.web.FilterChainProxy$VirtualFilterChain.doFilter(FilterChainProxy.java:361)
	at org.springframework.security.web.servletapi.SecurityContextHolderAwareRequestFilter.doFilter(SecurityContextHolderAwareRequestFilter.java:164)
	at org.springframework.security.web.FilterChainProxy$VirtualFilterChain.doFilter(FilterChainProxy.java:361)
	at org.springframework.security.web.authentication.AbstractAuthenticationProcessingFilter.doFilter(AbstractAuthenticationProcessingFilter.java:227)
	at org.springframework.security.web.authentication.AbstractAuthenticationProcessingFilter.doFilter(AbstractAuthenticationProcessingFilter.java:221)
	at org.springframework.security.web.FilterChainProxy$VirtualFilterChain.doFilter(FilterChainProxy.java:361)
	at grails.plugin.springsecurity.web.authentication.logout.MutableLogoutFilter.doFilter(MutableLogoutFilter.groovy:62)
	at org.springframework.security.web.FilterChainProxy$VirtualFilterChain.doFilter(FilterChainProxy.java:361)
	at grails.plugin.springsecurity.web.SecurityRequestHolderFilter.doFilter(SecurityRequestHolderFilter.groovy:58)
	at org.springframework.security.web.FilterChainProxy$VirtualFilterChain.doFilter(FilterChainProxy.java:361)
	at org.springframework.security.web.authentication.AbstractAuthenticationProcessingFilter.doFilter(AbstractAuthenticationProcessingFilter.java:227)
	at org.springframework.security.web.authentication.AbstractAuthenticationProcessingFilter.doFilter(AbstractAuthenticationProcessingFilter.java:221)
	at org.springframework.security.web.FilterChainProxy$VirtualFilterChain.doFilter(FilterChainProxy.java:361)
	at org.springframework.security.web.FilterChainProxy.doFilterInternal(FilterChainProxy.java:225)
	at org.springframework.security.web.FilterChainProxy.doFilter(FilterChainProxy.java:190)
	at io.undertow.servlet.core.ManagedFilter.doFilter(ManagedFilter.java:67)
	at io.undertow.servlet.handlers.FilterHandler$FilterChainImpl.doFilter(FilterHandler.java:131)
	at org.grails.web.servlet.mvc.GrailsWebRequestFilter.doFilterInternal(GrailsWebRequestFilter.java:77)
	at org.springframework.web.filter.OncePerRequestFilter.doFilter(OncePerRequestFilter.java:117)
	at io.undertow.servlet.core.ManagedFilter.doFilter(ManagedFilter.java:67)
	at io.undertow.servlet.handlers.FilterHandler$FilterChainImpl.doFilter(FilterHandler.java:131)
	at org.grails.web.filters.HiddenHttpMethodFilter.doFilterInternal(HiddenHttpMethodFilter.java:67)
	at org.springframework.web.filter.OncePerRequestFilter.doFilter(OncePerRequestFilter.java:117)
	at io.undertow.servlet.core.ManagedFilter.doFilter(ManagedFilter.java:67)
	at io.undertow.servlet.handlers.FilterHandler$FilterChainImpl.doFilter(FilterHandler.java:131)
	at org.springframework.web.filter.CharacterEncodingFilter.doFilterInternal(CharacterEncodingFilter.java:201)
	at org.springframework.web.filter.OncePerRequestFilter.doFilter(OncePerRequestFilter.java:117)
	at io.undertow.servlet.core.ManagedFilter.doFilter(ManagedFilter.java:67)
	at io.undertow.servlet.handlers.FilterHandler$FilterChainImpl.doFilter(FilterHandler.java:131)
	at org.springframework.boot.actuate.metrics.web.servlet.WebMvcMetricsFilter.doFilterInternal(WebMvcMetricsFilter.java:96)
	at org.springframework.web.filter.OncePerRequestFilter.doFilter(OncePerRequestFilter.java:117)
	at io.undertow.servlet.core.ManagedFilter.doFilter(ManagedFilter.java:67)
	at io.undertow.servlet.handlers.FilterHandler$FilterChainImpl.doFilter(FilterHandler.java:131)
	at org.springframework.web.filter.CorsFilter.doFilterInternal(CorsFilter.java:91)
	at org.springframework.web.filter.OncePerRequestFilter.doFilter(OncePerRequestFilter.java:117)
	at io.undertow.servlet.core.ManagedFilter.doFilter(ManagedFilter.java:67)
	at io.undertow.servlet.handlers.FilterHandler$FilterChainImpl.doFilter(FilterHandler.java:131)
	at io.undertow.servlet.handlers.FilterHandler.handleRequest(FilterHandler.java:84)
	at io.undertow.servlet.handlers.security.ServletSecurityRoleHandler.handleRequest(ServletSecurityRoleHandler.java:62)
	at io.undertow.servlet.handlers.ServletChain$1.handleRequest(ServletChain.java:68)
	at io.undertow.servlet.handlers.ServletDispatchingHandler.handleRequest(ServletDispatchingHandler.java:36)
	at io.undertow.servlet.handlers.RedirectDirHandler.handleRequest(RedirectDirHandler.java:68)
	at io.undertow.servlet.handlers.security.SSLInformationAssociationHandler.handleRequest(SSLInformationAssociationHandler.java:117)
	at io.undertow.servlet.handlers.security.ServletAuthenticationCallHandler.handleRequest(ServletAuthenticationCallHandler.java:57)
	at io.undertow.server.handlers.PredicateHandler.handleRequest(PredicateHandler.java:43)
	at io.undertow.security.handlers.AbstractConfidentialityHandler.handleRequest(AbstractConfidentialityHandler.java:46)
	at io.undertow.servlet.handlers.security.ServletConfidentialityConstraintHandler.handleRequest(ServletConfidentialityConstraintHandler.java:64)
	at io.undertow.security.handlers.AuthenticationMechanismsHandler.handleRequest(AuthenticationMechanismsHandler.java:60)
	at io.undertow.servlet.handlers.security.CachedAuthenticatedSessionHandler.handleRequest(CachedAuthenticatedSessionHandler.java:75)
	at io.undertow.security.handlers.AbstractSecurityContextAssociationHandler.handleRequest(AbstractSecurityContextAssociationHandler.java:43)
	at io.undertow.server.handlers.PredicateHandler.handleRequest(PredicateHandler.java:43)
	at io.undertow.servlet.handlers.SendErrorPageHandler.handleRequest(SendErrorPageHandler.java:52)
	at io.undertow.server.handlers.PredicateHandler.handleRequest(PredicateHandler.java:43)
	at io.undertow.servlet.handlers.ServletInitialHandler.handleFirstRequest(ServletInitialHandler.java:270)
	at io.undertow.servlet.handlers.ServletInitialHandler.access$000(ServletInitialHandler.java:78)
	at io.undertow.servlet.handlers.ServletInitialHandler$1.call(ServletInitialHandler.java:129)
	at io.undertow.servlet.handlers.ServletInitialHandler$1.call(ServletInitialHandler.java:126)
	at io.undertow.servlet.core.ServletRequestContextThreadSetupAction$1.call(ServletRequestContextThreadSetupAction.java:48)
	at io.undertow.servlet.core.ContextClassLoaderSetupAction$1.call(ContextClassLoaderSetupAction.java:43)
	at io.undertow.servlet.handlers.ServletInitialHandler.dispatchRequest(ServletInitialHandler.java:250)
	at io.undertow.servlet.handlers.ServletInitialHandler.lambda$new$1(ServletInitialHandler.java:98)
	at io.undertow.server.Connectors.executeRootHandler(Connectors.java:395)
	at io.undertow.server.HttpServerExchange$1.run(HttpServerExchange.java:931)
	at org.jboss.threads.ContextHandler$1.runWith(ContextHandler.java:18)
	at org.jboss.threads.EnhancedQueueExecutor$Task.run(EnhancedQueueExecutor.java:2513)
	at org.jboss.threads.EnhancedQueueExecutor$ThreadBody.run(EnhancedQueueExecutor.java:1538)
	at org.xnio.XnioWorker$WorkerThreadFactory$1$1.run(XnioWorker.java:1282)
	at java.base/java.lang.Thread.run(Thread.java:840)

2026-07-21 07:21:14.160  ERROR  --- [  XNIO-1 task-2] StackTrace                               : Full Stack Trace:

org.grails.datastore.mapping.multitenancy.exceptions.TenantNotFoundException: Tenant could not be resolved from HTTP Header: X-Okapi-Tenant
	at com.k_int.okapi.OkapiTenantResolver.resolveTenantIdentifier(OkapiTenantResolver.groovy:84)
	at grails.gorm.multitenancy.Tenants.currentId(Tenants.groovy:73)
	at org.grails.datastore.gorm.services.DefaultTenantService.currentId(DefaultTenantService.groovy:47)
	at org.grails.datastore.gorm.services.DefaultTenantService.withCurrent(DefaultTenantService.groovy:71)
	at org.grails.core.DefaultGrailsControllerClass$MethodHandleInvoker.invoke(DefaultGrailsControllerClass.java:223)
	at org.grails.core.DefaultGrailsControllerClass.invoke(DefaultGrailsControllerClass.java:188)
	at org.grails.web.mapping.mvc.UrlMappingsInfoHandlerAdapter.handle(UrlMappingsInfoHandlerAdapter.groovy:90)
	at org.springframework.web.servlet.DispatcherServlet.doDispatch(DispatcherServlet.java:1072)
	at org.springframework.web.servlet.DispatcherServlet.doService(DispatcherServlet.java:965)
	at org.springframework.web.servlet.FrameworkServlet.processRequest(FrameworkServlet.java:1006)
	at org.springframework.web.servlet.FrameworkServlet.doGet(FrameworkServlet.java:898)
	at org.springframework.web.servlet.FrameworkServlet.service(FrameworkServlet.java:883)
	at io.undertow.servlet.handlers.ServletHandler.handleRequest(ServletHandler.java:74)
	at io.undertow.servlet.handlers.FilterHandler$FilterChainImpl.doFilter(FilterHandler.java:129)
	at org.springframework.security.web.FilterChainProxy$VirtualFilterChain.doFilter(FilterChainProxy.java:352)
	at org.springframework.security.web.access.intercept.FilterSecurityInterceptor.invoke(FilterSecurityInterceptor.java:117)
	at org.springframework.security.web.access.intercept.FilterSecurityInterceptor.doFilter(FilterSecurityInterceptor.java:83)
	at org.springframework.security.web.FilterChainProxy$VirtualFilterChain.doFilter(FilterChainProxy.java:361)
	at org.springframework.security.web.access.ExceptionTranslationFilter.doFilter(ExceptionTranslationFilter.java:126)
	at org.springframework.security.web.access.ExceptionTranslationFilter.doFilter(ExceptionTranslationFilter.java:120)
	at grails.plugin.springsecurity.web.UpdateRequestContextHolderExceptionTranslationFilter.doFilter(UpdateRequestContextHolderExceptionTranslationFilter.groovy:64)
	at org.springframework.security.web.FilterChainProxy$VirtualFilterChain.doFilter(FilterChainProxy.java:361)
	at org.springframework.security.web.FilterChainProxy$VirtualFilterChain.doFilter(FilterChainProxy.java:361)
	at grails.plugin.springsecurity.web.filter.GrailsAnonymousAuthenticationFilter.doFilter(GrailsAnonymousAuthenticationFilter.groovy:52)
	at org.springframework.security.web.FilterChainProxy$VirtualFilterChain.doFilter(FilterChainProxy.java:361)
	at org.springframework.security.web.servletapi.SecurityContextHolderAwareRequestFilter.doFilter(SecurityContextHolderAwareRequestFilter.java:164)
	at org.springframework.security.web.FilterChainProxy$VirtualFilterChain.doFilter(FilterChainProxy.java:361)
	at org.springframework.security.web.authentication.AbstractAuthenticationProcessingFilter.doFilter(AbstractAuthenticationProcessingFilter.java:227)
	at org.springframework.security.web.authentication.AbstractAuthenticationProcessingFilter.doFilter(AbstractAuthenticationProcessingFilter.java:221)
	at org.springframework.security.web.FilterChainProxy$VirtualFilterChain.doFilter(FilterChainProxy.java:361)
	at grails.plugin.springsecurity.web.authentication.logout.MutableLogoutFilter.doFilter(MutableLogoutFilter.groovy:62)
	at org.springframework.security.web.FilterChainProxy$VirtualFilterChain.doFilter(FilterChainProxy.java:361)
	at grails.plugin.springsecurity.web.SecurityRequestHolderFilter.doFilter(SecurityRequestHolderFilter.groovy:58)
	at org.springframework.security.web.FilterChainProxy$VirtualFilterChain.doFilter(FilterChainProxy.java:361)
	at org.springframework.security.web.authentication.AbstractAuthenticationProcessingFilter.doFilter(AbstractAuthenticationProcessingFilter.java:227)
	at org.springframework.security.web.authentication.AbstractAuthenticationProcessingFilter.doFilter(AbstractAuthenticationProcessingFilter.java:221)
	at org.springframework.security.web.FilterChainProxy$VirtualFilterChain.doFilter(FilterChainProxy.java:361)
	at org.springframework.security.web.FilterChainProxy.doFilterInternal(FilterChainProxy.java:225)
	at org.springframework.security.web.FilterChainProxy.doFilter(FilterChainProxy.java:190)
	at io.undertow.servlet.core.ManagedFilter.doFilter(ManagedFilter.java:67)
	at io.undertow.servlet.handlers.FilterHandler$FilterChainImpl.doFilter(FilterHandler.java:131)
	at org.grails.web.servlet.mvc.GrailsWebRequestFilter.doFilterInternal(GrailsWebRequestFilter.java:77)
	at io.undertow.servlet.core.ManagedFilter.doFilter(ManagedFilter.java:67)
	at io.undertow.servlet.handlers.FilterHandler$FilterChainImpl.doFilter(FilterHandler.java:131)
	at org.grails.web.filters.HiddenHttpMethodFilter.doFilterInternal(HiddenHttpMethodFilter.java:67)
	at io.undertow.servlet.core.ManagedFilter.doFilter(ManagedFilter.java:67)
	at io.undertow.servlet.handlers.FilterHandler$FilterChainImpl.doFilter(FilterHandler.java:131)
	at io.undertow.servlet.core.ManagedFilter.doFilter(ManagedFilter.java:67)
	at io.undertow.servlet.handlers.FilterHandler$FilterChainImpl.doFilter(FilterHandler.java:131)
	at io.undertow.servlet.core.ManagedFilter.doFilter(ManagedFilter.java:67)
	at io.undertow.servlet.handlers.FilterHandler$FilterChainImpl.doFilter(FilterHandler.java:131)
	at io.undertow.servlet.core.ManagedFilter.doFilter(ManagedFilter.java:67)
	at io.undertow.servlet.handlers.FilterHandler$FilterChainImpl.doFilter(FilterHandler.java:131)
	at io.undertow.servlet.handlers.FilterHandler.handleRequest(FilterHandler.java:84)
	at io.undertow.servlet.handlers.security.ServletSecurityRoleHandler.handleRequest(ServletSecurityRoleHandler.java:62)
	at io.undertow.servlet.handlers.ServletChain$1.handleRequest(ServletChain.java:68)
	at io.undertow.servlet.handlers.ServletDispatchingHandler.handleRequest(ServletDispatchingHandler.java:36)
	at io.undertow.servlet.handlers.RedirectDirHandler.handleRequest(RedirectDirHandler.java:68)
	at io.undertow.servlet.handlers.security.SSLInformationAssociationHandler.handleRequest(SSLInformationAssociationHandler.java:117)
	at io.undertow.servlet.handlers.security.ServletAuthenticationCallHandler.handleRequest(ServletAuthenticationCallHandler.java:57)
	at io.undertow.server.handlers.PredicateHandler.handleRequest(PredicateHandler.java:43)
	at io.undertow.security.handlers.AbstractConfidentialityHandler.handleRequest(AbstractConfidentialityHandler.java:46)
	at io.undertow.servlet.handlers.security.ServletConfidentialityConstraintHandler.handleRequest(ServletConfidentialityConstraintHandler.java:64)
	at io.undertow.security.handlers.AuthenticationMechanismsHandler.handleRequest(AuthenticationMechanismsHandler.java:60)
	at io.undertow.servlet.handlers.security.CachedAuthenticatedSessionHandler.handleRequest(CachedAuthenticatedSessionHandler.java:75)
	at io.undertow.security.handlers.AbstractSecurityContextAssociationHandler.handleRequest(AbstractSecurityContextAssociationHandler.java:43)
	at io.undertow.server.handlers.PredicateHandler.handleRequest(PredicateHandler.java:43)
	at io.undertow.servlet.handlers.SendErrorPageHandler.handleRequest(SendErrorPageHandler.java:52)
	at io.undertow.server.handlers.PredicateHandler.handleRequest(PredicateHandler.java:43)
	at io.undertow.servlet.handlers.ServletInitialHandler.handleFirstRequest(ServletInitialHandler.java:270)
	at io.undertow.servlet.handlers.ServletInitialHandler.access$000(ServletInitialHandler.java:78)
	at io.undertow.servlet.handlers.ServletInitialHandler$1.call(ServletInitialHandler.java:129)
	at io.undertow.servlet.handlers.ServletInitialHandler$1.call(ServletInitialHandler.java:126)
	at io.undertow.servlet.core.ServletRequestContextThreadSetupAction$1.call(ServletRequestContextThreadSetupAction.java:48)
	at io.undertow.servlet.core.ContextClassLoaderSetupAction$1.call(ContextClassLoaderSetupAction.java:43)
	at io.undertow.servlet.handlers.ServletInitialHandler.dispatchRequest(ServletInitialHandler.java:250)
	at io.undertow.servlet.handlers.ServletInitialHandler.lambda$new$1(ServletInitialHandler.java:98)
	at io.undertow.server.Connectors.executeRootHandler(Connectors.java:395)
	at io.undertow.server.HttpServerExchange$1.run(HttpServerExchange.java:931)
	at org.jboss.threads.ContextHandler$1.runWith(ContextHandler.java:18)
	at org.jboss.threads.EnhancedQueueExecutor$Task.run(EnhancedQueueExecutor.java:2513)
	at org.jboss.threads.EnhancedQueueExecutor$ThreadBody.run(EnhancedQueueExecutor.java:1538)
	at org.xnio.XnioWorker$WorkerThreadFactory$1$1.run(XnioWorker.java:1282)
	at java.base/java.lang.Thread.run(Thread.java:840)

2026-07-21 07:21:14.162  ERROR  --- [  XNIO-1 task-2] o.g.web.errors.GrailsExceptionResolver   : TenantNotFoundException occurred when processing request: [GET] /servint/numberGenerators
Tenant could not be resolved from HTTP Header: X-Okapi-Tenant. Stacktrace follows:

org.grails.datastore.mapping.multitenancy.exceptions.TenantNotFoundException: Tenant could not be resolved from HTTP Header: X-Okapi-Tenant
	at com.k_int.okapi.OkapiTenantResolver.resolveTenantIdentifier(OkapiTenantResolver.groovy:84)
	at grails.gorm.multitenancy.Tenants.currentId(Tenants.groovy:73)
	at org.grails.datastore.gorm.services.DefaultTenantService.currentId(DefaultTenantService.groovy:47)
	at org.grails.datastore.gorm.services.DefaultTenantService.withCurrent(DefaultTenantService.groovy:71)
	at org.grails.core.DefaultGrailsControllerClass$MethodHandleInvoker.invoke(DefaultGrailsControllerClass.java:223)
	at org.grails.core.DefaultGrailsControllerClass.invoke(DefaultGrailsControllerClass.java:188)
	at org.grails.web.mapping.mvc.UrlMappingsInfoHandlerAdapter.handle(UrlMappingsInfoHandlerAdapter.groovy:90)
	at org.springframework.web.servlet.DispatcherServlet.doDispatch(DispatcherServlet.java:1072)
	at org.springframework.web.servlet.DispatcherServlet.doService(DispatcherServlet.java:965)
	at org.springframework.web.servlet.FrameworkServlet.processRequest(FrameworkServlet.java:1006)
	at org.springframework.web.servlet.FrameworkServlet.doGet(FrameworkServlet.java:898)
	at org.springframework.web.servlet.FrameworkServlet.service(FrameworkServlet.java:883)
	at io.undertow.servlet.handlers.ServletHandler.handleRequest(ServletHandler.java:74)
	at io.undertow.servlet.handlers.FilterHandler$FilterChainImpl.doFilter(FilterHandler.java:129)
	at org.springframework.security.web.FilterChainProxy$VirtualFilterChain.doFilter(FilterChainProxy.java:352)
	at org.springframework.security.web.access.intercept.FilterSecurityInterceptor.invoke(FilterSecurityInterceptor.java:117)
	at org.springframework.security.web.access.intercept.FilterSecurityInterceptor.doFilter(FilterSecurityInterceptor.java:83)
	at org.springframework.security.web.FilterChainProxy$VirtualFilterChain.doFilter(FilterChainProxy.java:361)
	at org.springframework.security.web.access.ExceptionTranslationFilter.doFilter(ExceptionTranslationFilter.java:126)
	at org.springframework.security.web.access.ExceptionTranslationFilter.doFilter(ExceptionTranslationFilter.java:120)
	at grails.plugin.springsecurity.web.UpdateRequestContextHolderExceptionTranslationFilter.doFilter(UpdateRequestContextHolderExceptionTranslationFilter.groovy:64)
	at org.springframework.security.web.FilterChainProxy$VirtualFilterChain.doFilter(FilterChainProxy.java:361)
	at org.springframework.security.web.FilterChainProxy$VirtualFilterChain.doFilter(FilterChainProxy.java:361)
	at grails.plugin.springsecurity.web.filter.GrailsAnonymousAuthenticationFilter.doFilter(GrailsAnonymousAuthenticationFilter.groovy:52)
	at org.springframework.security.web.FilterChainProxy$VirtualFilterChain.doFilter(FilterChainProxy.java:361)
	at org.springframework.security.web.servletapi.SecurityContextHolderAwareRequestFilter.doFilter(SecurityContextHolderAwareRequestFilter.java:164)
	at org.springframework.security.web.FilterChainProxy$VirtualFilterChain.doFilter(FilterChainProxy.java:361)
	at org.springframework.security.web.authentication.AbstractAuthenticationProcessingFilter.doFilter(AbstractAuthenticationProcessingFilter.java:227)
	at org.springframework.security.web.authentication.AbstractAuthenticationProcessingFilter.doFilter(AbstractAuthenticationProcessingFilter.java:221)
	at org.springframework.security.web.FilterChainProxy$VirtualFilterChain.doFilter(FilterChainProxy.java:361)
	at grails.plugin.springsecurity.web.authentication.logout.MutableLogoutFilter.doFilter(MutableLogoutFilter.groovy:62)
	at org.springframework.security.web.FilterChainProxy$VirtualFilterChain.doFilter(FilterChainProxy.java:361)
	at grails.plugin.springsecurity.web.SecurityRequestHolderFilter.doFilter(SecurityRequestHolderFilter.groovy:58)
	at org.springframework.security.web.FilterChainProxy$VirtualFilterChain.doFilter(FilterChainProxy.java:361)
	at org.springframework.security.web.authentication.AbstractAuthenticationProcessingFilter.doFilter(AbstractAuthenticationProcessingFilter.java:227)
	at org.springframework.security.web.authentication.AbstractAuthenticationProcessingFilter.doFilter(AbstractAuthenticationProcessingFilter.java:221)
	at org.springframework.security.web.FilterChainProxy$VirtualFilterChain.doFilter(FilterChainProxy.java:361)
	at org.springframework.security.web.FilterChainProxy.doFilterInternal(FilterChainProxy.java:225)
	at org.springframework.security.web.FilterChainProxy.doFilter(FilterChainProxy.java:190)
	at io.undertow.servlet.core.ManagedFilter.doFilter(ManagedFilter.java:67)
	at io.undertow.servlet.handlers.FilterHandler$FilterChainImpl.doFilter(FilterHandler.java:131)
	at org.grails.web.servlet.mvc.GrailsWebRequestFilter.doFilterInternal(GrailsWebRequestFilter.java:77)
	at io.undertow.servlet.core.ManagedFilter.doFilter(ManagedFilter.java:67)
	at io.undertow.servlet.handlers.FilterHandler$FilterChainImpl.doFilter(FilterHandler.java:131)
	at org.grails.web.filters.HiddenHttpMethodFilter.doFilterInternal(HiddenHttpMethodFilter.java:67)
	at io.undertow.servlet.core.ManagedFilter.doFilter(ManagedFilter.java:67)
	at io.undertow.servlet.handlers.FilterHandler$FilterChainImpl.doFilter(FilterHandler.java:131)
	at io.undertow.servlet.core.ManagedFilter.doFilter(ManagedFilter.java:67)
	at io.undertow.servlet.handlers.FilterHandler$FilterChainImpl.doFilter(FilterHandler.java:131)
	at io.undertow.servlet.core.ManagedFilter.doFilter(ManagedFilter.java:67)
	at io.undertow.servlet.handlers.FilterHandler$FilterChainImpl.doFilter(FilterHandler.java:131)
	at io.undertow.servlet.core.ManagedFilter.doFilter(ManagedFilter.java:67)
	at io.undertow.servlet.handlers.FilterHandler$FilterChainImpl.doFilter(FilterHandler.java:131)
	at io.undertow.servlet.handlers.FilterHandler.handleRequest(FilterHandler.java:84)
	at io.undertow.servlet.handlers.security.ServletSecurityRoleHandler.handleRequest(ServletSecurityRoleHandler.java:62)
	at io.undertow.servlet.handlers.ServletChain$1.handleRequest(ServletChain.java:68)
	at io.undertow.servlet.handlers.ServletDispatchingHandler.handleRequest(ServletDispatchingHandler.java:36)
	at io.undertow.servlet.handlers.RedirectDirHandler.handleRequest(RedirectDirHandler.java:68)
	at io.undertow.servlet.handlers.security.SSLInformationAssociationHandler.handleRequest(SSLInformationAssociationHandler.java:117)
	at io.undertow.servlet.handlers.security.ServletAuthenticationCallHandler.handleRequest(ServletAuthenticationCallHandler.java:57)
	at io.undertow.server.handlers.PredicateHandler.handleRequest(PredicateHandler.java:43)
	at io.undertow.security.handlers.AbstractConfidentialityHandler.handleRequest(AbstractConfidentialityHandler.java:46)
	at io.undertow.servlet.handlers.security.ServletConfidentialityConstraintHandler.handleRequest(ServletConfidentialityConstraintHandler.java:64)
	at io.undertow.security.handlers.AuthenticationMechanismsHandler.handleRequest(AuthenticationMechanismsHandler.java:60)
	at io.undertow.servlet.handlers.security.CachedAuthenticatedSessionHandler.handleRequest(CachedAuthenticatedSessionHandler.java:75)
	at io.undertow.security.handlers.AbstractSecurityContextAssociationHandler.handleRequest(AbstractSecurityContextAssociationHandler.java:43)
	at io.undertow.server.handlers.PredicateHandler.handleRequest(PredicateHandler.java:43)
	at io.undertow.servlet.handlers.SendErrorPageHandler.handleRequest(SendErrorPageHandler.java:52)
	at io.undertow.server.handlers.PredicateHandler.handleRequest(PredicateHandler.java:43)
	at io.undertow.servlet.handlers.ServletInitialHandler.handleFirstRequest(ServletInitialHandler.java:270)
	at io.undertow.servlet.handlers.ServletInitialHandler.access$000(ServletInitialHandler.java:78)
	at io.undertow.servlet.handlers.ServletInitialHandler$1.call(ServletInitialHandler.java:129)
	at io.undertow.servlet.handlers.ServletInitialHandler$1.call(ServletInitialHandler.java:126)
	at io.undertow.servlet.core.ServletRequestContextThreadSetupAction$1.call(ServletRequestContextThreadSetupAction.java:48)
	at io.undertow.servlet.core.ContextClassLoaderSetupAction$1.call(ContextClassLoaderSetupAction.java:43)
	at io.undertow.servlet.handlers.ServletInitialHandler.dispatchRequest(ServletInitialHandler.java:250)
	at io.undertow.servlet.handlers.ServletInitialHandler.lambda$new$1(ServletInitialHandler.java:98)
	at io.undertow.server.Connectors.executeRootHandler(Connectors.java:395)
	at io.undertow.server.HttpServerExchange$1.run(HttpServerExchange.java:931)
	at org.jboss.threads.ContextHandler$1.runWith(ContextHandler.java:18)
	at org.jboss.threads.EnhancedQueueExecutor$Task.run(EnhancedQueueExecutor.java:2513)
	at org.jboss.threads.EnhancedQueueExecutor$ThreadBody.run(EnhancedQueueExecutor.java:1538)
	at org.xnio.XnioWorker$WorkerThreadFactory$1$1.run(XnioWorker.java:1282)
	at java.base/java.lang.Thread.run(Thread.java:840)

2026-07-21 07:21:14.189  DEBUG  --- [  XNIO-1 task-2] c.k.o.s.OkapiAuthenticationFilter        : Set SecurityContextHolder to OkapiAuthenticationToken [Principal=com.k_int.okapi.springsecurity.OkapiAuthenticationToken$OkapiUserDetails@38cbe976, Credentials=[PROTECTED], Authenticated=true, Details=null, Granted Authorities=[]]
2026-07-21 07:21:14.189   INFO  --- [  XNIO-1 task-2] c.k.o.s.OkapiAuthenticationFilter        : OKAPI User added to security context OkapiAuthenticationToken [Principal=com.k_int.okapi.springsecurity.OkapiAuthenticationToken$OkapiUserDetails@38cbe976, Credentials=[PROTECTED], Authenticated=true, Details=null, Granted Authorities=[]]
2026-07-21 07:21:14.190  DEBUG  --- [  XNIO-1 task-2] com.k_int.okapi.OkapiTenantAdminService  : checkTenantAndEnsureDatasource
2026-07-21 07:21:14.192  DEBUG  --- [  XNIO-1 task-2] com.k_int.okapi.OkapiTenantAdminService  : Checking to see if r13a is already active
2026-07-21 07:21:14.193  DEBUG  --- [  XNIO-1 task-2] com.k_int.okapi.OkapiTenantAdminService  : ensureDatasource for r13a_mod_service_interaction
2026-07-21 07:21:14.195  DEBUG  --- [  XNIO-1 task-2] com.k_int.web.toolkit.utils.DomainUtils  : Returning org.olf.numgen.NumberGenerator:code from cache.
2026-07-21 07:21:14.195  DEBUG  --- [  XNIO-1 task-2] c.k_int.web.toolkit.SimpleLookupService  : Looking for property code
2026-07-21 07:21:14.195  DEBUG  --- [  XNIO-1 task-2] c.k_int.web.toolkit.SimpleLookupService  : Sort on code asc.
2026-07-21 07:21:14.250  DEBUG  --- [  XNIO-1 task-2] c.k.o.s.OkapiAuthenticationFilter        : Set SecurityContextHolder to OkapiAuthenticationToken [Principal=com.k_int.okapi.springsecurity.OkapiAuthenticationToken$OkapiUserDetails@21e776f, Credentials=[PROTECTED], Authenticated=true, Details=null, Granted Authorities=[]]
2026-07-21 07:21:14.250   INFO  --- [  XNIO-1 task-2] c.k.o.s.OkapiAuthenticationFilter        : OKAPI User added to security context OkapiAuthenticationToken [Principal=com.k_int.okapi.springsecurity.OkapiAuthenticationToken$OkapiUserDetails@21e776f, Credentials=[PROTECTED], Authenticated=true, Details=null, Granted Authorities=[]]
2026-07-21 07:21:14.252  DEBUG  --- [  XNIO-1 task-2] com.k_int.okapi.OkapiTenantAdminService  : checkTenantAndEnsureDatasource
2026-07-21 07:21:14.255  DEBUG  --- [  XNIO-1 task-2] com.k_int.okapi.OkapiTenantAdminService  : Checking to see if r13a is already active
2026-07-21 07:21:14.256  DEBUG  --- [  XNIO-1 task-2] com.k_int.okapi.OkapiTenantAdminService  : ensureDatasource for r13a_mod_service_interaction
2026-07-21 07:21:14.258  DEBUG  --- [  XNIO-1 task-2] com.k_int.web.toolkit.utils.DomainUtils  : Returning org.olf.numgen.NumberGenerator:code from cache.
2026-07-21 07:21:14.258  DEBUG  --- [  XNIO-1 task-2] c.k_int.web.toolkit.SimpleLookupService  : Looking for property code
2026-07-21 07:21:14.259  DEBUG  --- [  XNIO-1 task-2] c.k_int.web.toolkit.SimpleLookupService  : Sort on code asc.
2026-07-21 07:21:14.316  DEBUG  --- [  XNIO-1 task-2] c.k.o.s.OkapiAuthenticationFilter        : Set SecurityContextHolder to OkapiAuthenticationToken [Principal=com.k_int.okapi.springsecurity.OkapiAuthenticationToken$OkapiUserDetails@7119c75f, Credentials=[PROTECTED], Authenticated=true, Details=null, Granted Authorities=[]]
2026-07-21 07:21:14.316   INFO  --- [  XNIO-1 task-2] c.k.o.s.OkapiAuthenticationFilter        : OKAPI User added to security context OkapiAuthenticationToken [Principal=com.k_int.okapi.springsecurity.OkapiAuthenticationToken$OkapiUserDetails@7119c75f, Credentials=[PROTECTED], Authenticated=true, Details=null, Granted Authorities=[]]
2026-07-21 07:21:14.318  DEBUG  --- [  XNIO-1 task-2] com.k_int.okapi.OkapiTenantAdminService  : checkTenantAndEnsureDatasource
2026-07-21 07:21:14.320  DEBUG  --- [  XNIO-1 task-2] com.k_int.okapi.OkapiTenantAdminService  : Checking to see if r13a is already active
2026-07-21 07:21:14.322  DEBUG  --- [  XNIO-1 task-2] com.k_int.okapi.OkapiTenantAdminService  : ensureDatasource for r13a_mod_service_interaction
2026-07-21 07:21:14.328  ERROR  --- [  XNIO-1 task-2] o.h.engine.jdbc.spi.SqlExceptionHelper   : ERROR: duplicate key value violates unique constraint "NumberGeneratorUniqueCode"
  Detail: Key (ng_code)=(m4gen) already exists.
2026-07-21 07:21:14.338  ERROR  --- [  XNIO-1 task-2] StackTrace                               : Full Stack Trace:

org.springframework.dao.DataIntegrityViolationException: could not execute statement; SQL [n/a]; constraint [NumberGeneratorUniqueCode]; nested exception is org.hibernate.exception.ConstraintViolationException: could not execute statement
	at org.springframework.orm.hibernate5.SessionFactoryUtils.convertHibernateAccessException(SessionFactoryUtils.java:212)
	at org.grails.orm.hibernate.GrailsHibernateTemplate.doExecute(GrailsHibernateTemplate.java:305)
	at org.grails.orm.hibernate.GrailsHibernateTemplate.execute(GrailsHibernateTemplate.java:241)
	at org.grails.orm.hibernate.GrailsHibernateTemplate.execute(GrailsHibernateTemplate.java:120)
	at org.grails.orm.hibernate.AbstractHibernateGormInstanceApi.performSave(AbstractHibernateGormInstanceApi.groovy:247)
	at org.grails.orm.hibernate.AbstractHibernateGormInstanceApi.save(AbstractHibernateGormInstanceApi.groovy:164)
	at org.grails.datastore.gorm.GormEntity$Trait$Helper.save(GormEntity.groovy:153)
	at org.grails.datastore.gorm.GormEntity$Trait$Helper$save$2.call(Unknown Source)
	at org.olf.numgen.NumberGenerator.save(NumberGenerator.groovy)
	at org.olf.numgen.NumberGenerator.save(NumberGenerator.groovy)
	at org.grails.datastore.gorm.GormEntity$save.call(Unknown Source)
	at org.codehaus.groovy.runtime.callsite.CallSiteArray.defaultCall(CallSiteArray.java:47)
	at org.grails.datastore.gorm.GormEntity$save.call(Unknown Source)
	at grails.rest.RestfulController.saveResource(RestfulController.groovy:297)
	at com.k_int.web.toolkit.rest.TenantAwareRestfulController.super$2$saveResource(TenantAwareRestfulController.groovy)
	at java.base/jdk.internal.reflect.NativeMethodAccessorImpl.invoke0(Native Method)
	at java.base/jdk.internal.reflect.NativeMethodAccessorImpl.invoke(NativeMethodAccessorImpl.java:77)
	at java.base/jdk.internal.reflect.DelegatingMethodAccessorImpl.invoke(DelegatingMethodAccessorImpl.java:43)
	at java.base/java.lang.reflect.Method.invoke(Method.java:569)
	at org.codehaus.groovy.reflection.CachedMethod.invoke(CachedMethod.java:107)
	at groovy.lang.MetaMethod.doMethodInvoke(MetaMethod.java:323)
	at groovy.lang.MetaClassImpl.invokeMethod(MetaClassImpl.java:1254)
	at org.codehaus.groovy.runtime.ScriptBytecodeAdapter.invokeMethodOnSuperN(ScriptBytecodeAdapter.java:144)
	at com.k_int.web.toolkit.rest.TenantAwareRestfulController.saveResource(TenantAwareRestfulController.groovy:87)
	at java.base/jdk.internal.reflect.NativeMethodAccessorImpl.invoke0(Native Method)
	at java.base/jdk.internal.reflect.NativeMethodAccessorImpl.invoke(NativeMethodAccessorImpl.java:77)
	at java.base/jdk.internal.reflect.DelegatingMethodAccessorImpl.invoke(DelegatingMethodAccessorImpl.java:43)
	at java.base/java.lang.reflect.Method.invoke(Method.java:569)
	at org.codehaus.groovy.runtime.callsite.PlainObjectMetaMethodSite.doInvoke(PlainObjectMetaMethodSite.java:48)
	at org.codehaus.groovy.runtime.callsite.PogoMetaMethodSite$PogoCachedMethodSiteNoUnwrapNoCoerce.invoke(PogoMetaMethodSite.java:189)
	at org.codehaus.groovy.runtime.callsite.PogoMetaMethodSite.callCurrent(PogoMetaMethodSite.java:57)
	at org.codehaus.groovy.runtime.callsite.CallSiteArray.defaultCallCurrent(CallSiteArray.java:51)
	at org.codehaus.groovy.runtime.callsite.PogoMetaMethodSite.callCurrent(PogoMetaMethodSite.java:62)
	at org.codehaus.groovy.runtime.callsite.AbstractCallSite.callCurrent(AbstractCallSite.java:185)
	at grails.rest.RestfulController.$tt__save(RestfulController.groovy:102)
	at java.base/jdk.internal.reflect.NativeMethodAccessorImpl.invoke0(Native Method)
	at java.base/jdk.internal.reflect.NativeMethodAccessorImpl.invoke(NativeMethodAccessorImpl.java:77)
	at java.base/jdk.internal.reflect.DelegatingMethodAccessorImpl.invoke(DelegatingMethodAccessorImpl.java:43)
	at java.base/java.lang.reflect.Method.invoke(Method.java:569)
	at org.codehaus.groovy.reflection.CachedMethod.invoke(CachedMethod.java:107)
	at groovy.lang.MetaMethod.doMethodInvoke(MetaMethod.java:323)
	at groovy.lang.MetaClassImpl.invokeMethod(MetaClassImpl.java:1254)
	at groovy.lang.MetaClassImpl.invokeMethod(MetaClassImpl.java:1030)
	at org.codehaus.groovy.runtime.InvokerHelper.invokePogoMethod(InvokerHelper.java:1059)
	at org.codehaus.groovy.runtime.InvokerHelper.invokeMethod(InvokerHelper.java:1042)
	at org.codehaus.groovy.runtime.InvokerHelper.invokeMethodSafe(InvokerHelper.java:97)
	at grails.rest.RestfulController$_save_closure3.doCall(RestfulController.groovy)
	at java.base/jdk.internal.reflect.NativeMethodAccessorImpl.invoke0(Native Method)
	at java.base/jdk.internal.reflect.NativeMethodAccessorImpl.invoke(NativeMethodAccessorImpl.java:77)
	at java.base/jdk.internal.reflect.DelegatingMethodAccessorImpl.invoke(DelegatingMethodAccessorImpl.java:43)
	at java.base/java.lang.reflect.Method.invoke(Method.java:569)
	at org.codehaus.groovy.reflection.CachedMethod.invoke(CachedMethod.java:107)
	at groovy.lang.MetaMethod.doMethodInvoke(MetaMethod.java:323)
	at org.codehaus.groovy.runtime.metaclass.ClosureMetaClass.invokeMethod(ClosureMetaClass.java:274)
	at groovy.lang.MetaClassImpl.invokeMethod(MetaClassImpl.java:1030)
	at groovy.lang.Closure.call(Closure.java:427)
	at groovy.lang.Closure.call(Closure.java:416)
	at grails.gorm.transactions.GrailsTransactionTemplate$2.doInTransaction(GrailsTransactionTemplate.groovy:94)
	at org.springframework.transaction.support.TransactionTemplate.execute(TransactionTemplate.java:140)
	at grails.gorm.transactions.GrailsTransactionTemplate.execute(GrailsTransactionTemplate.groovy:91)
	at grails.rest.RestfulController.save(RestfulController.groovy)
	at com.k_int.web.toolkit.rest.TenantAwareRestfulController.super$2$save(TenantAwareRestfulController.groovy)
	at java.base/jdk.internal.reflect.NativeMethodAccessorImpl.invoke0(Native Method)
	at java.base/jdk.internal.reflect.NativeMethodAccessorImpl.invoke(NativeMethodAccessorImpl.java:77)
	at java.base/jdk.internal.reflect.DelegatingMethodAccessorImpl.invoke(DelegatingMethodAccessorImpl.java:43)
	at java.base/java.lang.reflect.Method.invoke(Method.java:569)
	at org.codehaus.groovy.reflection.CachedMethod.invoke(CachedMethod.java:107)
	at groovy.lang.MetaMethod.doMethodInvoke(MetaMethod.java:323)
	at groovy.lang.MetaClassImpl.invokeMethod(MetaClassImpl.java:1254)
	at org.codehaus.groovy.runtime.ScriptBytecodeAdapter.invokeMethodOnSuperN(ScriptBytecodeAdapter.java:144)
	at org.codehaus.groovy.runtime.ScriptBytecodeAdapter.invokeMethodOnSuper0(ScriptBytecodeAdapter.java:164)
	at com.k_int.web.toolkit.rest.TenantAwareRestfulController.$tt__tenantAwareRestfulController_save(TenantAwareRestfulController.groovy:42)
	at com.k_int.web.toolkit.rest.TenantAwareRestfulController$__mt__tenantAwareRestfulController_save_closure13.doCall(TenantAwareRestfulController.groovy)
	at java.base/jdk.internal.reflect.NativeMethodAccessorImpl.invoke0(Native Method)
	at java.base/jdk.internal.reflect.NativeMethodAccessorImpl.invoke(NativeMethodAccessorImpl.java:77)
	at java.base/jdk.internal.reflect.DelegatingMethodAccessorImpl.invoke(DelegatingMethodAccessorImpl.java:43)
	at java.base/java.lang.reflect.Method.invoke(Method.java:569)
	at org.codehaus.groovy.reflection.CachedMethod.invoke(CachedMethod.java:107)
	at groovy.lang.MetaMethod.doMethodInvoke(MetaMethod.java:323)
	at org.codehaus.groovy.runtime.metaclass.ClosureMetaClass.invokeMethod(ClosureMetaClass.java:274)
	at groovy.lang.MetaClassImpl.invokeMethod(MetaClassImpl.java:1030)
	at groovy.lang.Closure.call(Closure.java:427)
	at groovy.lang.Closure.call(Closure.java:416)
	at grails.gorm.transactions.GrailsTransactionTemplate$2.doInTransaction(GrailsTransactionTemplate.groovy:94)
	at org.springframework.transaction.support.TransactionTemplate.execute(TransactionTemplate.java:140)
	at grails.gorm.transactions.GrailsTransactionTemplate.execute(GrailsTransactionTemplate.groovy:91)
	at com.k_int.web.toolkit.rest.TenantAwareRestfulController.$mt__tenantAwareRestfulController_save(TenantAwareRestfulController.groovy)
	at java.base/jdk.internal.reflect.NativeMethodAccessorImpl.invoke0(Native Method)
	at java.base/jdk.internal.reflect.NativeMethodAccessorImpl.invoke(NativeMethodAccessorImpl.java:77)
	at java.base/jdk.internal.reflect.DelegatingMethodAccessorImpl.invoke(DelegatingMethodAccessorImpl.java:43)
	at java.base/java.lang.reflect.Method.invoke(Method.java:569)
	at org.codehaus.groovy.reflection.CachedMethod.invoke(CachedMethod.java:107)
	at groovy.lang.MetaMethod.doMethodInvoke(MetaMethod.java:323)
	at groovy.lang.MetaClassImpl.invokeMethod(MetaClassImpl.java:1254)
	at groovy.lang.MetaClassImpl.invokeMethod(MetaClassImpl.java:1030)
	at org.codehaus.groovy.runtime.InvokerHelper.invokePogoMethod(InvokerHelper.java:1059)
	at org.codehaus.groovy.runtime.InvokerHelper.invokeMethod(InvokerHelper.java:1042)
	at org.codehaus.groovy.runtime.InvokerHelper.invokeMethodSafe(InvokerHelper.java:97)
	at com.k_int.web.toolkit.rest.TenantAwareRestfulController$_save_closure4.doCall(TenantAwareRestfulController.groovy)
	at java.base/jdk.internal.reflect.NativeMethodAccessorImpl.invoke0(Native Method)
	at java.base/jdk.internal.reflect.NativeMethodAccessorImpl.invoke(NativeMethodAccessorImpl.java:77)
	at java.base/jdk.internal.reflect.DelegatingMethodAccessorImpl.invoke(DelegatingMethodAccessorImpl.java:43)
	at java.base/java.lang.reflect.Method.invoke(Method.java:569)
	at org.codehaus.groovy.reflection.CachedMethod.invoke(CachedMethod.java:107)
	at groovy.lang.MetaMethod.doMethodInvoke(MetaMethod.java:323)
	at org.codehaus.groovy.runtime.metaclass.ClosureMetaClass.invokeMethod(ClosureMetaClass.java:274)
	at groovy.lang.MetaClassImpl.invokeMethod(MetaClassImpl.java:1030)
	at groovy.lang.Closure.call(Closure.java:427)
	at groovy.lang.Closure.call(Closure.java:416)
	at grails.gorm.multitenancy.Tenants$_withId_closure2$_closure6.doCall(Tenants.groovy:265)
	at grails.gorm.multitenancy.Tenants$_withId_closure2$_closure6.call(Tenants.groovy)
	at org.grails.orm.hibernate.GrailsHibernateTemplate.doExecute(GrailsHibernateTemplate.java:297)
	at org.grails.orm.hibernate.GrailsHibernateTemplate.execute(GrailsHibernateTemplate.java:241)
	at org.grails.orm.hibernate.GrailsHibernateTemplate.executeWithNewSession(GrailsHibernateTemplate.java:153)
	at org.grails.orm.hibernate.GrailsHibernateTemplate.executeWithExistingOrCreateNewSession(GrailsHibernateTemplate.java:207)
	at org.grails.orm.hibernate.AbstractHibernateDatastore.withNewSession(AbstractHibernateDatastore.java:369)
	at grails.gorm.multitenancy.Tenants$_withId_closure2.doCall(Tenants.groovy:258)
	at grails.gorm.multitenancy.Tenants$_withId_closure2.call(Tenants.groovy)
	at grails.gorm.multitenancy.Tenants$CurrentTenant.withTenant(Tenants.groovy:358)
	at grails.gorm.multitenancy.Tenants.withId(Tenants.groovy:236)
	at org.grails.datastore.gorm.services.DefaultTenantService.withCurrent(DefaultTenantService.groovy:71)
	at com.k_int.web.toolkit.rest.TenantAwareRestfulController.save(TenantAwareRestfulController.groovy)
	at org.grails.core.DefaultGrailsControllerClass$MethodHandleInvoker.invoke(DefaultGrailsControllerClass.java:223)
	at org.grails.core.DefaultGrailsControllerClass.invoke(DefaultGrailsControllerClass.java:188)
	at org.grails.web.mapping.mvc.UrlMappingsInfoHandlerAdapter.handle(UrlMappingsInfoHandlerAdapter.groovy:90)
	at org.springframework.web.servlet.DispatcherServlet.doDispatch(DispatcherServlet.java:1072)
	at org.springframework.web.servlet.DispatcherServlet.doService(DispatcherServlet.java:965)
	at org.springframework.web.servlet.FrameworkServlet.processRequest(FrameworkServlet.java:1006)
	at org.springframework.web.servlet.FrameworkServlet.doPost(FrameworkServlet.java:909)
	at javax.servlet.http.HttpServlet.service(HttpServlet.java:665)
	at org.springframework.web.servlet.FrameworkServlet.service(FrameworkServlet.java:883)
	at javax.servlet.http.HttpServlet.service(HttpServlet.java:750)
	at io.undertow.servlet.handlers.ServletHandler.handleRequest(ServletHandler.java:74)
	at io.undertow.servlet.handlers.FilterHandler$FilterChainImpl.doFilter(FilterHandler.java:129)
	at org.springframework.security.web.FilterChainProxy$VirtualFilterChain.doFilter(FilterChainProxy.java:352)
	at org.springframework.security.web.access.intercept.FilterSecurityInterceptor.invoke(FilterSecurityInterceptor.java:117)
	at org.springframework.security.web.access.intercept.FilterSecurityInterceptor.doFilter(FilterSecurityInterceptor.java:83)
	at org.springframework.security.web.FilterChainProxy$VirtualFilterChain.doFilter(FilterChainProxy.java:361)
	at org.springframework.security.web.access.ExceptionTranslationFilter.doFilter(ExceptionTranslationFilter.java:126)
	at org.springframework.security.web.access.ExceptionTranslationFilter.doFilter(ExceptionTranslationFilter.java:120)
	at grails.plugin.springsecurity.web.UpdateRequestContextHolderExceptionTranslationFilter.doFilter(UpdateRequestContextHolderExceptionTranslationFilter.groovy:64)
	at org.springframework.security.web.FilterChainProxy$VirtualFilterChain.doFilter(FilterChainProxy.java:361)
	at org.springframework.web.filter.FormContentFilter.doFilterInternal(FormContentFilter.java:93)
	at org.springframework.web.filter.OncePerRequestFilter.doFilter(OncePerRequestFilter.java:117)
	at org.springframework.security.web.FilterChainProxy$VirtualFilterChain.doFilter(FilterChainProxy.java:361)
	at grails.plugin.springsecurity.web.filter.GrailsAnonymousAuthenticationFilter.doFilter(GrailsAnonymousAuthenticationFilter.groovy:52)
	at org.springframework.security.web.FilterChainProxy$VirtualFilterChain.doFilter(FilterChainProxy.java:361)
	at org.springframework.security.web.servletapi.SecurityContextHolderAwareRequestFilter.doFilter(SecurityContextHolderAwareRequestFilter.java:164)
	at org.springframework.security.web.FilterChainProxy$VirtualFilterChain.doFilter(FilterChainProxy.java:361)
	at org.springframework.security.web.authentication.AbstractAuthenticationProcessingFilter.doFilter(AbstractAuthenticationProcessingFilter.java:227)
	at org.springframework.security.web.authentication.AbstractAuthenticationProcessingFilter.doFilter(AbstractAuthenticationProcessingFilter.java:221)
	at org.springframework.security.web.FilterChainProxy$VirtualFilterChain.doFilter(FilterChainProxy.java:361)
	at grails.plugin.springsecurity.web.authentication.logout.MutableLogoutFilter.doFilter(MutableLogoutFilter.groovy:62)
	at org.springframework.security.web.FilterChainProxy$VirtualFilterChain.doFilter(FilterChainProxy.java:361)
	at grails.plugin.springsecurity.web.SecurityRequestHolderFilter.doFilter(SecurityRequestHolderFilter.groovy:58)
	at org.springframework.security.web.FilterChainProxy$VirtualFilterChain.doFilter(FilterChainProxy.java:361)
	at javax.servlet.FilterChain$doFilter.call(Unknown Source)
	at com.k_int.okapi.springsecurity.OkapiAuthenticationFilter.successfulAuthentication(OkapiAuthenticationFilter.groovy:127)
	at org.springframework.security.web.authentication.AbstractAuthenticationProcessingFilter.doFilter(AbstractAuthenticationProcessingFilter.java:241)
	at org.springframework.security.web.authentication.AbstractAuthenticationProcessingFilter.doFilter(AbstractAuthenticationProcessingFilter.java:221)
	at org.springframework.security.web.FilterChainProxy$VirtualFilterChain.doFilter(FilterChainProxy.java:361)
	at org.springframework.security.web.FilterChainProxy.doFilterInternal(FilterChainProxy.java:225)
	at org.springframework.security.web.FilterChainProxy.doFilter(FilterChainProxy.java:190)
	at io.undertow.servlet.core.ManagedFilter.doFilter(ManagedFilter.java:67)
	at io.undertow.servlet.handlers.FilterHandler$FilterChainImpl.doFilter(FilterHandler.java:131)
	at org.grails.web.servlet.mvc.GrailsWebRequestFilter.doFilterInternal(GrailsWebRequestFilter.java:77)
	at org.springframework.web.filter.OncePerRequestFilter.doFilter(OncePerRequestFilter.java:117)
	at io.undertow.servlet.core.ManagedFilter.doFilter(ManagedFilter.java:67)
	at io.undertow.servlet.handlers.FilterHandler$FilterChainImpl.doFilter(FilterHandler.java:131)
	at org.grails.web.filters.HiddenHttpMethodFilter.doFilterInternal(HiddenHttpMethodFilter.java:67)
	at org.springframework.web.filter.OncePerRequestFilter.doFilter(OncePerRequestFilter.java:117)
	at io.undertow.servlet.core.ManagedFilter.doFilter(ManagedFilter.java:67)
	at io.undertow.servlet.handlers.FilterHandler$FilterChainImpl.doFilter(FilterHandler.java:131)
	at org.springframework.web.filter.CharacterEncodingFilter.doFilterInternal(CharacterEncodingFilter.java:201)
	at org.springframework.web.filter.OncePerRequestFilter.doFilter(OncePerRequestFilter.java:117)
	at io.undertow.servlet.core.ManagedFilter.doFilter(ManagedFilter.java:67)
	at io.undertow.servlet.handlers.FilterHandler$FilterChainImpl.doFilter(FilterHandler.java:131)
	at org.springframework.boot.actuate.metrics.web.servlet.WebMvcMetricsFilter.doFilterInternal(WebMvcMetricsFilter.java:96)
	at org.springframework.web.filter.OncePerRequestFilter.doFilter(OncePerRequestFilter.java:117)
	at io.undertow.servlet.core.ManagedFilter.doFilter(ManagedFilter.java:67)
	at io.undertow.servlet.handlers.FilterHandler$FilterChainImpl.doFilter(FilterHandler.java:131)
	at org.springframework.web.filter.CorsFilter.doFilterInternal(CorsFilter.java:91)
	at org.springframework.web.filter.OncePerRequestFilter.doFilter(OncePerRequestFilter.java:117)
	at io.undertow.servlet.core.ManagedFilter.doFilter(ManagedFilter.java:67)
	at io.undertow.servlet.handlers.FilterHandler$FilterChainImpl.doFilter(FilterHandler.java:131)
	at io.undertow.servlet.handlers.FilterHandler.handleRequest(FilterHandler.java:84)
	at io.undertow.servlet.handlers.security.ServletSecurityRoleHandler.handleRequest(ServletSecurityRoleHandler.java:62)
	at io.undertow.servlet.handlers.ServletChain$1.handleRequest(ServletChain.java:68)
	at io.undertow.servlet.handlers.ServletDispatchingHandler.handleRequest(ServletDispatchingHandler.java:36)
	at io.undertow.servlet.handlers.RedirectDirHandler.handleRequest(RedirectDirHandler.java:68)
	at io.undertow.servlet.handlers.security.SSLInformationAssociationHandler.handleRequest(SSLInformationAssociationHandler.java:117)
	at io.undertow.servlet.handlers.security.ServletAuthenticationCallHandler.handleRequest(ServletAuthenticationCallHandler.java:57)
	at io.undertow.server.handlers.PredicateHandler.handleRequest(PredicateHandler.java:43)
	at io.undertow.security.handlers.AbstractConfidentialityHandler.handleRequest(AbstractConfidentialityHandler.java:46)
	at io.undertow.servlet.handlers.security.ServletConfidentialityConstraintHandler.handleRequest(ServletConfidentialityConstraintHandler.java:64)
	at io.undertow.security.handlers.AuthenticationMechanismsHandler.handleRequest(AuthenticationMechanismsHandler.java:60)
	at io.undertow.servlet.handlers.security.CachedAuthenticatedSessionHandler.handleRequest(CachedAuthenticatedSessionHandler.java:75)
	at io.undertow.security.handlers.AbstractSecurityContextAssociationHandler.handleRequest(AbstractSecurityContextAssociationHandler.java:43)
	at io.undertow.server.handlers.PredicateHandler.handleRequest(PredicateHandler.java:43)
	at io.undertow.servlet.handlers.SendErrorPageHandler.handleRequest(SendErrorPageHandler.java:52)
	at io.undertow.server.handlers.PredicateHandler.handleRequest(PredicateHandler.java:43)
	at io.undertow.servlet.handlers.ServletInitialHandler.handleFirstRequest(ServletInitialHandler.java:270)
	at io.undertow.servlet.handlers.ServletInitialHandler.access$000(ServletInitialHandler.java:78)
	at io.undertow.servlet.handlers.ServletInitialHandler$1.call(ServletInitialHandler.java:129)
	at io.undertow.servlet.handlers.ServletInitialHandler$1.call(ServletInitialHandler.java:126)
	at io.undertow.servlet.core.ServletRequestContextThreadSetupAction$1.call(ServletRequestContextThreadSetupAction.java:48)
	at io.undertow.servlet.core.ContextClassLoaderSetupAction$1.call(ContextClassLoaderSetupAction.java:43)
	at io.undertow.servlet.handlers.ServletInitialHandler.dispatchRequest(ServletInitialHandler.java:250)
	at io.undertow.servlet.handlers.ServletInitialHandler.lambda$new$1(ServletInitialHandler.java:98)
	at io.undertow.server.Connectors.executeRootHandler(Connectors.java:395)
	at io.undertow.server.HttpServerExchange$1.run(HttpServerExchange.java:931)
	at org.jboss.threads.ContextHandler$1.runWith(ContextHandler.java:18)
	at org.jboss.threads.EnhancedQueueExecutor$Task.run(EnhancedQueueExecutor.java:2513)
	at org.jboss.threads.EnhancedQueueExecutor$ThreadBody.run(EnhancedQueueExecutor.java:1538)
	at org.xnio.XnioWorker$WorkerThreadFactory$1$1.run(XnioWorker.java:1282)
	at java.base/java.lang.Thread.run(Thread.java:840)
Caused by: org.hibernate.exception.ConstraintViolationException: could not execute statement
	at org.hibernate.exception.internal.SQLStateConversionDelegate.convert(SQLStateConversionDelegate.java:109)
	at org.hibernate.exception.internal.StandardSQLExceptionConverter.convert(StandardSQLExceptionConverter.java:37)
	at org.hibernate.engine.jdbc.spi.SqlExceptionHelper.convert(SqlExceptionHelper.java:113)
	at org.hibernate.engine.jdbc.spi.SqlExceptionHelper.convert(SqlExceptionHelper.java:99)
	at org.hibernate.engine.jdbc.internal.ResultSetReturnImpl.executeUpdate(ResultSetReturnImpl.java:200)
	at org.hibernate.engine.jdbc.batch.internal.NonBatchingBatch.addToBatch(NonBatchingBatch.java:46)
	at org.hibernate.persister.entity.AbstractEntityPersister.insert(AbstractEntityPersister.java:3375)
	at org.hibernate.persister.entity.AbstractEntityPersister.insert(AbstractEntityPersister.java:3937)
	at org.hibernate.action.internal.EntityInsertAction.execute(EntityInsertAction.java:107)
	at org.hibernate.engine.spi.ActionQueue.executeActions(ActionQueue.java:604)
	at org.hibernate.engine.spi.ActionQueue.lambda$executeActions$1(ActionQueue.java:478)
	at java.base/java.util.LinkedHashMap.forEach(LinkedHashMap.java:721)
	at org.hibernate.engine.spi.ActionQueue.executeActions(ActionQueue.java:475)
	at org.hibernate.event.internal.AbstractFlushingEventListener.performExecutions(AbstractFlushingEventListener.java:344)
	at org.hibernate.event.internal.DefaultFlushEventListener.onFlush(DefaultFlushEventListener.java:40)
	at org.hibernate.event.service.internal.EventListenerGroupImpl.fireEventOnEachListener(EventListenerGroupImpl.java:107)
	at org.hibernate.internal.SessionImpl.doFlush(SessionImpl.java:1407)
	at org.hibernate.internal.SessionImpl.flush(SessionImpl.java:1394)
	at org.grails.orm.hibernate.AbstractHibernateGormInstanceApi.flushSession(AbstractHibernateGormInstanceApi.groovy:285)
	at jdk.internal.reflect.GeneratedMethodAccessor388.invoke(Unknown Source)
	at java.base/jdk.internal.reflect.DelegatingMethodAccessorImpl.invoke(DelegatingMethodAccessorImpl.java:43)
	at java.base/java.lang.reflect.Method.invoke(Method.java:569)
	at org.codehaus.groovy.reflection.CachedMethod.invoke(CachedMethod.java:107)
	at groovy.lang.MetaMethod.doMethodInvoke(MetaMethod.java:323)
	at groovy.lang.MetaClassImpl.invokeMethod(MetaClassImpl.java:1254)
	at groovy.lang.MetaClassImpl.invokeMethod(MetaClassImpl.java:1030)
	at org.codehaus.groovy.runtime.InvokerHelper.invokePogoMethod(InvokerHelper.java:1059)
	at org.codehaus.groovy.runtime.InvokerHelper.invokeMethod(InvokerHelper.java:1042)
	at org.codehaus.groovy.runtime.InvokerHelper.invokeMethodSafe(InvokerHelper.java:97)
	at org.grails.orm.hibernate.AbstractHibernateGormInstanceApi$_performSave_closure3.doCall(AbstractHibernateGormInstanceApi.groovy:250)
	at jdk.internal.reflect.GeneratedMethodAccessor387.invoke(Unknown Source)
	at java.base/jdk.internal.reflect.DelegatingMethodAccessorImpl.invoke(DelegatingMethodAccessorImpl.java:43)
	at java.base/java.lang.reflect.Method.invoke(Method.java:569)
	at org.codehaus.groovy.reflection.CachedMethod.invoke(CachedMethod.java:107)
	at groovy.lang.MetaMethod.doMethodInvoke(MetaMethod.java:323)
	at org.codehaus.groovy.runtime.metaclass.ClosureMetaClass.invokeMethod(ClosureMetaClass.java:274)
	at groovy.lang.MetaClassImpl.invokeMethod(MetaClassImpl.java:1030)
	at groovy.lang.Closure.call(Closure.java:427)
	at org.codehaus.groovy.runtime.ConvertedClosure.invokeCustom(ConvertedClosure.java:50)
	at org.codehaus.groovy.runtime.ConversionHandler.invoke(ConversionHandler.java:112)
	at jdk.proxy2/jdk.proxy2.$Proxy187.doInHibernate(Unknown Source)
	at org.grails.orm.hibernate.GrailsHibernateTemplate.doExecute(GrailsHibernateTemplate.java:297)
	... 214 common frames omitted
Caused by: org.postgresql.util.PSQLException: ERROR: duplicate key value violates unique constraint "NumberGeneratorUniqueCode"
  Detail: Key (ng_code)=(m4gen) already exists.
	at org.postgresql.core.v3.QueryExecutorImpl.receiveErrorResponse(QueryExecutorImpl.java:2904)
	at org.postgresql.core.v3.QueryExecutorImpl.processResults(QueryExecutorImpl.java:2589)
	at org.postgresql.core.v3.QueryExecutorImpl.execute(QueryExecutorImpl.java:431)
	at org.postgresql.jdbc.PgStatement.executeInternal(PgStatement.java:534)
	at org.postgresql.jdbc.PgStatement.execute(PgStatement.java:437)
	at org.postgresql.jdbc.PgPreparedStatement.executeWithFlags(PgPreparedStatement.java:196)
	at org.postgresql.jdbc.PgPreparedStatement.executeUpdate(PgPreparedStatement.java:157)
	at com.zaxxer.hikari.pool.ProxyPreparedStatement.executeUpdate(ProxyPreparedStatement.java:61)
	at com.zaxxer.hikari.pool.HikariProxyPreparedStatement.executeUpdate(HikariProxyPreparedStatement.java)
	at org.hibernate.engine.jdbc.internal.ResultSetReturnImpl.executeUpdate(ResultSetReturnImpl.java:197)
	... 251 common frames omitted

2026-07-21 07:21:14.339  ERROR  --- [  XNIO-1 task-2] StackTrace                               : Full Stack Trace:

org.hibernate.exception.ConstraintViolationException: could not execute statement
	at org.hibernate.exception.internal.SQLStateConversionDelegate.convert(SQLStateConversionDelegate.java:109)
	at org.hibernate.exception.internal.StandardSQLExceptionConverter.convert(StandardSQLExceptionConverter.java:37)
	at org.hibernate.engine.jdbc.spi.SqlExceptionHelper.convert(SqlExceptionHelper.java:113)
	at org.hibernate.engine.jdbc.spi.SqlExceptionHelper.convert(SqlExceptionHelper.java:99)
	at org.hibernate.engine.jdbc.internal.ResultSetReturnImpl.executeUpdate(ResultSetReturnImpl.java:200)
	at org.hibernate.engine.jdbc.batch.internal.NonBatchingBatch.addToBatch(NonBatchingBatch.java:46)
	at org.hibernate.persister.entity.AbstractEntityPersister.insert(AbstractEntityPersister.java:3375)
	at org.hibernate.persister.entity.AbstractEntityPersister.insert(AbstractEntityPersister.java:3937)
	at org.hibernate.action.internal.EntityInsertAction.execute(EntityInsertAction.java:107)
	at org.hibernate.engine.spi.ActionQueue.executeActions(ActionQueue.java:604)
	at org.hibernate.engine.spi.ActionQueue.lambda$executeActions$1(ActionQueue.java:478)
	at java.base/java.util.LinkedHashMap.forEach(LinkedHashMap.java:721)
	at org.hibernate.engine.spi.ActionQueue.executeActions(ActionQueue.java:475)
	at org.hibernate.event.internal.AbstractFlushingEventListener.performExecutions(AbstractFlushingEventListener.java:344)
	at org.hibernate.event.internal.DefaultFlushEventListener.onFlush(DefaultFlushEventListener.java:40)
	at org.hibernate.event.service.internal.EventListenerGroupImpl.fireEventOnEachListener(EventListenerGroupImpl.java:107)
	at org.hibernate.internal.SessionImpl.doFlush(SessionImpl.java:1407)
	at org.hibernate.internal.SessionImpl.flush(SessionImpl.java:1394)
	at org.grails.orm.hibernate.AbstractHibernateGormInstanceApi.flushSession(AbstractHibernateGormInstanceApi.groovy:285)
	at jdk.internal.reflect.GeneratedMethodAccessor388.invoke(Unknown Source)
	at java.base/jdk.internal.reflect.DelegatingMethodAccessorImpl.invoke(DelegatingMethodAccessorImpl.java:43)
	at java.base/java.lang.reflect.Method.invoke(Method.java:569)
	at org.codehaus.groovy.reflection.CachedMethod.invoke(CachedMethod.java:107)
	at groovy.lang.MetaMethod.doMethodInvoke(MetaMethod.java:323)
	at groovy.lang.MetaClassImpl.invokeMethod(MetaClassImpl.java:1254)
	at groovy.lang.MetaClassImpl.invokeMethod(MetaClassImpl.java:1030)
	at org.codehaus.groovy.runtime.InvokerHelper.invokePogoMethod(InvokerHelper.java:1059)
	at org.codehaus.groovy.runtime.InvokerHelper.invokeMethod(InvokerHelper.java:1042)
	at org.codehaus.groovy.runtime.InvokerHelper.invokeMethodSafe(InvokerHelper.java:97)
	at org.grails.orm.hibernate.AbstractHibernateGormInstanceApi$_performSave_closure3.doCall(AbstractHibernateGormInstanceApi.groovy:250)
	at jdk.internal.reflect.GeneratedMethodAccessor387.invoke(Unknown Source)
	at java.base/jdk.internal.reflect.DelegatingMethodAccessorImpl.invoke(DelegatingMethodAccessorImpl.java:43)
	at java.base/java.lang.reflect.Method.invoke(Method.java:569)
	at org.codehaus.groovy.reflection.CachedMethod.invoke(CachedMethod.java:107)
	at groovy.lang.MetaMethod.doMethodInvoke(MetaMethod.java:323)
	at org.codehaus.groovy.runtime.metaclass.ClosureMetaClass.invokeMethod(ClosureMetaClass.java:274)
	at groovy.lang.MetaClassImpl.invokeMethod(MetaClassImpl.java:1030)
	at groovy.lang.Closure.call(Closure.java:427)
	at org.codehaus.groovy.runtime.ConvertedClosure.invokeCustom(ConvertedClosure.java:50)
	at org.codehaus.groovy.runtime.ConversionHandler.invoke(ConversionHandler.java:112)
	at jdk.proxy2/jdk.proxy2.$Proxy187.doInHibernate(Unknown Source)
	at org.grails.orm.hibernate.GrailsHibernateTemplate.doExecute(GrailsHibernateTemplate.java:297)
	at org.grails.orm.hibernate.GrailsHibernateTemplate.execute(GrailsHibernateTemplate.java:241)
	at org.grails.orm.hibernate.GrailsHibernateTemplate.execute(GrailsHibernateTemplate.java:120)
	at org.grails.orm.hibernate.AbstractHibernateGormInstanceApi.performSave(AbstractHibernateGormInstanceApi.groovy:247)
	at org.grails.orm.hibernate.AbstractHibernateGormInstanceApi.save(AbstractHibernateGormInstanceApi.groovy:164)
	at org.grails.datastore.gorm.GormEntity$Trait$Helper.save(GormEntity.groovy:153)
	at org.grails.datastore.gorm.GormEntity$Trait$Helper$save$2.call(Unknown Source)
	at org.olf.numgen.NumberGenerator.save(NumberGenerator.groovy)
	at org.olf.numgen.NumberGenerator.save(NumberGenerator.groovy)
	at org.grails.datastore.gorm.GormEntity$save.call(Unknown Source)
	at org.codehaus.groovy.runtime.callsite.CallSiteArray.defaultCall(CallSiteArray.java:47)
	at org.grails.datastore.gorm.GormEntity$save.call(Unknown Source)
	at grails.rest.RestfulController.saveResource(RestfulController.groovy:297)
	at com.k_int.web.toolkit.rest.TenantAwareRestfulController.super$2$saveResource(TenantAwareRestfulController.groovy)
	at java.base/jdk.internal.reflect.NativeMethodAccessorImpl.invoke0(Native Method)
	at java.base/jdk.internal.reflect.NativeMethodAccessorImpl.invoke(NativeMethodAccessorImpl.java:77)
	at java.base/jdk.internal.reflect.DelegatingMethodAccessorImpl.invoke(DelegatingMethodAccessorImpl.java:43)
	at java.base/java.lang.reflect.Method.invoke(Method.java:569)
	at org.codehaus.groovy.reflection.CachedMethod.invoke(CachedMethod.java:107)
	at groovy.lang.MetaMethod.doMethodInvoke(MetaMethod.java:323)
	at groovy.lang.MetaClassImpl.invokeMethod(MetaClassImpl.java:1254)
	at org.codehaus.groovy.runtime.ScriptBytecodeAdapter.invokeMethodOnSuperN(ScriptBytecodeAdapter.java:144)
	at com.k_int.web.toolkit.rest.TenantAwareRestfulController.saveResource(TenantAwareRestfulController.groovy:87)
	at java.base/jdk.internal.reflect.NativeMethodAccessorImpl.invoke0(Native Method)
	at java.base/jdk.internal.reflect.NativeMethodAccessorImpl.invoke(NativeMethodAccessorImpl.java:77)
	at java.base/jdk.internal.reflect.DelegatingMethodAccessorImpl.invoke(DelegatingMethodAccessorImpl.java:43)
	at java.base/java.lang.reflect.Method.invoke(Method.java:569)
	at org.codehaus.groovy.runtime.callsite.PlainObjectMetaMethodSite.doInvoke(PlainObjectMetaMethodSite.java:48)
	at org.codehaus.groovy.runtime.callsite.PogoMetaMethodSite$PogoCachedMethodSiteNoUnwrapNoCoerce.invoke(PogoMetaMethodSite.java:189)
	at org.codehaus.groovy.runtime.callsite.PogoMetaMethodSite.callCurrent(PogoMetaMethodSite.java:57)
	at org.codehaus.groovy.runtime.callsite.CallSiteArray.defaultCallCurrent(CallSiteArray.java:51)
	at org.codehaus.groovy.runtime.callsite.PogoMetaMethodSite.callCurrent(PogoMetaMethodSite.java:62)
	at org.codehaus.groovy.runtime.callsite.AbstractCallSite.callCurrent(AbstractCallSite.java:185)
	at grails.rest.RestfulController.$tt__save(RestfulController.groovy:102)
	at java.base/jdk.internal.reflect.NativeMethodAccessorImpl.invoke0(Native Method)
	at java.base/jdk.internal.reflect.NativeMethodAccessorImpl.invoke(NativeMethodAccessorImpl.java:77)
	at java.base/jdk.internal.reflect.DelegatingMethodAccessorImpl.invoke(DelegatingMethodAccessorImpl.java:43)
	at java.base/java.lang.reflect.Method.invoke(Method.java:569)
	at org.codehaus.groovy.reflection.CachedMethod.invoke(CachedMethod.java:107)
	at groovy.lang.MetaMethod.doMethodInvoke(MetaMethod.java:323)
	at groovy.lang.MetaClassImpl.invokeMethod(MetaClassImpl.java:1254)
	at groovy.lang.MetaClassImpl.invokeMethod(MetaClassImpl.java:1030)
	at org.codehaus.groovy.runtime.InvokerHelper.invokePogoMethod(InvokerHelper.java:1059)
	at org.codehaus.groovy.runtime.InvokerHelper.invokeMethod(InvokerHelper.java:1042)
	at org.codehaus.groovy.runtime.InvokerHelper.invokeMethodSafe(InvokerHelper.java:97)
	at grails.rest.RestfulController$_save_closure3.doCall(RestfulController.groovy)
	at java.base/jdk.internal.reflect.NativeMethodAccessorImpl.invoke0(Native Method)
	at java.base/jdk.internal.reflect.NativeMethodAccessorImpl.invoke(NativeMethodAccessorImpl.java:77)
	at java.base/jdk.internal.reflect.DelegatingMethodAccessorImpl.invoke(DelegatingMethodAccessorImpl.java:43)
	at java.base/java.lang.reflect.Method.invoke(Method.java:569)
	at org.codehaus.groovy.reflection.CachedMethod.invoke(CachedMethod.java:107)
	at groovy.lang.MetaMethod.doMethodInvoke(MetaMethod.java:323)
	at org.codehaus.groovy.runtime.metaclass.ClosureMetaClass.invokeMethod(ClosureMetaClass.java:274)
	at groovy.lang.MetaClassImpl.invokeMethod(MetaClassImpl.java:1030)
	at groovy.lang.Closure.call(Closure.java:427)
	at groovy.lang.Closure.call(Closure.java:416)
	at grails.gorm.transactions.GrailsTransactionTemplate$2.doInTransaction(GrailsTransactionTemplate.groovy:94)
	at org.springframework.transaction.support.TransactionTemplate.execute(TransactionTemplate.java:140)
	at grails.gorm.transactions.GrailsTransactionTemplate.execute(GrailsTransactionTemplate.groovy:91)
	at grails.rest.RestfulController.save(RestfulController.groovy)
	at com.k_int.web.toolkit.rest.TenantAwareRestfulController.super$2$save(TenantAwareRestfulController.groovy)
	at java.base/jdk.internal.reflect.NativeMethodAccessorImpl.invoke0(Native Method)
	at java.base/jdk.internal.reflect.NativeMethodAccessorImpl.invoke(NativeMethodAccessorImpl.java:77)
	at java.base/jdk.internal.reflect.DelegatingMethodAccessorImpl.invoke(DelegatingMethodAccessorImpl.java:43)
	at java.base/java.lang.reflect.Method.invoke(Method.java:569)
	at org.codehaus.groovy.reflection.CachedMethod.invoke(CachedMethod.java:107)
	at groovy.lang.MetaMethod.doMethodInvoke(MetaMethod.java:323)
	at groovy.lang.MetaClassImpl.invokeMethod(MetaClassImpl.java:1254)
	at org.codehaus.groovy.runtime.ScriptBytecodeAdapter.invokeMethodOnSuperN(ScriptBytecodeAdapter.java:144)
	at org.codehaus.groovy.runtime.ScriptBytecodeAdapter.invokeMethodOnSuper0(ScriptBytecodeAdapter.java:164)
	at com.k_int.web.toolkit.rest.TenantAwareRestfulController.$tt__tenantAwareRestfulController_save(TenantAwareRestfulController.groovy:42)
	at com.k_int.web.toolkit.rest.TenantAwareRestfulController$__mt__tenantAwareRestfulController_save_closure13.doCall(TenantAwareRestfulController.groovy)
	at java.base/jdk.internal.reflect.NativeMethodAccessorImpl.invoke0(Native Method)
	at java.base/jdk.internal.reflect.NativeMethodAccessorImpl.invoke(NativeMethodAccessorImpl.java:77)
	at java.base/jdk.internal.reflect.DelegatingMethodAccessorImpl.invoke(DelegatingMethodAccessorImpl.java:43)
	at java.base/java.lang.reflect.Method.invoke(Method.java:569)
	at org.codehaus.groovy.reflection.CachedMethod.invoke(CachedMethod.java:107)
	at groovy.lang.MetaMethod.doMethodInvoke(MetaMethod.java:323)
	at org.codehaus.groovy.runtime.metaclass.ClosureMetaClass.invokeMethod(ClosureMetaClass.java:274)
	at groovy.lang.MetaClassImpl.invokeMethod(MetaClassImpl.java:1030)
	at groovy.lang.Closure.call(Closure.java:427)
	at groovy.lang.Closure.call(Closure.java:416)
	at grails.gorm.transactions.GrailsTransactionTemplate$2.doInTransaction(GrailsTransactionTemplate.groovy:94)
	at org.springframework.transaction.support.TransactionTemplate.execute(TransactionTemplate.java:140)
	at grails.gorm.transactions.GrailsTransactionTemplate.execute(GrailsTransactionTemplate.groovy:91)
	at com.k_int.web.toolkit.rest.TenantAwareRestfulController.$mt__tenantAwareRestfulController_save(TenantAwareRestfulController.groovy)
	at java.base/jdk.internal.reflect.NativeMethodAccessorImpl.invoke0(Native Method)
	at java.base/jdk.internal.reflect.NativeMethodAccessorImpl.invoke(NativeMethodAccessorImpl.java:77)
	at java.base/jdk.internal.reflect.DelegatingMethodAccessorImpl.invoke(DelegatingMethodAccessorImpl.java:43)
	at java.base/java.lang.reflect.Method.invoke(Method.java:569)
	at org.codehaus.groovy.reflection.CachedMethod.invoke(CachedMethod.java:107)
	at groovy.lang.MetaMethod.doMethodInvoke(MetaMethod.java:323)
	at groovy.lang.MetaClassImpl.invokeMethod(MetaClassImpl.java:1254)
	at groovy.lang.MetaClassImpl.invokeMethod(MetaClassImpl.java:1030)
	at org.codehaus.groovy.runtime.InvokerHelper.invokePogoMethod(InvokerHelper.java:1059)
	at org.codehaus.groovy.runtime.InvokerHelper.invokeMethod(InvokerHelper.java:1042)
	at org.codehaus.groovy.runtime.InvokerHelper.invokeMethodSafe(InvokerHelper.java:97)
	at com.k_int.web.toolkit.rest.TenantAwareRestfulController$_save_closure4.doCall(TenantAwareRestfulController.groovy)
	at java.base/jdk.internal.reflect.NativeMethodAccessorImpl.invoke0(Native Method)
	at java.base/jdk.internal.reflect.NativeMethodAccessorImpl.invoke(NativeMethodAccessorImpl.java:77)
	at java.base/jdk.internal.reflect.DelegatingMethodAccessorImpl.invoke(DelegatingMethodAccessorImpl.java:43)
	at java.base/java.lang.reflect.Method.invoke(Method.java:569)
	at org.codehaus.groovy.reflection.CachedMethod.invoke(CachedMethod.java:107)
	at groovy.lang.MetaMethod.doMethodInvoke(MetaMethod.java:323)
	at org.codehaus.groovy.runtime.metaclass.ClosureMetaClass.invokeMethod(ClosureMetaClass.java:274)
	at groovy.lang.MetaClassImpl.invokeMethod(MetaClassImpl.java:1030)
	at groovy.lang.Closure.call(Closure.java:427)
	at groovy.lang.Closure.call(Closure.java:416)
	at grails.gorm.multitenancy.Tenants$_withId_closure2$_closure6.doCall(Tenants.groovy:265)
	at grails.gorm.multitenancy.Tenants$_withId_closure2$_closure6.call(Tenants.groovy)
	at org.grails.orm.hibernate.GrailsHibernateTemplate.doExecute(GrailsHibernateTemplate.java:297)
	at org.grails.orm.hibernate.GrailsHibernateTemplate.execute(GrailsHibernateTemplate.java:241)
	at org.grails.orm.hibernate.GrailsHibernateTemplate.executeWithNewSession(GrailsHibernateTemplate.java:153)
	at org.grails.orm.hibernate.GrailsHibernateTemplate.executeWithExistingOrCreateNewSession(GrailsHibernateTemplate.java:207)
	at org.grails.orm.hibernate.AbstractHibernateDatastore.withNewSession(AbstractHibernateDatastore.java:369)
	at grails.gorm.multitenancy.Tenants$_withId_closure2.doCall(Tenants.groovy:258)
	at grails.gorm.multitenancy.Tenants$_withId_closure2.call(Tenants.groovy)
	at grails.gorm.multitenancy.Tenants$CurrentTenant.withTenant(Tenants.groovy:358)
	at grails.gorm.multitenancy.Tenants.withId(Tenants.groovy:236)
	at org.grails.datastore.gorm.services.DefaultTenantService.withCurrent(DefaultTenantService.groovy:71)
	at com.k_int.web.toolkit.rest.TenantAwareRestfulController.save(TenantAwareRestfulController.groovy)
	at org.grails.core.DefaultGrailsControllerClass$MethodHandleInvoker.invoke(DefaultGrailsControllerClass.java:223)
	at org.grails.core.DefaultGrailsControllerClass.invoke(DefaultGrailsControllerClass.java:188)
	at org.grails.web.mapping.mvc.UrlMappingsInfoHandlerAdapter.handle(UrlMappingsInfoHandlerAdapter.groovy:90)
	at org.springframework.web.servlet.DispatcherServlet.doDispatch(DispatcherServlet.java:1072)
	at org.springframework.web.servlet.DispatcherServlet.doService(DispatcherServlet.java:965)
	at org.springframework.web.servlet.FrameworkServlet.processRequest(FrameworkServlet.java:1006)
	at org.springframework.web.servlet.FrameworkServlet.doPost(FrameworkServlet.java:909)
	at javax.servlet.http.HttpServlet.service(HttpServlet.java:665)
	at org.springframework.web.servlet.FrameworkServlet.service(FrameworkServlet.java:883)
	at javax.servlet.http.HttpServlet.service(HttpServlet.java:750)
	at io.undertow.servlet.handlers.ServletHandler.handleRequest(ServletHandler.java:74)
	at io.undertow.servlet.handlers.FilterHandler$FilterChainImpl.doFilter(FilterHandler.java:129)
	at org.springframework.security.web.FilterChainProxy$VirtualFilterChain.doFilter(FilterChainProxy.java:352)
	at org.springframework.security.web.access.intercept.FilterSecurityInterceptor.invoke(FilterSecurityInterceptor.java:117)
	at org.springframework.security.web.access.intercept.FilterSecurityInterceptor.doFilter(FilterSecurityInterceptor.java:83)
	at org.springframework.security.web.FilterChainProxy$VirtualFilterChain.doFilter(FilterChainProxy.java:361)
	at org.springframework.security.web.access.ExceptionTranslationFilter.doFilter(ExceptionTranslationFilter.java:126)
	at org.springframework.security.web.access.ExceptionTranslationFilter.doFilter(ExceptionTranslationFilter.java:120)
	at grails.plugin.springsecurity.web.UpdateRequestContextHolderExceptionTranslationFilter.doFilter(UpdateRequestContextHolderExceptionTranslationFilter.groovy:64)
	at org.springframework.security.web.FilterChainProxy$VirtualFilterChain.doFilter(FilterChainProxy.java:361)
	at org.springframework.web.filter.FormContentFilter.doFilterInternal(FormContentFilter.java:93)
	at org.springframework.web.filter.OncePerRequestFilter.doFilter(OncePerRequestFilter.java:117)
	at org.springframework.security.web.FilterChainProxy$VirtualFilterChain.doFilter(FilterChainProxy.java:361)
	at grails.plugin.springsecurity.web.filter.GrailsAnonymousAuthenticationFilter.doFilter(GrailsAnonymousAuthenticationFilter.groovy:52)
	at org.springframework.security.web.FilterChainProxy$VirtualFilterChain.doFilter(FilterChainProxy.java:361)
	at org.springframework.security.web.servletapi.SecurityContextHolderAwareRequestFilter.doFilter(SecurityContextHolderAwareRequestFilter.java:164)
	at org.springframework.security.web.FilterChainProxy$VirtualFilterChain.doFilter(FilterChainProxy.java:361)
	at org.springframework.security.web.authentication.AbstractAuthenticationProcessingFilter.doFilter(AbstractAuthenticationProcessingFilter.java:227)
	at org.springframework.security.web.authentication.AbstractAuthenticationProcessingFilter.doFilter(AbstractAuthenticationProcessingFilter.java:221)
	at org.springframework.security.web.FilterChainProxy$VirtualFilterChain.doFilter(FilterChainProxy.java:361)
	at grails.plugin.springsecurity.web.authentication.logout.MutableLogoutFilter.doFilter(MutableLogoutFilter.groovy:62)
	at org.springframework.security.web.FilterChainProxy$VirtualFilterChain.doFilter(FilterChainProxy.java:361)
	at grails.plugin.springsecurity.web.SecurityRequestHolderFilter.doFilter(SecurityRequestHolderFilter.groovy:58)
	at org.springframework.security.web.FilterChainProxy$VirtualFilterChain.doFilter(FilterChainProxy.java:361)
	at javax.servlet.FilterChain$doFilter.call(Unknown Source)
	at com.k_int.okapi.springsecurity.OkapiAuthenticationFilter.successfulAuthentication(OkapiAuthenticationFilter.groovy:127)
	at org.springframework.security.web.authentication.AbstractAuthenticationProcessingFilter.doFilter(AbstractAuthenticationProcessingFilter.java:241)
	at org.springframework.security.web.authentication.AbstractAuthenticationProcessingFilter.doFilter(AbstractAuthenticationProcessingFilter.java:221)
	at org.springframework.security.web.FilterChainProxy$VirtualFilterChain.doFilter(FilterChainProxy.java:361)
	at org.springframework.security.web.FilterChainProxy.doFilterInternal(FilterChainProxy.java:225)
	at org.springframework.security.web.FilterChainProxy.doFilter(FilterChainProxy.java:190)
	at io.undertow.servlet.core.ManagedFilter.doFilter(ManagedFilter.java:67)
	at io.undertow.servlet.handlers.FilterHandler$FilterChainImpl.doFilter(FilterHandler.java:131)
	at org.grails.web.servlet.mvc.GrailsWebRequestFilter.doFilterInternal(GrailsWebRequestFilter.java:77)
	at org.springframework.web.filter.OncePerRequestFilter.doFilter(OncePerRequestFilter.java:117)
	at io.undertow.servlet.core.ManagedFilter.doFilter(ManagedFilter.java:67)
	at io.undertow.servlet.handlers.FilterHandler$FilterChainImpl.doFilter(FilterHandler.java:131)
	at org.grails.web.filters.HiddenHttpMethodFilter.doFilterInternal(HiddenHttpMethodFilter.java:67)
	at org.springframework.web.filter.OncePerRequestFilter.doFilter(OncePerRequestFilter.java:117)
	at io.undertow.servlet.core.ManagedFilter.doFilter(ManagedFilter.java:67)
	at io.undertow.servlet.handlers.FilterHandler$FilterChainImpl.doFilter(FilterHandler.java:131)
	at org.springframework.web.filter.CharacterEncodingFilter.doFilterInternal(CharacterEncodingFilter.java:201)
	at org.springframework.web.filter.OncePerRequestFilter.doFilter(OncePerRequestFilter.java:117)
	at io.undertow.servlet.core.ManagedFilter.doFilter(ManagedFilter.java:67)
	at io.undertow.servlet.handlers.FilterHandler$FilterChainImpl.doFilter(FilterHandler.java:131)
	at org.springframework.boot.actuate.metrics.web.servlet.WebMvcMetricsFilter.doFilterInternal(WebMvcMetricsFilter.java:96)
	at org.springframework.web.filter.OncePerRequestFilter.doFilter(OncePerRequestFilter.java:117)
	at io.undertow.servlet.core.ManagedFilter.doFilter(ManagedFilter.java:67)
	at io.undertow.servlet.handlers.FilterHandler$FilterChainImpl.doFilter(FilterHandler.java:131)
	at org.springframework.web.filter.CorsFilter.doFilterInternal(CorsFilter.java:91)
	at org.springframework.web.filter.OncePerRequestFilter.doFilter(OncePerRequestFilter.java:117)
	at io.undertow.servlet.core.ManagedFilter.doFilter(ManagedFilter.java:67)
	at io.undertow.servlet.handlers.FilterHandler$FilterChainImpl.doFilter(FilterHandler.java:131)
	at io.undertow.servlet.handlers.FilterHandler.handleRequest(FilterHandler.java:84)
	at io.undertow.servlet.handlers.security.ServletSecurityRoleHandler.handleRequest(ServletSecurityRoleHandler.java:62)
	at io.undertow.servlet.handlers.ServletChain$1.handleRequest(ServletChain.java:68)
	at io.undertow.servlet.handlers.ServletDispatchingHandler.handleRequest(ServletDispatchingHandler.java:36)
	at io.undertow.servlet.handlers.RedirectDirHandler.handleRequest(RedirectDirHandler.java:68)
	at io.undertow.servlet.handlers.security.SSLInformationAssociationHandler.handleRequest(SSLInformationAssociationHandler.java:117)
	at io.undertow.servlet.handlers.security.ServletAuthenticationCallHandler.handleRequest(ServletAuthenticationCallHandler.java:57)
	at io.undertow.server.handlers.PredicateHandler.handleRequest(PredicateHandler.java:43)
	at io.undertow.security.handlers.AbstractConfidentialityHandler.handleRequest(AbstractConfidentialityHandler.java:46)
	at io.undertow.servlet.handlers.security.ServletConfidentialityConstraintHandler.handleRequest(ServletConfidentialityConstraintHandler.java:64)
	at io.undertow.security.handlers.AuthenticationMechanismsHandler.handleRequest(AuthenticationMechanismsHandler.java:60)
	at io.undertow.servlet.handlers.security.CachedAuthenticatedSessionHandler.handleRequest(CachedAuthenticatedSessionHandler.java:75)
	at io.undertow.security.handlers.AbstractSecurityContextAssociationHandler.handleRequest(AbstractSecurityContextAssociationHandler.java:43)
	at io.undertow.server.handlers.PredicateHandler.handleRequest(PredicateHandler.java:43)
	at io.undertow.servlet.handlers.SendErrorPageHandler.handleRequest(SendErrorPageHandler.java:52)
	at io.undertow.server.handlers.PredicateHandler.handleRequest(PredicateHandler.java:43)
	at io.undertow.servlet.handlers.ServletInitialHandler.handleFirstRequest(ServletInitialHandler.java:270)
	at io.undertow.servlet.handlers.ServletInitialHandler.access$000(ServletInitialHandler.java:78)
	at io.undertow.servlet.handlers.ServletInitialHandler$1.call(ServletInitialHandler.java:129)
	at io.undertow.servlet.handlers.ServletInitialHandler$1.call(ServletInitialHandler.java:126)
	at io.undertow.servlet.core.ServletRequestContextThreadSetupAction$1.call(ServletRequestContextThreadSetupAction.java:48)
	at io.undertow.servlet.core.ContextClassLoaderSetupAction$1.call(ContextClassLoaderSetupAction.java:43)
	at io.undertow.servlet.handlers.ServletInitialHandler.dispatchRequest(ServletInitialHandler.java:250)
	at io.undertow.servlet.handlers.ServletInitialHandler.lambda$new$1(ServletInitialHandler.java:98)
	at io.undertow.server.Connectors.executeRootHandler(Connectors.java:395)
	at io.undertow.server.HttpServerExchange$1.run(HttpServerExchange.java:931)
	at org.jboss.threads.ContextHandler$1.runWith(ContextHandler.java:18)
	at org.jboss.threads.EnhancedQueueExecutor$Task.run(EnhancedQueueExecutor.java:2513)
	at org.jboss.threads.EnhancedQueueExecutor$ThreadBody.run(EnhancedQueueExecutor.java:1538)
	at org.xnio.XnioWorker$WorkerThreadFactory$1$1.run(XnioWorker.java:1282)
	at java.base/java.lang.Thread.run(Thread.java:840)
Caused by: org.postgresql.util.PSQLException: ERROR: duplicate key value violates unique constraint "NumberGeneratorUniqueCode"
  Detail: Key (ng_code)=(m4gen) already exists.
	at org.postgresql.core.v3.QueryExecutorImpl.receiveErrorResponse(QueryExecutorImpl.java:2904)
	at org.postgresql.core.v3.QueryExecutorImpl.processResults(QueryExecutorImpl.java:2589)
	at org.postgresql.core.v3.QueryExecutorImpl.execute(QueryExecutorImpl.java:431)
	at org.postgresql.jdbc.PgStatement.executeInternal(PgStatement.java:534)
	at org.postgresql.jdbc.PgStatement.execute(PgStatement.java:437)
	at org.postgresql.jdbc.PgPreparedStatement.executeWithFlags(PgPreparedStatement.java:196)
	at org.postgresql.jdbc.PgPreparedStatement.executeUpdate(PgPreparedStatement.java:157)
	at com.zaxxer.hikari.pool.ProxyPreparedStatement.executeUpdate(ProxyPreparedStatement.java:61)
	at com.zaxxer.hikari.pool.HikariProxyPreparedStatement.executeUpdate(HikariProxyPreparedStatement.java)
	at org.hibernate.engine.jdbc.internal.ResultSetReturnImpl.executeUpdate(ResultSetReturnImpl.java:197)
	... 251 common frames omitted

2026-07-21 07:21:14.339  ERROR  --- [  XNIO-1 task-2] StackTrace                               : Full Stack Trace:

org.postgresql.util.PSQLException: ERROR: duplicate key value violates unique constraint "NumberGeneratorUniqueCode"
  Detail: Key (ng_code)=(m4gen) already exists.
	at org.postgresql.core.v3.QueryExecutorImpl.receiveErrorResponse(QueryExecutorImpl.java:2904)
	at org.postgresql.core.v3.QueryExecutorImpl.processResults(QueryExecutorImpl.java:2589)
	at org.postgresql.core.v3.QueryExecutorImpl.execute(QueryExecutorImpl.java:431)
	at org.postgresql.jdbc.PgStatement.executeInternal(PgStatement.java:534)
	at org.postgresql.jdbc.PgStatement.execute(PgStatement.java:437)
	at org.postgresql.jdbc.PgPreparedStatement.executeWithFlags(PgPreparedStatement.java:196)
	at org.postgresql.jdbc.PgPreparedStatement.executeUpdate(PgPreparedStatement.java:157)
	at com.zaxxer.hikari.pool.ProxyPreparedStatement.executeUpdate(ProxyPreparedStatement.java:61)
	at com.zaxxer.hikari.pool.HikariProxyPreparedStatement.executeUpdate(HikariProxyPreparedStatement.java)
	at org.hibernate.engine.jdbc.internal.ResultSetReturnImpl.executeUpdate(ResultSetReturnImpl.java:197)
	at org.hibernate.engine.jdbc.batch.internal.NonBatchingBatch.addToBatch(NonBatchingBatch.java:46)
	at org.hibernate.persister.entity.AbstractEntityPersister.insert(AbstractEntityPersister.java:3375)
	at org.hibernate.persister.entity.AbstractEntityPersister.insert(AbstractEntityPersister.java:3937)
	at org.hibernate.action.internal.EntityInsertAction.execute(EntityInsertAction.java:107)
	at org.hibernate.engine.spi.ActionQueue.executeActions(ActionQueue.java:604)
	at org.hibernate.engine.spi.ActionQueue.lambda$executeActions$1(ActionQueue.java:478)
	at java.base/java.util.LinkedHashMap.forEach(LinkedHashMap.java:721)
	at org.hibernate.engine.spi.ActionQueue.executeActions(ActionQueue.java:475)
	at org.hibernate.event.internal.AbstractFlushingEventListener.performExecutions(AbstractFlushingEventListener.java:344)
	at org.hibernate.event.internal.DefaultFlushEventListener.onFlush(DefaultFlushEventListener.java:40)
	at org.hibernate.event.service.internal.EventListenerGroupImpl.fireEventOnEachListener(EventListenerGroupImpl.java:107)
	at org.hibernate.internal.SessionImpl.doFlush(SessionImpl.java:1407)
	at org.hibernate.internal.SessionImpl.flush(SessionImpl.java:1394)
	at org.grails.orm.hibernate.AbstractHibernateGormInstanceApi.flushSession(AbstractHibernateGormInstanceApi.groovy:285)
	at jdk.internal.reflect.GeneratedMethodAccessor388.invoke(Unknown Source)
	at java.base/jdk.internal.reflect.DelegatingMethodAccessorImpl.invoke(DelegatingMethodAccessorImpl.java:43)
	at java.base/java.lang.reflect.Method.invoke(Method.java:569)
	at org.codehaus.groovy.reflection.CachedMethod.invoke(CachedMethod.java:107)
	at groovy.lang.MetaMethod.doMethodInvoke(MetaMethod.java:323)
	at groovy.lang.MetaClassImpl.invokeMethod(MetaClassImpl.java:1254)
	at groovy.lang.MetaClassImpl.invokeMethod(MetaClassImpl.java:1030)
	at org.codehaus.groovy.runtime.InvokerHelper.invokePogoMethod(InvokerHelper.java:1059)
	at org.codehaus.groovy.runtime.InvokerHelper.invokeMethod(InvokerHelper.java:1042)
	at org.codehaus.groovy.runtime.InvokerHelper.invokeMethodSafe(InvokerHelper.java:97)
	at org.grails.orm.hibernate.AbstractHibernateGormInstanceApi$_performSave_closure3.doCall(AbstractHibernateGormInstanceApi.groovy:250)
	at jdk.internal.reflect.GeneratedMethodAccessor387.invoke(Unknown Source)
	at java.base/jdk.internal.reflect.DelegatingMethodAccessorImpl.invoke(DelegatingMethodAccessorImpl.java:43)
	at java.base/java.lang.reflect.Method.invoke(Method.java:569)
	at org.codehaus.groovy.reflection.CachedMethod.invoke(CachedMethod.java:107)
	at groovy.lang.MetaMethod.doMethodInvoke(MetaMethod.java:323)
	at org.codehaus.groovy.runtime.metaclass.ClosureMetaClass.invokeMethod(ClosureMetaClass.java:274)
	at groovy.lang.MetaClassImpl.invokeMethod(MetaClassImpl.java:1030)
	at groovy.lang.Closure.call(Closure.java:427)
	at org.codehaus.groovy.runtime.ConvertedClosure.invokeCustom(ConvertedClosure.java:50)
	at org.codehaus.groovy.runtime.ConversionHandler.invoke(ConversionHandler.java:112)
	at jdk.proxy2/jdk.proxy2.$Proxy187.doInHibernate(Unknown Source)
	at org.grails.orm.hibernate.GrailsHibernateTemplate.doExecute(GrailsHibernateTemplate.java:297)
	at org.grails.orm.hibernate.GrailsHibernateTemplate.execute(GrailsHibernateTemplate.java:241)
	at org.grails.orm.hibernate.GrailsHibernateTemplate.execute(GrailsHibernateTemplate.java:120)
	at org.grails.orm.hibernate.AbstractHibernateGormInstanceApi.performSave(AbstractHibernateGormInstanceApi.groovy:247)
	at org.grails.orm.hibernate.AbstractHibernateGormInstanceApi.save(AbstractHibernateGormInstanceApi.groovy:164)
	at org.grails.datastore.gorm.GormEntity$Trait$Helper.save(GormEntity.groovy:153)
	at org.grails.datastore.gorm.GormEntity$Trait$Helper$save$2.call(Unknown Source)
	at org.olf.numgen.NumberGenerator.save(NumberGenerator.groovy)
	at org.olf.numgen.NumberGenerator.save(NumberGenerator.groovy)
	at org.grails.datastore.gorm.GormEntity$save.call(Unknown Source)
	at org.codehaus.groovy.runtime.callsite.CallSiteArray.defaultCall(CallSiteArray.java:47)
	at org.grails.datastore.gorm.GormEntity$save.call(Unknown Source)
	at grails.rest.RestfulController.saveResource(RestfulController.groovy:297)
	at com.k_int.web.toolkit.rest.TenantAwareRestfulController.super$2$saveResource(TenantAwareRestfulController.groovy)
	at java.base/jdk.internal.reflect.NativeMethodAccessorImpl.invoke0(Native Method)
	at java.base/jdk.internal.reflect.NativeMethodAccessorImpl.invoke(NativeMethodAccessorImpl.java:77)
	at java.base/jdk.internal.reflect.DelegatingMethodAccessorImpl.invoke(DelegatingMethodAccessorImpl.java:43)
	at java.base/java.lang.reflect.Method.invoke(Method.java:569)
	at org.codehaus.groovy.reflection.CachedMethod.invoke(CachedMethod.java:107)
	at groovy.lang.MetaMethod.doMethodInvoke(MetaMethod.java:323)
	at groovy.lang.MetaClassImpl.invokeMethod(MetaClassImpl.java:1254)
	at org.codehaus.groovy.runtime.ScriptBytecodeAdapter.invokeMethodOnSuperN(ScriptBytecodeAdapter.java:144)
	at com.k_int.web.toolkit.rest.TenantAwareRestfulController.saveResource(TenantAwareRestfulController.groovy:87)
	at java.base/jdk.internal.reflect.NativeMethodAccessorImpl.invoke0(Native Method)
	at java.base/jdk.internal.reflect.NativeMethodAccessorImpl.invoke(NativeMethodAccessorImpl.java:77)
	at java.base/jdk.internal.reflect.DelegatingMethodAccessorImpl.invoke(DelegatingMethodAccessorImpl.java:43)
	at java.base/java.lang.reflect.Method.invoke(Method.java:569)
	at org.codehaus.groovy.runtime.callsite.PlainObjectMetaMethodSite.doInvoke(PlainObjectMetaMethodSite.java:48)
	at org.codehaus.groovy.runtime.callsite.PogoMetaMethodSite$PogoCachedMethodSiteNoUnwrapNoCoerce.invoke(PogoMetaMethodSite.java:189)
	at org.codehaus.groovy.runtime.callsite.PogoMetaMethodSite.callCurrent(PogoMetaMethodSite.java:57)
	at org.codehaus.groovy.runtime.callsite.CallSiteArray.defaultCallCurrent(CallSiteArray.java:51)
	at org.codehaus.groovy.runtime.callsite.PogoMetaMethodSite.callCurrent(PogoMetaMethodSite.java:62)
	at org.codehaus.groovy.runtime.callsite.AbstractCallSite.callCurrent(AbstractCallSite.java:185)
	at grails.rest.RestfulController.$tt__save(RestfulController.groovy:102)
	at java.base/jdk.internal.reflect.NativeMethodAccessorImpl.invoke0(Native Method)
	at java.base/jdk.internal.reflect.NativeMethodAccessorImpl.invoke(NativeMethodAccessorImpl.java:77)
	at java.base/jdk.internal.reflect.DelegatingMethodAccessorImpl.invoke(DelegatingMethodAccessorImpl.java:43)
	at java.base/java.lang.reflect.Method.invoke(Method.java:569)
	at org.codehaus.groovy.reflection.CachedMethod.invoke(CachedMethod.java:107)
	at groovy.lang.MetaMethod.doMethodInvoke(MetaMethod.java:323)
	at groovy.lang.MetaClassImpl.invokeMethod(MetaClassImpl.java:1254)
	at groovy.lang.MetaClassImpl.invokeMethod(MetaClassImpl.java:1030)
	at org.codehaus.groovy.runtime.InvokerHelper.invokePogoMethod(InvokerHelper.java:1059)
	at org.codehaus.groovy.runtime.InvokerHelper.invokeMethod(InvokerHelper.java:1042)
	at org.codehaus.groovy.runtime.InvokerHelper.invokeMethodSafe(InvokerHelper.java:97)
	at grails.rest.RestfulController$_save_closure3.doCall(RestfulController.groovy)
	at java.base/jdk.internal.reflect.NativeMethodAccessorImpl.invoke0(Native Method)
	at java.base/jdk.internal.reflect.NativeMethodAccessorImpl.invoke(NativeMethodAccessorImpl.java:77)
	at java.base/jdk.internal.reflect.DelegatingMethodAccessorImpl.invoke(DelegatingMethodAccessorImpl.java:43)
	at java.base/java.lang.reflect.Method.invoke(Method.java:569)
	at org.codehaus.groovy.reflection.CachedMethod.invoke(CachedMethod.java:107)
	at groovy.lang.MetaMethod.doMethodInvoke(MetaMethod.java:323)
	at org.codehaus.groovy.runtime.metaclass.ClosureMetaClass.invokeMethod(ClosureMetaClass.java:274)
	at groovy.lang.MetaClassImpl.invokeMethod(MetaClassImpl.java:1030)
	at groovy.lang.Closure.call(Closure.java:427)
	at groovy.lang.Closure.call(Closure.java:416)
	at grails.gorm.transactions.GrailsTransactionTemplate$2.doInTransaction(GrailsTransactionTemplate.groovy:94)
	at org.springframework.transaction.support.TransactionTemplate.execute(TransactionTemplate.java:140)
	at grails.gorm.transactions.GrailsTransactionTemplate.execute(GrailsTransactionTemplate.groovy:91)
	at grails.rest.RestfulController.save(RestfulController.groovy)
	at com.k_int.web.toolkit.rest.TenantAwareRestfulController.super$2$save(TenantAwareRestfulController.groovy)
	at java.base/jdk.internal.reflect.NativeMethodAccessorImpl.invoke0(Native Method)
	at java.base/jdk.internal.reflect.NativeMethodAccessorImpl.invoke(NativeMethodAccessorImpl.java:77)
	at java.base/jdk.internal.reflect.DelegatingMethodAccessorImpl.invoke(DelegatingMethodAccessorImpl.java:43)
	at java.base/java.lang.reflect.Method.invoke(Method.java:569)
	at org.codehaus.groovy.reflection.CachedMethod.invoke(CachedMethod.java:107)
	at groovy.lang.MetaMethod.doMethodInvoke(MetaMethod.java:323)
	at groovy.lang.MetaClassImpl.invokeMethod(MetaClassImpl.java:1254)
	at org.codehaus.groovy.runtime.ScriptBytecodeAdapter.invokeMethodOnSuperN(ScriptBytecodeAdapter.java:144)
	at org.codehaus.groovy.runtime.ScriptBytecodeAdapter.invokeMethodOnSuper0(ScriptBytecodeAdapter.java:164)
	at com.k_int.web.toolkit.rest.TenantAwareRestfulController.$tt__tenantAwareRestfulController_save(TenantAwareRestfulController.groovy:42)
	at com.k_int.web.toolkit.rest.TenantAwareRestfulController$__mt__tenantAwareRestfulController_save_closure13.doCall(TenantAwareRestfulController.groovy)
	at java.base/jdk.internal.reflect.NativeMethodAccessorImpl.invoke0(Native Method)
	at java.base/jdk.internal.reflect.NativeMethodAccessorImpl.invoke(NativeMethodAccessorImpl.java:77)
	at java.base/jdk.internal.reflect.DelegatingMethodAccessorImpl.invoke(DelegatingMethodAccessorImpl.java:43)
	at java.base/java.lang.reflect.Method.invoke(Method.java:569)
	at org.codehaus.groovy.reflection.CachedMethod.invoke(CachedMethod.java:107)
	at groovy.lang.MetaMethod.doMethodInvoke(MetaMethod.java:323)
	at org.codehaus.groovy.runtime.metaclass.ClosureMetaClass.invokeMethod(ClosureMetaClass.java:274)
	at groovy.lang.MetaClassImpl.invokeMethod(MetaClassImpl.java:1030)
	at groovy.lang.Closure.call(Closure.java:427)
	at groovy.lang.Closure.call(Closure.java:416)
	at grails.gorm.transactions.GrailsTransactionTemplate$2.doInTransaction(GrailsTransactionTemplate.groovy:94)
	at org.springframework.transaction.support.TransactionTemplate.execute(TransactionTemplate.java:140)
	at grails.gorm.transactions.GrailsTransactionTemplate.execute(GrailsTransactionTemplate.groovy:91)
	at com.k_int.web.toolkit.rest.TenantAwareRestfulController.$mt__tenantAwareRestfulController_save(TenantAwareRestfulController.groovy)
	at java.base/jdk.internal.reflect.NativeMethodAccessorImpl.invoke0(Native Method)
	at java.base/jdk.internal.reflect.NativeMethodAccessorImpl.invoke(NativeMethodAccessorImpl.java:77)
	at java.base/jdk.internal.reflect.DelegatingMethodAccessorImpl.invoke(DelegatingMethodAccessorImpl.java:43)
	at java.base/java.lang.reflect.Method.invoke(Method.java:569)
	at org.codehaus.groovy.reflection.CachedMethod.invoke(CachedMethod.java:107)
	at groovy.lang.MetaMethod.doMethodInvoke(MetaMethod.java:323)
	at groovy.lang.MetaClassImpl.invokeMethod(MetaClassImpl.java:1254)
	at groovy.lang.MetaClassImpl.invokeMethod(MetaClassImpl.java:1030)
	at org.codehaus.groovy.runtime.InvokerHelper.invokePogoMethod(InvokerHelper.java:1059)
	at org.codehaus.groovy.runtime.InvokerHelper.invokeMethod(InvokerHelper.java:1042)
	at org.codehaus.groovy.runtime.InvokerHelper.invokeMethodSafe(InvokerHelper.java:97)
	at com.k_int.web.toolkit.rest.TenantAwareRestfulController$_save_closure4.doCall(TenantAwareRestfulController.groovy)
	at java.base/jdk.internal.reflect.NativeMethodAccessorImpl.invoke0(Native Method)
	at java.base/jdk.internal.reflect.NativeMethodAccessorImpl.invoke(NativeMethodAccessorImpl.java:77)
	at java.base/jdk.internal.reflect.DelegatingMethodAccessorImpl.invoke(DelegatingMethodAccessorImpl.java:43)
	at java.base/java.lang.reflect.Method.invoke(Method.java:569)
	at org.codehaus.groovy.reflection.CachedMethod.invoke(CachedMethod.java:107)
	at groovy.lang.MetaMethod.doMethodInvoke(MetaMethod.java:323)
	at org.codehaus.groovy.runtime.metaclass.ClosureMetaClass.invokeMethod(ClosureMetaClass.java:274)
	at groovy.lang.MetaClassImpl.invokeMethod(MetaClassImpl.java:1030)
	at groovy.lang.Closure.call(Closure.java:427)
	at groovy.lang.Closure.call(Closure.java:416)
	at grails.gorm.multitenancy.Tenants$_withId_closure2$_closure6.doCall(Tenants.groovy:265)
	at grails.gorm.multitenancy.Tenants$_withId_closure2$_closure6.call(Tenants.groovy)
	at org.grails.orm.hibernate.GrailsHibernateTemplate.doExecute(GrailsHibernateTemplate.java:297)
	at org.grails.orm.hibernate.GrailsHibernateTemplate.execute(GrailsHibernateTemplate.java:241)
	at org.grails.orm.hibernate.GrailsHibernateTemplate.executeWithNewSession(GrailsHibernateTemplate.java:153)
	at org.grails.orm.hibernate.GrailsHibernateTemplate.executeWithExistingOrCreateNewSession(GrailsHibernateTemplate.java:207)
	at org.grails.orm.hibernate.AbstractHibernateDatastore.withNewSession(AbstractHibernateDatastore.java:369)
	at grails.gorm.multitenancy.Tenants$_withId_closure2.doCall(Tenants.groovy:258)
	at grails.gorm.multitenancy.Tenants$_withId_closure2.call(Tenants.groovy)
	at grails.gorm.multitenancy.Tenants$CurrentTenant.withTenant(Tenants.groovy:358)
	at grails.gorm.multitenancy.Tenants.withId(Tenants.groovy:236)
	at org.grails.datastore.gorm.services.DefaultTenantService.withCurrent(DefaultTenantService.groovy:71)
	at com.k_int.web.toolkit.rest.TenantAwareRestfulController.save(TenantAwareRestfulController.groovy)
	at org.grails.core.DefaultGrailsControllerClass$MethodHandleInvoker.invoke(DefaultGrailsControllerClass.java:223)
	at org.grails.core.DefaultGrailsControllerClass.invoke(DefaultGrailsControllerClass.java:188)
	at org.grails.web.mapping.mvc.UrlMappingsInfoHandlerAdapter.handle(UrlMappingsInfoHandlerAdapter.groovy:90)
	at org.springframework.web.servlet.DispatcherServlet.doDispatch(DispatcherServlet.java:1072)
	at org.springframework.web.servlet.DispatcherServlet.doService(DispatcherServlet.java:965)
	at org.springframework.web.servlet.FrameworkServlet.processRequest(FrameworkServlet.java:1006)
	at org.springframework.web.servlet.FrameworkServlet.doPost(FrameworkServlet.java:909)
	at javax.servlet.http.HttpServlet.service(HttpServlet.java:665)
	at org.springframework.web.servlet.FrameworkServlet.service(FrameworkServlet.java:883)
	at javax.servlet.http.HttpServlet.service(HttpServlet.java:750)
	at io.undertow.servlet.handlers.ServletHandler.handleRequest(ServletHandler.java:74)
	at io.undertow.servlet.handlers.FilterHandler$FilterChainImpl.doFilter(FilterHandler.java:129)
	at org.springframework.security.web.FilterChainProxy$VirtualFilterChain.doFilter(FilterChainProxy.java:352)
	at org.springframework.security.web.access.intercept.FilterSecurityInterceptor.invoke(FilterSecurityInterceptor.java:117)
	at org.springframework.security.web.access.intercept.FilterSecurityInterceptor.doFilter(FilterSecurityInterceptor.java:83)
	at org.springframework.security.web.FilterChainProxy$VirtualFilterChain.doFilter(FilterChainProxy.java:361)
	at org.springframework.security.web.access.ExceptionTranslationFilter.doFilter(ExceptionTranslationFilter.java:126)
	at org.springframework.security.web.access.ExceptionTranslationFilter.doFilter(ExceptionTranslationFilter.java:120)
	at grails.plugin.springsecurity.web.UpdateRequestContextHolderExceptionTranslationFilter.doFilter(UpdateRequestContextHolderExceptionTranslationFilter.groovy:64)
	at org.springframework.security.web.FilterChainProxy$VirtualFilterChain.doFilter(FilterChainProxy.java:361)
	at org.springframework.web.filter.FormContentFilter.doFilterInternal(FormContentFilter.java:93)
	at org.springframework.web.filter.OncePerRequestFilter.doFilter(OncePerRequestFilter.java:117)
	at org.springframework.security.web.FilterChainProxy$VirtualFilterChain.doFilter(FilterChainProxy.java:361)
	at grails.plugin.springsecurity.web.filter.GrailsAnonymousAuthenticationFilter.doFilter(GrailsAnonymousAuthenticationFilter.groovy:52)
	at org.springframework.security.web.FilterChainProxy$VirtualFilterChain.doFilter(FilterChainProxy.java:361)
	at org.springframework.security.web.servletapi.SecurityContextHolderAwareRequestFilter.doFilter(SecurityContextHolderAwareRequestFilter.java:164)
	at org.springframework.security.web.FilterChainProxy$VirtualFilterChain.doFilter(FilterChainProxy.java:361)
	at org.springframework.security.web.authentication.AbstractAuthenticationProcessingFilter.doFilter(AbstractAuthenticationProcessingFilter.java:227)
	at org.springframework.security.web.authentication.AbstractAuthenticationProcessingFilter.doFilter(AbstractAuthenticationProcessingFilter.java:221)
	at org.springframework.security.web.FilterChainProxy$VirtualFilterChain.doFilter(FilterChainProxy.java:361)
	at grails.plugin.springsecurity.web.authentication.logout.MutableLogoutFilter.doFilter(MutableLogoutFilter.groovy:62)
	at org.springframework.security.web.FilterChainProxy$VirtualFilterChain.doFilter(FilterChainProxy.java:361)
	at grails.plugin.springsecurity.web.SecurityRequestHolderFilter.doFilter(SecurityRequestHolderFilter.groovy:58)
	at org.springframework.security.web.FilterChainProxy$VirtualFilterChain.doFilter(FilterChainProxy.java:361)
	at javax.servlet.FilterChain$doFilter.call(Unknown Source)
	at com.k_int.okapi.springsecurity.OkapiAuthenticationFilter.successfulAuthentication(OkapiAuthenticationFilter.groovy:127)
	at org.springframework.security.web.authentication.AbstractAuthenticationProcessingFilter.doFilter(AbstractAuthenticationProcessingFilter.java:241)
	at org.springframework.security.web.authentication.AbstractAuthenticationProcessingFilter.doFilter(AbstractAuthenticationProcessingFilter.java:221)
	at org.springframework.security.web.FilterChainProxy$VirtualFilterChain.doFilter(FilterChainProxy.java:361)
	at org.springframework.security.web.FilterChainProxy.doFilterInternal(FilterChainProxy.java:225)
	at org.springframework.security.web.FilterChainProxy.doFilter(FilterChainProxy.java:190)
	at io.undertow.servlet.core.ManagedFilter.doFilter(ManagedFilter.java:67)
	at io.undertow.servlet.handlers.FilterHandler$FilterChainImpl.doFilter(FilterHandler.java:131)
	at org.grails.web.servlet.mvc.GrailsWebRequestFilter.doFilterInternal(GrailsWebRequestFilter.java:77)
	at org.springframework.web.filter.OncePerRequestFilter.doFilter(OncePerRequestFilter.java:117)
	at io.undertow.servlet.core.ManagedFilter.doFilter(ManagedFilter.java:67)
	at io.undertow.servlet.handlers.FilterHandler$FilterChainImpl.doFilter(FilterHandler.java:131)
	at org.grails.web.filters.HiddenHttpMethodFilter.doFilterInternal(HiddenHttpMethodFilter.java:67)
	at org.springframework.web.filter.OncePerRequestFilter.doFilter(OncePerRequestFilter.java:117)
	at io.undertow.servlet.core.ManagedFilter.doFilter(ManagedFilter.java:67)
	at io.undertow.servlet.handlers.FilterHandler$FilterChainImpl.doFilter(FilterHandler.java:131)
	at org.springframework.web.filter.CharacterEncodingFilter.doFilterInternal(CharacterEncodingFilter.java:201)
	at org.springframework.web.filter.OncePerRequestFilter.doFilter(OncePerRequestFilter.java:117)
	at io.undertow.servlet.core.ManagedFilter.doFilter(ManagedFilter.java:67)
	at io.undertow.servlet.handlers.FilterHandler$FilterChainImpl.doFilter(FilterHandler.java:131)
	at org.springframework.boot.actuate.metrics.web.servlet.WebMvcMetricsFilter.doFilterInternal(WebMvcMetricsFilter.java:96)
	at org.springframework.web.filter.OncePerRequestFilter.doFilter(OncePerRequestFilter.java:117)
	at io.undertow.servlet.core.ManagedFilter.doFilter(ManagedFilter.java:67)
	at io.undertow.servlet.handlers.FilterHandler$FilterChainImpl.doFilter(FilterHandler.java:131)
	at org.springframework.web.filter.CorsFilter.doFilterInternal(CorsFilter.java:91)
	at org.springframework.web.filter.OncePerRequestFilter.doFilter(OncePerRequestFilter.java:117)
	at io.undertow.servlet.core.ManagedFilter.doFilter(ManagedFilter.java:67)
	at io.undertow.servlet.handlers.FilterHandler$FilterChainImpl.doFilter(FilterHandler.java:131)
	at io.undertow.servlet.handlers.FilterHandler.handleRequest(FilterHandler.java:84)
	at io.undertow.servlet.handlers.security.ServletSecurityRoleHandler.handleRequest(ServletSecurityRoleHandler.java:62)
	at io.undertow.servlet.handlers.ServletChain$1.handleRequest(ServletChain.java:68)
	at io.undertow.servlet.handlers.ServletDispatchingHandler.handleRequest(ServletDispatchingHandler.java:36)
	at io.undertow.servlet.handlers.RedirectDirHandler.handleRequest(RedirectDirHandler.java:68)
	at io.undertow.servlet.handlers.security.SSLInformationAssociationHandler.handleRequest(SSLInformationAssociationHandler.java:117)
	at io.undertow.servlet.handlers.security.ServletAuthenticationCallHandler.handleRequest(ServletAuthenticationCallHandler.java:57)
	at io.undertow.server.handlers.PredicateHandler.handleRequest(PredicateHandler.java:43)
	at io.undertow.security.handlers.AbstractConfidentialityHandler.handleRequest(AbstractConfidentialityHandler.java:46)
	at io.undertow.servlet.handlers.security.ServletConfidentialityConstraintHandler.handleRequest(ServletConfidentialityConstraintHandler.java:64)
	at io.undertow.security.handlers.AuthenticationMechanismsHandler.handleRequest(AuthenticationMechanismsHandler.java:60)
	at io.undertow.servlet.handlers.security.CachedAuthenticatedSessionHandler.handleRequest(CachedAuthenticatedSessionHandler.java:75)
	at io.undertow.security.handlers.AbstractSecurityContextAssociationHandler.handleRequest(AbstractSecurityContextAssociationHandler.java:43)
	at io.undertow.server.handlers.PredicateHandler.handleRequest(PredicateHandler.java:43)
	at io.undertow.servlet.handlers.SendErrorPageHandler.handleRequest(SendErrorPageHandler.java:52)
	at io.undertow.server.handlers.PredicateHandler.handleRequest(PredicateHandler.java:43)
	at io.undertow.servlet.handlers.ServletInitialHandler.handleFirstRequest(ServletInitialHandler.java:270)
	at io.undertow.servlet.handlers.ServletInitialHandler.access$000(ServletInitialHandler.java:78)
	at io.undertow.servlet.handlers.ServletInitialHandler$1.call(ServletInitialHandler.java:129)
	at io.undertow.servlet.handlers.ServletInitialHandler$1.call(ServletInitialHandler.java:126)
	at io.undertow.servlet.core.ServletRequestContextThreadSetupAction$1.call(ServletRequestContextThreadSetupAction.java:48)
	at io.undertow.servlet.core.ContextClassLoaderSetupAction$1.call(ContextClassLoaderSetupAction.java:43)
	at io.undertow.servlet.handlers.ServletInitialHandler.dispatchRequest(ServletInitialHandler.java:250)
	at io.undertow.servlet.handlers.ServletInitialHandler.lambda$new$1(ServletInitialHandler.java:98)
	at io.undertow.server.Connectors.executeRootHandler(Connectors.java:395)
	at io.undertow.server.HttpServerExchange$1.run(HttpServerExchange.java:931)
	at org.jboss.threads.ContextHandler$1.runWith(ContextHandler.java:18)
	at org.jboss.threads.EnhancedQueueExecutor$Task.run(EnhancedQueueExecutor.java:2513)
	at org.jboss.threads.EnhancedQueueExecutor$ThreadBody.run(EnhancedQueueExecutor.java:1538)
	at org.xnio.XnioWorker$WorkerThreadFactory$1$1.run(XnioWorker.java:1282)
	at java.base/java.lang.Thread.run(Thread.java:840)

2026-07-21 07:21:14.339  ERROR  --- [  XNIO-1 task-2] StackTrace                               : Full Stack Trace:

org.springframework.dao.DataIntegrityViolationException: could not execute statement; SQL [n/a]; constraint [NumberGeneratorUniqueCode]; nested exception is org.hibernate.exception.ConstraintViolationException: could not execute statement
	at org.springframework.orm.hibernate5.SessionFactoryUtils.convertHibernateAccessException(SessionFactoryUtils.java:212)
	at org.grails.orm.hibernate.GrailsHibernateTemplate.doExecute(GrailsHibernateTemplate.java:305)
	at org.grails.orm.hibernate.GrailsHibernateTemplate.execute(GrailsHibernateTemplate.java:241)
	at org.grails.orm.hibernate.GrailsHibernateTemplate.execute(GrailsHibernateTemplate.java:120)
	at org.grails.orm.hibernate.AbstractHibernateGormInstanceApi.performSave(AbstractHibernateGormInstanceApi.groovy:247)
	at org.grails.orm.hibernate.AbstractHibernateGormInstanceApi.save(AbstractHibernateGormInstanceApi.groovy:164)
	at org.grails.datastore.gorm.GormEntity$Trait$Helper.save(GormEntity.groovy:153)
	at grails.rest.RestfulController.saveResource(RestfulController.groovy:297)
	at java.base/jdk.internal.reflect.NativeMethodAccessorImpl.invoke(NativeMethodAccessorImpl.java:77)
	at java.base/jdk.internal.reflect.DelegatingMethodAccessorImpl.invoke(DelegatingMethodAccessorImpl.java:43)
	at com.k_int.web.toolkit.rest.TenantAwareRestfulController.saveResource(TenantAwareRestfulController.groovy:87)
	at java.base/jdk.internal.reflect.NativeMethodAccessorImpl.invoke(NativeMethodAccessorImpl.java:77)
	at java.base/jdk.internal.reflect.DelegatingMethodAccessorImpl.invoke(DelegatingMethodAccessorImpl.java:43)
	at grails.rest.RestfulController.$tt__save(RestfulController.groovy:102)
	at java.base/jdk.internal.reflect.NativeMethodAccessorImpl.invoke(NativeMethodAccessorImpl.java:77)
	at java.base/jdk.internal.reflect.DelegatingMethodAccessorImpl.invoke(DelegatingMethodAccessorImpl.java:43)
	at java.base/jdk.internal.reflect.NativeMethodAccessorImpl.invoke(NativeMethodAccessorImpl.java:77)
	at java.base/jdk.internal.reflect.DelegatingMethodAccessorImpl.invoke(DelegatingMethodAccessorImpl.java:43)
	at grails.gorm.transactions.GrailsTransactionTemplate$2.doInTransaction(GrailsTransactionTemplate.groovy:94)
	at org.springframework.transaction.support.TransactionTemplate.execute(TransactionTemplate.java:140)
	at grails.gorm.transactions.GrailsTransactionTemplate.execute(GrailsTransactionTemplate.groovy:91)
	at java.base/jdk.internal.reflect.NativeMethodAccessorImpl.invoke(NativeMethodAccessorImpl.java:77)
	at java.base/jdk.internal.reflect.DelegatingMethodAccessorImpl.invoke(DelegatingMethodAccessorImpl.java:43)
	at com.k_int.web.toolkit.rest.TenantAwareRestfulController.$tt__tenantAwareRestfulController_save(TenantAwareRestfulController.groovy:42)
	at java.base/jdk.internal.reflect.NativeMethodAccessorImpl.invoke(NativeMethodAccessorImpl.java:77)
	at java.base/jdk.internal.reflect.DelegatingMethodAccessorImpl.invoke(DelegatingMethodAccessorImpl.java:43)
	at grails.gorm.transactions.GrailsTransactionTemplate$2.doInTransaction(GrailsTransactionTemplate.groovy:94)
	at org.springframework.transaction.support.TransactionTemplate.execute(TransactionTemplate.java:140)
	at grails.gorm.transactions.GrailsTransactionTemplate.execute(GrailsTransactionTemplate.groovy:91)
	at java.base/jdk.internal.reflect.NativeMethodAccessorImpl.invoke(NativeMethodAccessorImpl.java:77)
	at java.base/jdk.internal.reflect.DelegatingMethodAccessorImpl.invoke(DelegatingMethodAccessorImpl.java:43)
	at java.base/jdk.internal.reflect.NativeMethodAccessorImpl.invoke(NativeMethodAccessorImpl.java:77)
	at java.base/jdk.internal.reflect.DelegatingMethodAccessorImpl.invoke(DelegatingMethodAccessorImpl.java:43)
	at grails.gorm.multitenancy.Tenants$_withId_closure2$_closure6.doCall(Tenants.groovy:265)
	at org.grails.orm.hibernate.GrailsHibernateTemplate.doExecute(GrailsHibernateTemplate.java:297)
	at org.grails.orm.hibernate.GrailsHibernateTemplate.execute(GrailsHibernateTemplate.java:241)
	at org.grails.orm.hibernate.GrailsHibernateTemplate.executeWithNewSession(GrailsHibernateTemplate.java:153)
	at org.grails.orm.hibernate.GrailsHibernateTemplate.executeWithExistingOrCreateNewSession(GrailsHibernateTemplate.java:207)
	at org.grails.orm.hibernate.AbstractHibernateDatastore.withNewSession(AbstractHibernateDatastore.java:369)
	at grails.gorm.multitenancy.Tenants$_withId_closure2.doCall(Tenants.groovy:258)
	at grails.gorm.multitenancy.Tenants$CurrentTenant.withTenant(Tenants.groovy:358)
	at grails.gorm.multitenancy.Tenants.withId(Tenants.groovy:236)
	at org.grails.datastore.gorm.services.DefaultTenantService.withCurrent(DefaultTenantService.groovy:71)
	at org.grails.core.DefaultGrailsControllerClass$MethodHandleInvoker.invoke(DefaultGrailsControllerClass.java:223)
	at org.grails.core.DefaultGrailsControllerClass.invoke(DefaultGrailsControllerClass.java:188)
	at org.grails.web.mapping.mvc.UrlMappingsInfoHandlerAdapter.handle(UrlMappingsInfoHandlerAdapter.groovy:90)
	at org.springframework.web.servlet.DispatcherServlet.doDispatch(DispatcherServlet.java:1072)
	at org.springframework.web.servlet.DispatcherServlet.doService(DispatcherServlet.java:965)
	at org.springframework.web.servlet.FrameworkServlet.processRequest(FrameworkServlet.java:1006)
	at org.springframework.web.servlet.FrameworkServlet.doPost(FrameworkServlet.java:909)
	at org.springframework.web.servlet.FrameworkServlet.service(FrameworkServlet.java:883)
	at io.undertow.servlet.handlers.ServletHandler.handleRequest(ServletHandler.java:74)
	at io.undertow.servlet.handlers.FilterHandler$FilterChainImpl.doFilter(FilterHandler.java:129)
	at org.springframework.security.web.FilterChainProxy$VirtualFilterChain.doFilter(FilterChainProxy.java:352)
	at org.springframework.security.web.access.intercept.FilterSecurityInterceptor.invoke(FilterSecurityInterceptor.java:117)
	at org.springframework.security.web.access.intercept.FilterSecurityInterceptor.doFilter(FilterSecurityInterceptor.java:83)
	at org.springframework.security.web.FilterChainProxy$VirtualFilterChain.doFilter(FilterChainProxy.java:361)
	at org.springframework.security.web.access.ExceptionTranslationFilter.doFilter(ExceptionTranslationFilter.java:126)
	at org.springframework.security.web.access.ExceptionTranslationFilter.doFilter(ExceptionTranslationFilter.java:120)
	at grails.plugin.springsecurity.web.UpdateRequestContextHolderExceptionTranslationFilter.doFilter(UpdateRequestContextHolderExceptionTranslationFilter.groovy:64)
	at org.springframework.security.web.FilterChainProxy$VirtualFilterChain.doFilter(FilterChainProxy.java:361)
	at org.springframework.security.web.FilterChainProxy$VirtualFilterChain.doFilter(FilterChainProxy.java:361)
	at grails.plugin.springsecurity.web.filter.GrailsAnonymousAuthenticationFilter.doFilter(GrailsAnonymousAuthenticationFilter.groovy:52)
	at org.springframework.security.web.FilterChainProxy$VirtualFilterChain.doFilter(FilterChainProxy.java:361)
	at org.springframework.security.web.servletapi.SecurityContextHolderAwareRequestFilter.doFilter(SecurityContextHolderAwareRequestFilter.java:164)
	at org.springframework.security.web.FilterChainProxy$VirtualFilterChain.doFilter(FilterChainProxy.java:361)
	at org.springframework.security.web.authentication.AbstractAuthenticationProcessingFilter.doFilter(AbstractAuthenticationProcessingFilter.java:227)
	at org.springframework.security.web.authentication.AbstractAuthenticationProcessingFilter.doFilter(AbstractAuthenticationProcessingFilter.java:221)
	at org.springframework.security.web.FilterChainProxy$VirtualFilterChain.doFilter(FilterChainProxy.java:361)
	at grails.plugin.springsecurity.web.authentication.logout.MutableLogoutFilter.doFilter(MutableLogoutFilter.groovy:62)
	at org.springframework.security.web.FilterChainProxy$VirtualFilterChain.doFilter(FilterChainProxy.java:361)
	at grails.plugin.springsecurity.web.SecurityRequestHolderFilter.doFilter(SecurityRequestHolderFilter.groovy:58)
	at org.springframework.security.web.FilterChainProxy$VirtualFilterChain.doFilter(FilterChainProxy.java:361)
	at com.k_int.okapi.springsecurity.OkapiAuthenticationFilter.successfulAuthentication(OkapiAuthenticationFilter.groovy:127)
	at org.springframework.security.web.authentication.AbstractAuthenticationProcessingFilter.doFilter(AbstractAuthenticationProcessingFilter.java:241)
	at org.springframework.security.web.authentication.AbstractAuthenticationProcessingFilter.doFilter(AbstractAuthenticationProcessingFilter.java:221)
	at org.springframework.security.web.FilterChainProxy$VirtualFilterChain.doFilter(FilterChainProxy.java:361)
	at org.springframework.security.web.FilterChainProxy.doFilterInternal(FilterChainProxy.java:225)
	at org.springframework.security.web.FilterChainProxy.doFilter(FilterChainProxy.java:190)
	at io.undertow.servlet.core.ManagedFilter.doFilter(ManagedFilter.java:67)
	at io.undertow.servlet.handlers.FilterHandler$FilterChainImpl.doFilter(FilterHandler.java:131)
	at org.grails.web.servlet.mvc.GrailsWebRequestFilter.doFilterInternal(GrailsWebRequestFilter.java:77)
	at io.undertow.servlet.core.ManagedFilter.doFilter(ManagedFilter.java:67)
	at io.undertow.servlet.handlers.FilterHandler$FilterChainImpl.doFilter(FilterHandler.java:131)
	at org.grails.web.filters.HiddenHttpMethodFilter.doFilterInternal(HiddenHttpMethodFilter.java:67)
	at io.undertow.servlet.core.ManagedFilter.doFilter(ManagedFilter.java:67)
	at io.undertow.servlet.handlers.FilterHandler$FilterChainImpl.doFilter(FilterHandler.java:131)
	at io.undertow.servlet.core.ManagedFilter.doFilter(ManagedFilter.java:67)
	at io.undertow.servlet.handlers.FilterHandler$FilterChainImpl.doFilter(FilterHandler.java:131)
	at io.undertow.servlet.core.ManagedFilter.doFilter(ManagedFilter.java:67)
	at io.undertow.servlet.handlers.FilterHandler$FilterChainImpl.doFilter(FilterHandler.java:131)
	at io.undertow.servlet.core.ManagedFilter.doFilter(ManagedFilter.java:67)
	at io.undertow.servlet.handlers.FilterHandler$FilterChainImpl.doFilter(FilterHandler.java:131)
	at io.undertow.servlet.handlers.FilterHandler.handleRequest(FilterHandler.java:84)
	at io.undertow.servlet.handlers.security.ServletSecurityRoleHandler.handleRequest(ServletSecurityRoleHandler.java:62)
	at io.undertow.servlet.handlers.ServletChain$1.handleRequest(ServletChain.java:68)
	at io.undertow.servlet.handlers.ServletDispatchingHandler.handleRequest(ServletDispatchingHandler.java:36)
	at io.undertow.servlet.handlers.RedirectDirHandler.handleRequest(RedirectDirHandler.java:68)
	at io.undertow.servlet.handlers.security.SSLInformationAssociationHandler.handleRequest(SSLInformationAssociationHandler.java:117)
	at io.undertow.servlet.handlers.security.ServletAuthenticationCallHandler.handleRequest(ServletAuthenticationCallHandler.java:57)
	at io.undertow.server.handlers.PredicateHandler.handleRequest(PredicateHandler.java:43)
	at io.undertow.security.handlers.AbstractConfidentialityHandler.handleRequest(AbstractConfidentialityHandler.java:46)
	at io.undertow.servlet.handlers.security.ServletConfidentialityConstraintHandler.handleRequest(ServletConfidentialityConstraintHandler.java:64)
	at io.undertow.security.handlers.AuthenticationMechanismsHandler.handleRequest(AuthenticationMechanismsHandler.java:60)
	at io.undertow.servlet.handlers.security.CachedAuthenticatedSessionHandler.handleRequest(CachedAuthenticatedSessionHandler.java:75)
	at io.undertow.security.handlers.AbstractSecurityContextAssociationHandler.handleRequest(AbstractSecurityContextAssociationHandler.java:43)
	at io.undertow.server.handlers.PredicateHandler.handleRequest(PredicateHandler.java:43)
	at io.undertow.servlet.handlers.SendErrorPageHandler.handleRequest(SendErrorPageHandler.java:52)
	at io.undertow.server.handlers.PredicateHandler.handleRequest(PredicateHandler.java:43)
	at io.undertow.servlet.handlers.ServletInitialHandler.handleFirstRequest(ServletInitialHandler.java:270)
	at io.undertow.servlet.handlers.ServletInitialHandler.access$000(ServletInitialHandler.java:78)
	at io.undertow.servlet.handlers.ServletInitialHandler$1.call(ServletInitialHandler.java:129)
	at io.undertow.servlet.handlers.ServletInitialHandler$1.call(ServletInitialHandler.java:126)
	at io.undertow.servlet.core.ServletRequestContextThreadSetupAction$1.call(ServletRequestContextThreadSetupAction.java:48)
	at io.undertow.servlet.core.ContextClassLoaderSetupAction$1.call(ContextClassLoaderSetupAction.java:43)
	at io.undertow.servlet.handlers.ServletInitialHandler.dispatchRequest(ServletInitialHandler.java:250)
	at io.undertow.servlet.handlers.ServletInitialHandler.lambda$new$1(ServletInitialHandler.java:98)
	at io.undertow.server.Connectors.executeRootHandler(Connectors.java:395)
	at io.undertow.server.HttpServerExchange$1.run(HttpServerExchange.java:931)
	at org.jboss.threads.ContextHandler$1.runWith(ContextHandler.java:18)
	at org.jboss.threads.EnhancedQueueExecutor$Task.run(EnhancedQueueExecutor.java:2513)
	at org.jboss.threads.EnhancedQueueExecutor$ThreadBody.run(EnhancedQueueExecutor.java:1538)
	at org.xnio.XnioWorker$WorkerThreadFactory$1$1.run(XnioWorker.java:1282)
	at java.base/java.lang.Thread.run(Thread.java:840)
Caused by: org.hibernate.exception.ConstraintViolationException: could not execute statement
	at org.hibernate.exception.internal.SQLStateConversionDelegate.convert(SQLStateConversionDelegate.java:109)
	at org.hibernate.exception.internal.StandardSQLExceptionConverter.convert(StandardSQLExceptionConverter.java:37)
	at org.hibernate.engine.jdbc.spi.SqlExceptionHelper.convert(SqlExceptionHelper.java:113)
	at org.hibernate.engine.jdbc.spi.SqlExceptionHelper.convert(SqlExceptionHelper.java:99)
	at org.hibernate.engine.jdbc.internal.ResultSetReturnImpl.executeUpdate(ResultSetReturnImpl.java:200)
	at org.hibernate.engine.jdbc.batch.internal.NonBatchingBatch.addToBatch(NonBatchingBatch.java:46)
	at org.hibernate.persister.entity.AbstractEntityPersister.insert(AbstractEntityPersister.java:3375)
	at org.hibernate.persister.entity.AbstractEntityPersister.insert(AbstractEntityPersister.java:3937)
	at org.hibernate.action.internal.EntityInsertAction.execute(EntityInsertAction.java:107)
	at org.hibernate.engine.spi.ActionQueue.executeActions(ActionQueue.java:604)
	at org.hibernate.engine.spi.ActionQueue.lambda$executeActions$1(ActionQueue.java:478)
	at java.base/java.util.LinkedHashMap.forEach(LinkedHashMap.java:721)
	at org.hibernate.engine.spi.ActionQueue.executeActions(ActionQueue.java:475)
	at org.hibernate.event.internal.AbstractFlushingEventListener.performExecutions(AbstractFlushingEventListener.java:344)
	at org.hibernate.event.internal.DefaultFlushEventListener.onFlush(DefaultFlushEventListener.java:40)
	at org.hibernate.event.service.internal.EventListenerGroupImpl.fireEventOnEachListener(EventListenerGroupImpl.java:107)
	at org.hibernate.internal.SessionImpl.doFlush(SessionImpl.java:1407)
	at org.hibernate.internal.SessionImpl.flush(SessionImpl.java:1394)
	at org.grails.orm.hibernate.AbstractHibernateGormInstanceApi.flushSession(AbstractHibernateGormInstanceApi.groovy:285)
	at java.base/jdk.internal.reflect.DelegatingMethodAccessorImpl.invoke(DelegatingMethodAccessorImpl.java:43)
	at org.grails.orm.hibernate.AbstractHibernateGormInstanceApi$_performSave_closure3.doCall(AbstractHibernateGormInstanceApi.groovy:250)
	at java.base/jdk.internal.reflect.DelegatingMethodAccessorImpl.invoke(DelegatingMethodAccessorImpl.java:43)
	at org.grails.orm.hibernate.GrailsHibernateTemplate.doExecute(GrailsHibernateTemplate.java:297)
	... 122 common frames omitted
Caused by: org.postgresql.util.PSQLException: ERROR: duplicate key value violates unique constraint "NumberGeneratorUniqueCode"
  Detail: Key (ng_code)=(m4gen) already exists.
	at org.postgresql.core.v3.QueryExecutorImpl.receiveErrorResponse(QueryExecutorImpl.java:2904)
	at org.postgresql.core.v3.QueryExecutorImpl.processResults(QueryExecutorImpl.java:2589)
	at org.postgresql.core.v3.QueryExecutorImpl.execute(QueryExecutorImpl.java:431)
	at org.postgresql.jdbc.PgStatement.executeInternal(PgStatement.java:534)
	at org.postgresql.jdbc.PgStatement.execute(PgStatement.java:437)
	at org.postgresql.jdbc.PgPreparedStatement.executeWithFlags(PgPreparedStatement.java:196)
	at org.postgresql.jdbc.PgPreparedStatement.executeUpdate(PgPreparedStatement.java:157)
	at com.zaxxer.hikari.pool.ProxyPreparedStatement.executeUpdate(ProxyPreparedStatement.java:61)
	at org.hibernate.engine.jdbc.internal.ResultSetReturnImpl.executeUpdate(ResultSetReturnImpl.java:197)
	... 140 common frames omitted

2026-07-21 07:21:14.354  ERROR  --- [  XNIO-1 task-2] o.g.web.errors.GrailsExceptionResolver   : PSQLException occurred when processing request: [POST] /servint/numberGenerators
ERROR: duplicate key value violates unique constraint "NumberGeneratorUniqueCode"
  Detail: Key (ng_code)=(m4gen) already exists.. Stacktrace follows:

org.springframework.dao.DataIntegrityViolationException: could not execute statement; SQL [n/a]; constraint [NumberGeneratorUniqueCode]; nested exception is org.hibernate.exception.ConstraintViolationException: could not execute statement
	at org.springframework.orm.hibernate5.SessionFactoryUtils.convertHibernateAccessException(SessionFactoryUtils.java:212)
	at org.grails.orm.hibernate.GrailsHibernateTemplate.doExecute(GrailsHibernateTemplate.java:305)
	at org.grails.orm.hibernate.GrailsHibernateTemplate.execute(GrailsHibernateTemplate.java:241)
	at org.grails.orm.hibernate.GrailsHibernateTemplate.execute(GrailsHibernateTemplate.java:120)
	at org.grails.orm.hibernate.AbstractHibernateGormInstanceApi.performSave(AbstractHibernateGormInstanceApi.groovy:247)
	at org.grails.orm.hibernate.AbstractHibernateGormInstanceApi.save(AbstractHibernateGormInstanceApi.groovy:164)
	at org.grails.datastore.gorm.GormEntity$Trait$Helper.save(GormEntity.groovy:153)
	at grails.rest.RestfulController.saveResource(RestfulController.groovy:297)
	at java.base/jdk.internal.reflect.NativeMethodAccessorImpl.invoke(NativeMethodAccessorImpl.java:77)
	at java.base/jdk.internal.reflect.DelegatingMethodAccessorImpl.invoke(DelegatingMethodAccessorImpl.java:43)
	at com.k_int.web.toolkit.rest.TenantAwareRestfulController.saveResource(TenantAwareRestfulController.groovy:87)
	at java.base/jdk.internal.reflect.NativeMethodAccessorImpl.invoke(NativeMethodAccessorImpl.java:77)
	at java.base/jdk.internal.reflect.DelegatingMethodAccessorImpl.invoke(DelegatingMethodAccessorImpl.java:43)
	at grails.rest.RestfulController.$tt__save(RestfulController.groovy:102)
	at java.base/jdk.internal.reflect.NativeMethodAccessorImpl.invoke(NativeMethodAccessorImpl.java:77)
	at java.base/jdk.internal.reflect.DelegatingMethodAccessorImpl.invoke(DelegatingMethodAccessorImpl.java:43)
	at java.base/jdk.internal.reflect.NativeMethodAccessorImpl.invoke(NativeMethodAccessorImpl.java:77)
	at java.base/jdk.internal.reflect.DelegatingMethodAccessorImpl.invoke(DelegatingMethodAccessorImpl.java:43)
	at grails.gorm.transactions.GrailsTransactionTemplate$2.doInTransaction(GrailsTransactionTemplate.groovy:94)
	at org.springframework.transaction.support.TransactionTemplate.execute(TransactionTemplate.java:140)
	at grails.gorm.transactions.GrailsTransactionTemplate.execute(GrailsTransactionTemplate.groovy:91)
	at java.base/jdk.internal.reflect.NativeMethodAccessorImpl.invoke(NativeMethodAccessorImpl.java:77)
	at java.base/jdk.internal.reflect.DelegatingMethodAccessorImpl.invoke(DelegatingMethodAccessorImpl.java:43)
	at com.k_int.web.toolkit.rest.TenantAwareRestfulController.$tt__tenantAwareRestfulController_save(TenantAwareRestfulController.groovy:42)
	at java.base/jdk.internal.reflect.NativeMethodAccessorImpl.invoke(NativeMethodAccessorImpl.java:77)
	at java.base/jdk.internal.reflect.DelegatingMethodAccessorImpl.invoke(DelegatingMethodAccessorImpl.java:43)
	at grails.gorm.transactions.GrailsTransactionTemplate$2.doInTransaction(GrailsTransactionTemplate.groovy:94)
	at org.springframework.transaction.support.TransactionTemplate.execute(TransactionTemplate.java:140)
	at grails.gorm.transactions.GrailsTransactionTemplate.execute(GrailsTransactionTemplate.groovy:91)
	at java.base/jdk.internal.reflect.NativeMethodAccessorImpl.invoke(NativeMethodAccessorImpl.java:77)
	at java.base/jdk.internal.reflect.DelegatingMethodAccessorImpl.invoke(DelegatingMethodAccessorImpl.java:43)
	at java.base/jdk.internal.reflect.NativeMethodAccessorImpl.invoke(NativeMethodAccessorImpl.java:77)
	at java.base/jdk.internal.reflect.DelegatingMethodAccessorImpl.invoke(DelegatingMethodAccessorImpl.java:43)
	at grails.gorm.multitenancy.Tenants$_withId_closure2$_closure6.doCall(Tenants.groovy:265)
	at org.grails.orm.hibernate.GrailsHibernateTemplate.doExecute(GrailsHibernateTemplate.java:297)
	at org.grails.orm.hibernate.GrailsHibernateTemplate.execute(GrailsHibernateTemplate.java:241)
	at org.grails.orm.hibernate.GrailsHibernateTemplate.executeWithNewSession(GrailsHibernateTemplate.java:153)
	at org.grails.orm.hibernate.GrailsHibernateTemplate.executeWithExistingOrCreateNewSession(GrailsHibernateTemplate.java:207)
	at org.grails.orm.hibernate.AbstractHibernateDatastore.withNewSession(AbstractHibernateDatastore.java:369)
	at grails.gorm.multitenancy.Tenants$_withId_closure2.doCall(Tenants.groovy:258)
	at grails.gorm.multitenancy.Tenants$CurrentTenant.withTenant(Tenants.groovy:358)
	at grails.gorm.multitenancy.Tenants.withId(Tenants.groovy:236)
	at org.grails.datastore.gorm.services.DefaultTenantService.withCurrent(DefaultTenantService.groovy:71)
	at org.grails.core.DefaultGrailsControllerClass$MethodHandleInvoker.invoke(DefaultGrailsControllerClass.java:223)
	at org.grails.core.DefaultGrailsControllerClass.invoke(DefaultGrailsControllerClass.java:188)
	at org.grails.web.mapping.mvc.UrlMappingsInfoHandlerAdapter.handle(UrlMappingsInfoHandlerAdapter.groovy:90)
	at org.springframework.web.servlet.DispatcherServlet.doDispatch(DispatcherServlet.java:1072)
	at org.springframework.web.servlet.DispatcherServlet.doService(DispatcherServlet.java:965)
	at org.springframework.web.servlet.FrameworkServlet.processRequest(FrameworkServlet.java:1006)
	at org.springframework.web.servlet.FrameworkServlet.doPost(FrameworkServlet.java:909)
	at org.springframework.web.servlet.FrameworkServlet.service(FrameworkServlet.java:883)
	at io.undertow.servlet.handlers.ServletHandler.handleRequest(ServletHandler.java:74)
	at io.undertow.servlet.handlers.FilterHandler$FilterChainImpl.doFilter(FilterHandler.java:129)
	at org.springframework.security.web.FilterChainProxy$VirtualFilterChain.doFilter(FilterChainProxy.java:352)
	at org.springframework.security.web.access.intercept.FilterSecurityInterceptor.invoke(FilterSecurityInterceptor.java:117)
	at org.springframework.security.web.access.intercept.FilterSecurityInterceptor.doFilter(FilterSecurityInterceptor.java:83)
	at org.springframework.security.web.FilterChainProxy$VirtualFilterChain.doFilter(FilterChainProxy.java:361)
	at org.springframework.security.web.access.ExceptionTranslationFilter.doFilter(ExceptionTranslationFilter.java:126)
	at org.springframework.security.web.access.ExceptionTranslationFilter.doFilter(ExceptionTranslationFilter.java:120)
	at grails.plugin.springsecurity.web.UpdateRequestContextHolderExceptionTranslationFilter.doFilter(UpdateRequestContextHolderExceptionTranslationFilter.groovy:64)
	at org.springframework.security.web.FilterChainProxy$VirtualFilterChain.doFilter(FilterChainProxy.java:361)
	at org.springframework.security.web.FilterChainProxy$VirtualFilterChain.doFilter(FilterChainProxy.java:361)
	at grails.plugin.springsecurity.web.filter.GrailsAnonymousAuthenticationFilter.doFilter(GrailsAnonymousAuthenticationFilter.groovy:52)
	at org.springframework.security.web.FilterChainProxy$VirtualFilterChain.doFilter(FilterChainProxy.java:361)
	at org.springframework.security.web.servletapi.SecurityContextHolderAwareRequestFilter.doFilter(SecurityContextHolderAwareRequestFilter.java:164)
	at org.springframework.security.web.FilterChainProxy$VirtualFilterChain.doFilter(FilterChainProxy.java:361)
	at org.springframework.security.web.authentication.AbstractAuthenticationProcessingFilter.doFilter(AbstractAuthenticationProcessingFilter.java:227)
	at org.springframework.security.web.authentication.AbstractAuthenticationProcessingFilter.doFilter(AbstractAuthenticationProcessingFilter.java:221)
	at org.springframework.security.web.FilterChainProxy$VirtualFilterChain.doFilter(FilterChainProxy.java:361)
	at grails.plugin.springsecurity.web.authentication.logout.MutableLogoutFilter.doFilter(MutableLogoutFilter.groovy:62)
	at org.springframework.security.web.FilterChainProxy$VirtualFilterChain.doFilter(FilterChainProxy.java:361)
	at grails.plugin.springsecurity.web.SecurityRequestHolderFilter.doFilter(SecurityRequestHolderFilter.groovy:58)
	at org.springframework.security.web.FilterChainProxy$VirtualFilterChain.doFilter(FilterChainProxy.java:361)
	at com.k_int.okapi.springsecurity.OkapiAuthenticationFilter.successfulAuthentication(OkapiAuthenticationFilter.groovy:127)
	at org.springframework.security.web.authentication.AbstractAuthenticationProcessingFilter.doFilter(AbstractAuthenticationProcessingFilter.java:241)
	at org.springframework.security.web.authentication.AbstractAuthenticationProcessingFilter.doFilter(AbstractAuthenticationProcessingFilter.java:221)
	at org.springframework.security.web.FilterChainProxy$VirtualFilterChain.doFilter(FilterChainProxy.java:361)
	at org.springframework.security.web.FilterChainProxy.doFilterInternal(FilterChainProxy.java:225)
	at org.springframework.security.web.FilterChainProxy.doFilter(FilterChainProxy.java:190)
	at io.undertow.servlet.core.ManagedFilter.doFilter(ManagedFilter.java:67)
	at io.undertow.servlet.handlers.FilterHandler$FilterChainImpl.doFilter(FilterHandler.java:131)
	at org.grails.web.servlet.mvc.GrailsWebRequestFilter.doFilterInternal(GrailsWebRequestFilter.java:77)
	at io.undertow.servlet.core.ManagedFilter.doFilter(ManagedFilter.java:67)
	at io.undertow.servlet.handlers.FilterHandler$FilterChainImpl.doFilter(FilterHandler.java:131)
	at org.grails.web.filters.HiddenHttpMethodFilter.doFilterInternal(HiddenHttpMethodFilter.java:67)
	at io.undertow.servlet.core.ManagedFilter.doFilter(ManagedFilter.java:67)
	at io.undertow.servlet.handlers.FilterHandler$FilterChainImpl.doFilter(FilterHandler.java:131)
	at io.undertow.servlet.core.ManagedFilter.doFilter(ManagedFilter.java:67)
	at io.undertow.servlet.handlers.FilterHandler$FilterChainImpl.doFilter(FilterHandler.java:131)
	at io.undertow.servlet.core.ManagedFilter.doFilter(ManagedFilter.java:67)
	at io.undertow.servlet.handlers.FilterHandler$FilterChainImpl.doFilter(FilterHandler.java:131)
	at io.undertow.servlet.core.ManagedFilter.doFilter(ManagedFilter.java:67)
	at io.undertow.servlet.handlers.FilterHandler$FilterChainImpl.doFilter(FilterHandler.java:131)
	at io.undertow.servlet.handlers.FilterHandler.handleRequest(FilterHandler.java:84)
	at io.undertow.servlet.handlers.security.ServletSecurityRoleHandler.handleRequest(ServletSecurityRoleHandler.java:62)
	at io.undertow.servlet.handlers.ServletChain$1.handleRequest(ServletChain.java:68)
	at io.undertow.servlet.handlers.ServletDispatchingHandler.handleRequest(ServletDispatchingHandler.java:36)
	at io.undertow.servlet.handlers.RedirectDirHandler.handleRequest(RedirectDirHandler.java:68)
	at io.undertow.servlet.handlers.security.SSLInformationAssociationHandler.handleRequest(SSLInformationAssociationHandler.java:117)
	at io.undertow.servlet.handlers.security.ServletAuthenticationCallHandler.handleRequest(ServletAuthenticationCallHandler.java:57)
	at io.undertow.server.handlers.PredicateHandler.handleRequest(PredicateHandler.java:43)
	at io.undertow.security.handlers.AbstractConfidentialityHandler.handleRequest(AbstractConfidentialityHandler.java:46)
	at io.undertow.servlet.handlers.security.ServletConfidentialityConstraintHandler.handleRequest(ServletConfidentialityConstraintHandler.java:64)
	at io.undertow.security.handlers.AuthenticationMechanismsHandler.handleRequest(AuthenticationMechanismsHandler.java:60)
	at io.undertow.servlet.handlers.security.CachedAuthenticatedSessionHandler.handleRequest(CachedAuthenticatedSessionHandler.java:75)
	at io.undertow.security.handlers.AbstractSecurityContextAssociationHandler.handleRequest(AbstractSecurityContextAssociationHandler.java:43)
	at io.undertow.server.handlers.PredicateHandler.handleRequest(PredicateHandler.java:43)
	at io.undertow.servlet.handlers.SendErrorPageHandler.handleRequest(SendErrorPageHandler.java:52)
	at io.undertow.server.handlers.PredicateHandler.handleRequest(PredicateHandler.java:43)
	at io.undertow.servlet.handlers.ServletInitialHandler.handleFirstRequest(ServletInitialHandler.java:270)
	at io.undertow.servlet.handlers.ServletInitialHandler.access$000(ServletInitialHandler.java:78)
	at io.undertow.servlet.handlers.ServletInitialHandler$1.call(ServletInitialHandler.java:129)
	at io.undertow.servlet.handlers.ServletInitialHandler$1.call(ServletInitialHandler.java:126)
	at io.undertow.servlet.core.ServletRequestContextThreadSetupAction$1.call(ServletRequestContextThreadSetupAction.java:48)
	at io.undertow.servlet.core.ContextClassLoaderSetupAction$1.call(ContextClassLoaderSetupAction.java:43)
	at io.undertow.servlet.handlers.ServletInitialHandler.dispatchRequest(ServletInitialHandler.java:250)
	at io.undertow.servlet.handlers.ServletInitialHandler.lambda$new$1(ServletInitialHandler.java:98)
	at io.undertow.server.Connectors.executeRootHandler(Connectors.java:395)
	at io.undertow.server.HttpServerExchange$1.run(HttpServerExchange.java:931)
	at org.jboss.threads.ContextHandler$1.runWith(ContextHandler.java:18)
	at org.jboss.threads.EnhancedQueueExecutor$Task.run(EnhancedQueueExecutor.java:2513)
	at org.jboss.threads.EnhancedQueueExecutor$ThreadBody.run(EnhancedQueueExecutor.java:1538)
	at org.xnio.XnioWorker$WorkerThreadFactory$1$1.run(XnioWorker.java:1282)
	at java.base/java.lang.Thread.run(Thread.java:840)
Caused by: org.hibernate.exception.ConstraintViolationException: could not execute statement
	at org.hibernate.exception.internal.SQLStateConversionDelegate.convert(SQLStateConversionDelegate.java:109)
	at org.hibernate.exception.internal.StandardSQLExceptionConverter.convert(StandardSQLExceptionConverter.java:37)
	at org.hibernate.engine.jdbc.spi.SqlExceptionHelper.convert(SqlExceptionHelper.java:113)
	at org.hibernate.engine.jdbc.spi.SqlExceptionHelper.convert(SqlExceptionHelper.java:99)
	at org.hibernate.engine.jdbc.internal.ResultSetReturnImpl.executeUpdate(ResultSetReturnImpl.java:200)
	at org.hibernate.engine.jdbc.batch.internal.NonBatchingBatch.addToBatch(NonBatchingBatch.java:46)
	at org.hibernate.persister.entity.AbstractEntityPersister.insert(AbstractEntityPersister.java:3375)
	at org.hibernate.persister.entity.AbstractEntityPersister.insert(AbstractEntityPersister.java:3937)
	at org.hibernate.action.internal.EntityInsertAction.execute(EntityInsertAction.java:107)
	at org.hibernate.engine.spi.ActionQueue.executeActions(ActionQueue.java:604)
	at org.hibernate.engine.spi.ActionQueue.lambda$executeActions$1(ActionQueue.java:478)
	at java.base/java.util.LinkedHashMap.forEach(LinkedHashMap.java:721)
	at org.hibernate.engine.spi.ActionQueue.executeActions(ActionQueue.java:475)
	at org.hibernate.event.internal.AbstractFlushingEventListener.performExecutions(AbstractFlushingEventListener.java:344)
	at org.hibernate.event.internal.DefaultFlushEventListener.onFlush(DefaultFlushEventListener.java:40)
	at org.hibernate.event.service.internal.EventListenerGroupImpl.fireEventOnEachListener(EventListenerGroupImpl.java:107)
	at org.hibernate.internal.SessionImpl.doFlush(SessionImpl.java:1407)
	at org.hibernate.internal.SessionImpl.flush(SessionImpl.java:1394)
	at org.grails.orm.hibernate.AbstractHibernateGormInstanceApi.flushSession(AbstractHibernateGormInstanceApi.groovy:285)
	at java.base/jdk.internal.reflect.DelegatingMethodAccessorImpl.invoke(DelegatingMethodAccessorImpl.java:43)
	at org.grails.orm.hibernate.AbstractHibernateGormInstanceApi$_performSave_closure3.doCall(AbstractHibernateGormInstanceApi.groovy:250)
	at java.base/jdk.internal.reflect.DelegatingMethodAccessorImpl.invoke(DelegatingMethodAccessorImpl.java:43)
	at org.grails.orm.hibernate.GrailsHibernateTemplate.doExecute(GrailsHibernateTemplate.java:297)
	... 122 common frames omitted
Caused by: org.postgresql.util.PSQLException: ERROR: duplicate key value violates unique constraint "NumberGeneratorUniqueCode"
  Detail: Key (ng_code)=(m4gen) already exists.
	at org.postgresql.core.v3.QueryExecutorImpl.receiveErrorResponse(QueryExecutorImpl.java:2904)
	at org.postgresql.core.v3.QueryExecutorImpl.processResults(QueryExecutorImpl.java:2589)
	at org.postgresql.core.v3.QueryExecutorImpl.execute(QueryExecutorImpl.java:431)
	at org.postgresql.jdbc.PgStatement.executeInternal(PgStatement.java:534)
	at org.postgresql.jdbc.PgStatement.execute(PgStatement.java:437)
	at org.postgresql.jdbc.PgPreparedStatement.executeWithFlags(PgPreparedStatement.java:196)
	at org.postgresql.jdbc.PgPreparedStatement.executeUpdate(PgPreparedStatement.java:157)
	at com.zaxxer.hikari.pool.ProxyPreparedStatement.executeUpdate(ProxyPreparedStatement.java:61)
	at org.hibernate.engine.jdbc.internal.ResultSetReturnImpl.executeUpdate(ResultSetReturnImpl.java:197)
	... 140 common frames omitted

2026-07-21 07:21:24.251   INFO  --- [pool-1-thread-1] com.k_int.okapi.OkapiTenantAdminService  : Skipping this run. Only runs every 3 ticks...
